"Status","Year","Function_of_post","Region_london","Responsibility_level_grouped","Headcount","FTE","Mean_salary","Median_salary"
"In post","2023","Analysis","London","AA/AO","75","75","24630","23500"
"In post","2023","Analysis","London","EO","355","350","29790","29660"
"In post","2023","Analysis","London","G6/G7","1770","1700","63720","61260"
"In post","2023","Analysis","London","SCS level","165","155","91420","83400"
"In post","2023","Analysis","London","SEO/HEO","2055","2020","39730","39150"
"In post","2023","Analysis","London","Unknown","[c]","[c]","[c]","[c]"
"In post","2023","Analysis","Outside London","AA/AO","160","155","22140","22150"
"In post","2023","Analysis","Outside London","EO","555","525","26480","25970"
"In post","2023","Analysis","Outside London","G6/G7","1725","1640","56030","53190"
"In post","2023","Analysis","Outside London","SCS level","50","50","82330","75640"
"In post","2023","Analysis","Outside London","SEO/HEO","3405","3285","36130","37270"
"In post","2023","Analysis","Overseas","G6/G7","[c]","[c]","[c]","[c]"
"In post","2023","Analysis","Overseas","SEO/HEO","[c]","[c]","[c]","[c]"
"In post","2023","Analysis","Unknown","EO","[c]","[c]","[c]","[c]"
"In post","2023","Analysis","Unknown","G6/G7","[c]","[c]","[c]","[c]"
"In post","2023","Analysis","Unknown","SEO/HEO","[c]","[c]","[c]","[c]"
"In post","2023","Commercial","London","AA/AO","35","35","24520","23850"
"In post","2023","Commercial","London","EO","120","115","30320","30120"
"In post","2023","Commercial","London","G6/G7","850","840","65820","65500"
"In post","2023","Commercial","London","SCS level","160","160","121540","117940"
"In post","2023","Commercial","London","SEO/HEO","640","630","39940","41060"
"In post","2023","Commercial","London","Unknown","[c]","[c]","[c]","[c]"
"In post","2023","Commercial","Outside London","AA/AO","320","300","23530","22500"
"In post","2023","Commercial","Outside London","EO","620","590","27240","27080"
"In post","2023","Commercial","Outside London","G6/G7","1520","1475","61810","58820"
"In post","2023","Commercial","Outside London","SCS level","130","130","107500","101040"
"In post","2023","Commercial","Outside London","SEO/HEO","2675","2590","37620","37680"
"In post","2023","Commercial","Outside London","Unknown","165","160","42980","42620"
"In post","2023","Commercial","Overseas","EO","[c]","[c]","[c]","[c]"
"In post","2023","Commercial","Overseas","G6/G7","10","10","78870","85900"
"In post","2023","Commercial","Overseas","SCS level","[c]","[c]","[c]","[c]"
"In post","2023","Commercial","Overseas","SEO/HEO","15","15","59390","58690"
"In post","2023","Commercial","Unknown","AA/AO","[c]","[c]","[c]","[c]"
"In post","2023","Commercial","Unknown","EO","[c]","[c]","[c]","[c]"
"In post","2023","Commercial","Unknown","G6/G7","[c]","[c]","[c]","[c]"
"In post","2023","Commercial","Unknown","SCS level","[c]","[c]","[c]","[c]"
"In post","2023","Commercial","Unknown","SEO/HEO","[c]","[c]","[c]","[c]"
"In post","2023","Communications","London","AA/AO","45","45","25580","25610"
"In post","2023","Communications","London","EO","195","190","30430","30110"
"In post","2023","Communications","London","G6/G7","725","705","61380","59290"
"In post","2023","Communications","London","SCS level","115","115","93510","86850"
"In post","2023","Communications","London","SEO/HEO","1115","1100","41070","41440"
"In post","2023","Communications","London","Unknown","[c]","[c]","[c]","[c]"
"In post","2023","Communications","Outside London","AA/AO","130","120","22480","22220"
"In post","2023","Communications","Outside London","EO","325","300","27750","27470"
"In post","2023","Communications","Outside London","G6/G7","345","335","56870","55360"
"In post","2023","Communications","Outside London","SCS level","20","15","78880","78740"
"In post","2023","Communications","Outside London","SEO/HEO","1110","1055","37210","37370"
"In post","2023","Communications","Outside London","Unknown","20","20","37080","33340"
"In post","2023","Communications","Overseas","SEO/HEO","[c]","[c]","[c]","[c]"
"In post","2023","Communications","Unknown","G6/G7","[c]","[c]","[c]","[c]"
"In post","2023","Communications","Unknown","Unknown","[c]","[c]","[c]","[c]"
"In post","2023","Counter Fraud","London","AA/AO","450","400","25670","25610"
"In post","2023","Counter Fraud","London","EO","1345","1280","32480","32520"
"In post","2023","Counter Fraud","London","G6/G7","385","370","66480","65230"
"In post","2023","Counter Fraud","London","SCS level","25","25","92890","84160"
"In post","2023","Counter Fraud","London","SEO/HEO","1405","1360","41400","39790"
"In post","2023","Counter Fraud","Outside London","AA/AO","1830","1585","22570","22520"
"In post","2023","Counter Fraud","Outside London","EO","6090","5585","28420","28120"
"In post","2023","Counter Fraud","Outside London","G6/G7","900","855","60240","57970"
"In post","2023","Counter Fraud","Outside London","SCS level","25","20","80020","78250"
"In post","2023","Counter Fraud","Outside London","SEO/HEO","4670","4440","36840","35000"
"In post","2023","Counter Fraud","Unknown","EO","[c]","[c]","[c]","[c]"
"In post","2023","Counter Fraud","Unknown","G6/G7","5","5","[c]","[c]"
"In post","2023","Counter Fraud","Unknown","SCS level","[c]","[c]","[c]","[c]"
"In post","2023","Counter Fraud","Unknown","SEO/HEO","10","10","34800","33020"
"In post","2023","Debt","London","AA/AO","435","390","26740","26920"
"In post","2023","Debt","London","EO","155","140","32710","32540"
"In post","2023","Debt","London","G6/G7","5","5","[c]","[c]"
"In post","2023","Debt","London","SCS level","[c]","[c]","[c]","[c]"
"In post","2023","Debt","London","SEO/HEO","35","35","42610","42060"
"In post","2023","Debt","Outside London","AA/AO","5495","4905","22270","22520"
"In post","2023","Debt","Outside London","EO","1215","1115","28330","28120"
"In post","2023","Debt","Outside London","G6/G7","40","40","60410","57970"
"In post","2023","Debt","Outside London","SCS level","[c]","[c]","[c]","[c]"
"In post","2023","Debt","Outside London","SEO/HEO","365","340","36510","35000"
"In post","2023","Debt","Unknown","AA/AO","[c]","[c]","[c]","[c]"
"In post","2023","Debt","Unknown","EO","[c]","[c]","[c]","[c]"
"In post","2023","Debt","Unknown","SEO/HEO","[c]","[c]","[c]","[c]"
"In post","2023","Digital, Data & Technology","London","AA/AO","105","100","26090","26560"
"In post","2023","Digital, Data & Technology","London","EO","570","555","30740","30160"
"In post","2023","Digital, Data & Technology","London","G6/G7","2235","2195","62640","60980"
"In post","2023","Digital, Data & Technology","London","SCS level","170","170","100540","93690"
"In post","2023","Digital, Data & Technology","London","SEO/HEO","2480","2440","40840","41400"
"In post","2023","Digital, Data & Technology","London","Unknown","[c]","[c]","[c]","[c]"
"In post","2023","Digital, Data & Technology","Outside London","AA/AO","780","750","22340","22220"
"In post","2023","Digital, Data & Technology","Outside London","EO","3395","3235","28060","27960"
"In post","2023","Digital, Data & Technology","Outside London","G6/G7","5445","5325","57790","56250"
"In post","2023","Digital, Data & Technology","Outside London","SCS level","220","220","93560","87880"
"In post","2023","Digital, Data & Technology","Outside London","SEO/HEO","10740","10435","38130","37790"
"In post","2023","Digital, Data & Technology","Outside London","Unknown","95","95","36720","33580"
"In post","2023","Digital, Data & Technology","Overseas","AA/AO","[c]","[c]","[c]","[c]"
"In post","2023","Digital, Data & Technology","Overseas","EO","20","20","40170","36470"
"In post","2023","Digital, Data & Technology","Overseas","G6/G7","[c]","[c]","[c]","[c]"
"In post","2023","Digital, Data & Technology","Overseas","SEO/HEO","50","50","40130","39550"
"In post","2023","Digital, Data & Technology","Unknown","AA/AO","[c]","[c]","[c]","[c]"
"In post","2023","Digital, Data & Technology","Unknown","EO","5","5","[c]","[c]"
"In post","2023","Digital, Data & Technology","Unknown","G6/G7","15","15","61520","58550"
"In post","2023","Digital, Data & Technology","Unknown","SCS level","[c]","[c]","[c]","[c]"
"In post","2023","Digital, Data & Technology","Unknown","SEO/HEO","10","10","37950","38470"
"In post","2023","Finance","London","AA/AO","120","110","26240","26810"
"In post","2023","Finance","London","EO","375","360","30900","31020"
"In post","2023","Finance","London","G6/G7","1115","1090","63860","62310"
"In post","2023","Finance","London","SCS level","185","180","92150","84200"
"In post","2023","Finance","London","SEO/HEO","1360","1330","41250","41230"
"In post","2023","Finance","Outside London","AA/AO","1835","1570","22650","22520"
"In post","2023","Finance","Outside London","EO","1630","1540","27690","27650"
"In post","2023","Finance","Outside London","G6/G7","1800","1750","58080","56870"
"In post","2023","Finance","Outside London","SCS level","150","150","89840","80000"
"In post","2023","Finance","Outside London","SEO/HEO","4180","4000","37860","37590"
"In post","2023","Finance","Outside London","Unknown","60","60","53310","48840"
"In post","2023","Finance","Overseas","AA/AO","[c]","[c]","[c]","[c]"
"In post","2023","Finance","Overseas","EO","15","15","40400","36850"
"In post","2023","Finance","Overseas","G6/G7","15","15","63910","60720"
"In post","2023","Finance","Overseas","SCS level","[c]","[c]","[c]","[c]"
"In post","2023","Finance","Overseas","SEO/HEO","15","15","49150","45780"
"In post","2023","Finance","Unknown","AA/AO","[c]","[c]","[c]","[c]"
"In post","2023","Finance","Unknown","EO","[c]","[c]","[c]","[c]"
"In post","2023","Finance","Unknown","G6/G7","[c]","[c]","[c]","[c]"
"In post","2023","Finance","Unknown","SEO/HEO","5","5","[c]","[c]"
"In post","2023","Finance","Unknown","Unknown","[c]","[c]","[c]","[c]"
"In post","2023","Grants Management","London","EO","[c]","[c]","[c]","[c]"
"In post","2023","Grants Management","London","G6/G7","30","30","59870","59290"
"In post","2023","Grants Management","London","SCS level","[c]","[c]","[c]","[c]"
"In post","2023","Grants Management","London","SEO/HEO","25","25","40680","43000"
"In post","2023","Grants Management","Outside London","AA/AO","1425","1295","22130","22150"
"In post","2023","Grants Management","Outside London","EO","650","605","26090","25920"
"In post","2023","Grants Management","Outside London","G6/G7","75","70","53140","50350"
"In post","2023","Grants Management","Outside London","SCS level","10","10","[c]","[c]"
"In post","2023","Grants Management","Outside London","SEO/HEO","400","380","33300","31490"
"In post","2023","Human Resources","London","AA/AO","85","80","26190","26400"
"In post","2023","Human Resources","London","EO","465","450","30500","30130"
"In post","2023","Human Resources","London","G6/G7","1025","1000","62350","60530"
"In post","2023","Human Resources","London","SCS level","160","155","90830","82540"
"In post","2023","Human Resources","London","SEO/HEO","1325","1285","40140","39220"
"In post","2023","Human Resources","London","Unknown","10","10","41380","35030"
"In post","2023","Human Resources","Outside London","AA/AO","1165","1075","22390","22220"
"In post","2023","Human Resources","Outside London","EO","3110","2945","28290","28080"
"In post","2023","Human Resources","Outside London","G6/G7","1705","1650","56960","55780"
"In post","2023","Human Resources","Outside London","SCS level","105","105","87800","81700"
"In post","2023","Human Resources","Outside London","SEO/HEO","4895","4690","37060","35060"
"In post","2023","Human Resources","Outside London","Unknown","95","85","37790","38290"
"In post","2023","Human Resources","Overseas","EO","15","15","35960","36720"
"In post","2023","Human Resources","Overseas","G6/G7","25","25","82080","83550"
"In post","2023","Human Resources","Overseas","SEO/HEO","195","195","55040","56420"
"In post","2023","Human Resources","Unknown","AA/AO","[c]","[c]","[c]","[c]"
"In post","2023","Human Resources","Unknown","EO","[c]","[c]","[c]","[c]"
"In post","2023","Human Resources","Unknown","G6/G7","15","15","54580","51290"
"In post","2023","Human Resources","Unknown","SCS level","[c]","[c]","[c]","[c]"
"In post","2023","Human Resources","Unknown","SEO/HEO","15","15","36920","38070"
"In post","2023","Internal Audit","London","AA/AO","5","5","[c]","[c]"
"In post","2023","Internal Audit","London","EO","[c]","[c]","[c]","[c]"
"In post","2023","Internal Audit","London","G6/G7","70","65","62450","60270"
"In post","2023","Internal Audit","London","SCS level","15","15","99870","93220"
"In post","2023","Internal Audit","London","SEO/HEO","100","100","44160","43340"
"In post","2023","Internal Audit","Outside London","AA/AO","15","15","25020","22410"
"In post","2023","Internal Audit","Outside London","EO","30","30","28150","27470"
"In post","2023","Internal Audit","Outside London","G6/G7","150","140","57690","56970"
"In post","2023","Internal Audit","Outside London","SCS level","10","10","93170","85800"
"In post","2023","Internal Audit","Outside London","SEO/HEO","310","290","40940","41990"
"In post","2023","Internal Audit","Overseas","EO","[c]","[c]","[c]","[c]"
"In post","2023","Internal Audit","Unknown","G6/G7","5","5","[c]","[c]"
"In post","2023","Internal Audit","Unknown","SCS level","[c]","[c]","[c]","[c]"
"In post","2023","Internal Audit","Unknown","SEO/HEO","15","15","41690","43160"
"In post","2023","Legal","London","AA/AO","450","420","24520","24480"
"In post","2023","Legal","London","EO","830","795","29810","29660"
"In post","2023","Legal","London","G6/G7","3030","2825","63210","64330"
"In post","2023","Legal","London","SCS level","375","360","90200","83660"
"In post","2023","Legal","London","SEO/HEO","600","585","39220","39790"
"In post","2023","Legal","London","Unknown","[c]","[c]","[c]","[c]"
"In post","2023","Legal","Outside London","AA/AO","1385","1275","22880","22870"
"In post","2023","Legal","Outside London","EO","1450","1345","28140","28130"
"In post","2023","Legal","Outside London","G6/G7","3800","3515","58590","56450"
"In post","2023","Legal","Outside London","SCS level","110","110","89440","85200"
"In post","2023","Legal","Outside London","SEO/HEO","1340","1275","37210","35000"
"In post","2023","Legal","Overseas","G6/G7","10","10","[c]","[c]"
"In post","2023","Legal","Overseas","SCS level","[c]","[c]","[c]","[c]"
"In post","2023","Legal","Unknown","EO","[c]","[c]","[c]","[c]"
"In post","2023","Legal","Unknown","SEO/HEO","[c]","[c]","[c]","[c]"
"In post","2023","No function","London","AA/AO","9435","8735","27740","26400"
"In post","2023","No function","London","EO","14300","13460","31580","31260"
"In post","2023","No function","London","G6/G7","15090","14680","61330","59290"
"In post","2023","No function","London","SCS level","2400","2305","90450","80780"
"In post","2023","No function","London","SEO/HEO","19580","19125","40270","40260"
"In post","2023","No function","London","Unknown","2435","2310","35190","33050"
"In post","2023","No function","Outside London","AA/AO","97940","87800","23940","22500"
"In post","2023","No function","Outside London","EO","79050","72630","28610","28120"
"In post","2023","No function","Outside London","G6/G7","14300","13755","60060","57640"
"In post","2023","No function","Outside London","SCS level","1005","960","94200","88420"
"In post","2023","No function","Outside London","SEO/HEO","52555","50170","37640","35000"
"In post","2023","No function","Outside London","Unknown","19185","17800","29940","29050"
"In post","2023","No function","Overseas","AA/AO","40","40","30590","26650"
"In post","2023","No function","Overseas","EO","105","100","34400","30990"
"In post","2023","No function","Overseas","G6/G7","1130","1125","60550","58440"
"In post","2023","No function","Overseas","SCS level","275","275","87350","77670"
"In post","2023","No function","Overseas","SEO/HEO","1010","1010","39810","35810"
"In post","2023","No function","Overseas","Unknown","125","125","[c]","[c]"
"In post","2023","No function","Unknown","AA/AO","185","175","23580","22220"
"In post","2023","No function","Unknown","EO","310","280","28550","28120"
"In post","2023","No function","Unknown","G6/G7","55","50","60580","58820"
"In post","2023","No function","Unknown","SCS level","5","5","[c]","[c]"
"In post","2023","No function","Unknown","SEO/HEO","160","150","42710","42950"
"In post","2023","No function","Unknown","Unknown","10","10","[c]","[c]"
"In post","2023","Project Delivery","London","AA/AO","60","60","26240","26740"
"In post","2023","Project Delivery","London","EO","405","390","31040","31380"
"In post","2023","Project Delivery","London","G6/G7","2410","2325","63950","64480"
"In post","2023","Project Delivery","London","SCS level","450","435","94890","86950"
"In post","2023","Project Delivery","London","SEO/HEO","2145","2085","40480","41060"
"In post","2023","Project Delivery","Outside London","AA/AO","385","365","22250","22500"
"In post","2023","Project Delivery","Outside London","EO","1415","1320","27410","27890"
"In post","2023","Project Delivery","Outside London","G6/G7","4645","4510","57780","56870"
"In post","2023","Project Delivery","Outside London","SCS level","235","230","88110","80490"
"In post","2023","Project Delivery","Outside London","SEO/HEO","8300","7945","37720","37690"
"In post","2023","Project Delivery","Outside London","Unknown","1690","1645","43120","41160"
"In post","2023","Project Delivery","Overseas","EO","[c]","[c]","[c]","[c]"
"In post","2023","Project Delivery","Overseas","G6/G7","50","50","65420","59730"
"In post","2023","Project Delivery","Overseas","SCS level","5","5","[c]","[c]"
"In post","2023","Project Delivery","Overseas","SEO/HEO","60","60","50950","45790"
"In post","2023","Project Delivery","Overseas","Unknown","25","25","52350","43590"
"In post","2023","Project Delivery","Unknown","G6/G7","10","10","[c]","[c]"
"In post","2023","Project Delivery","Unknown","SEO/HEO","5","5","[c]","[c]"
"In post","2023","Property","London","AA/AO","120","115","25220","25580"
"In post","2023","Property","London","EO","275","260","31180","31540"
"In post","2023","Property","London","G6/G7","340","335","62780","64140"
"In post","2023","Property","London","SCS level","40","40","95710","92780"
"In post","2023","Property","London","SEO/HEO","580","560","41530","40190"
"In post","2023","Property","London","Unknown","[c]","[c]","[c]","[c]"
"In post","2023","Property","Outside London","AA/AO","1755","1650","22200","22520"
"In post","2023","Property","Outside London","EO","1325","1240","27650","27470"
"In post","2023","Property","Outside London","G6/G7","1160","1130","57570","56180"
"In post","2023","Property","Outside London","SCS level","70","70","91550","83460"
"In post","2023","Property","Outside London","SEO/HEO","3090","2970","37940","36660"
"In post","2023","Property","Outside London","Unknown","35","35","24170","23800"
"In post","2023","Property","Overseas","AA/AO","[c]","[c]","[c]","[c]"
"In post","2023","Property","Overseas","EO","[c]","[c]","[c]","[c]"
"In post","2023","Property","Overseas","G6/G7","15","15","62650","62980"
"In post","2023","Property","Overseas","SEO/HEO","50","50","45310","43750"
"In post","2023","Property","Unknown","EO","[c]","[c]","[c]","[c]"
"In post","2023","Property","Unknown","G6/G7","10","10","60870","57730"
"In post","2023","Property","Unknown","SEO/HEO","35","35","44520","41900"
"In post","2023","Security","London","AA/AO","350","340","29000","26400"
"In post","2023","Security","London","EO","255","250","32490","31340"
"In post","2023","Security","London","G6/G7","435","425","62620","60730"
"In post","2023","Security","London","SCS level","60","60","91100","83730"
"In post","2023","Security","London","SEO/HEO","635","625","41160","40600"
"In post","2023","Security","Outside London","AA/AO","5140","5005","28670","25220"
"In post","2023","Security","Outside London","EO","1135","1100","32840","28120"
"In post","2023","Security","Outside London","G6/G7","350","345","58740","57000"
"In post","2023","Security","Outside London","SCS level","20","20","93760","90550"
"In post","2023","Security","Outside London","SEO/HEO","1390","1355","39190","36190"
"In post","2023","Security","Outside London","Unknown","50","45","38170","35250"
"In post","2023","Security","Overseas","AA/AO","[c]","[c]","[c]","[c]"
"In post","2023","Security","Overseas","EO","35","35","30750","28840"
"In post","2023","Security","Overseas","G6/G7","20","20","62990","56710"
"In post","2023","Security","Overseas","SEO/HEO","90","90","42440","41300"
"In post","2023","Security","Unknown","AA/AO","[c]","[c]","[c]","[c]"
"In post","2023","Security","Unknown","EO","45","45","25130","24610"
"In post","2023","Security","Unknown","G6/G7","[c]","[c]","[c]","[c]"
"In post","2023","Security","Unknown","SEO/HEO","20","20","36500","35740"
"In post","2023","Unknown","London","AA/AO","35","35","26910","25610"
"In post","2023","Unknown","London","EO","145","140","30750","32520"
"In post","2023","Unknown","London","G6/G7","455","430","61390","56500"
"In post","2023","Unknown","London","SCS level","85","85","87080","81690"
"In post","2023","Unknown","London","SEO/HEO","1200","1185","34790","32960"
"In post","2023","Unknown","London","Unknown","[c]","[c]","[c]","[c]"
"In post","2023","Unknown","Outside London","AA/AO","4795","4520","24970","24890"
"In post","2023","Unknown","Outside London","EO","4960","4745","30260","29450"
"In post","2023","Unknown","Outside London","G6/G7","5865","5615","63540","63900"
"In post","2023","Unknown","Outside London","SCS level","495","475","91150","85200"
"In post","2023","Unknown","Outside London","SEO/HEO","11015","10580","40820","39690"
"In post","2023","Unknown","Outside London","Unknown","[c]","[c]","[c]","[c]"
"In post","2023","Unknown","Overseas","EO","[c]","[c]","[c]","[c]"
"In post","2023","Unknown","Overseas","G6/G7","35","35","67760","63900"
"In post","2023","Unknown","Overseas","SCS level","5","5","[c]","[c]"
"In post","2023","Unknown","Overseas","SEO/HEO","20","20","43780","39690"
"In post","2023","Unknown","Unknown","EO","[c]","[c]","[c]","[c]"
"In post","2023","Unknown","Unknown","G6/G7","[c]","[c]","[c]","[c]"
"In post","2023","Unknown","Unknown","SCS level","[c]","[c]","[c]","[c]"
"In post","2023","Unknown","Unknown","SEO/HEO","10","10","36080","38470"
"In post","2023","Unknown","Unknown","Unknown","1695","1695","41950","40010"
"Leaver CS","2023","Analysis","London","AA/AO","85","[c]","23660","23500"
"Leaver CS","2023","Analysis","London","EO","45","[c]","29050","29660"
"Leaver CS","2023","Analysis","London","G6/G7","80","[c]","63550","57250"
"Leaver CS","2023","Analysis","London","SCS level","10","[c]","[c]","[c]"
"Leaver CS","2023","Analysis","London","SEO/HEO","150","[c]","36660","36340"
"Leaver CS","2023","Analysis","Outside London","AA/AO","125","[c]","20220","19860"
"Leaver CS","2023","Analysis","Outside London","EO","55","[c]","26240","25890"
"Leaver CS","2023","Analysis","Outside London","G6/G7","95","[c]","54280","50110"
"Leaver CS","2023","Analysis","Outside London","SCS level","[c]","[c]","[c]","[c]"
"Leaver CS","2023","Analysis","Outside London","SEO/HEO","230","[c]","35740","36580"
"Leaver CS","2023","Analysis","Unknown","AA/AO","[c]","[c]","[c]","[c]"
"Leaver CS","2023","Analysis","Unknown","EO","[c]","[c]","[c]","[c]"
"Leaver CS","2023","Analysis","Unknown","SEO/HEO","[c]","[c]","[c]","[c]"
"Leaver CS","2023","Commercial","London","AA/AO","10","[c]","[c]","[c]"
"Leaver CS","2023","Commercial","London","EO","15","[c]","29710","30770"
"Leaver CS","2023","Commercial","London","G6/G7","115","[c]","65820","65500"
"Leaver CS","2023","Commercial","London","SCS level","20","[c]","136640","125680"
"Leaver CS","2023","Commercial","London","SEO/HEO","75","[c]","38200","38280"
"Leaver CS","2023","Commercial","London","Unknown","[c]","[c]","[c]","[c]"
"Leaver CS","2023","Commercial","Outside London","AA/AO","35","[c]","24260","23040"
"Leaver CS","2023","Commercial","Outside London","EO","55","[c]","26620","26770"
"Leaver CS","2023","Commercial","Outside London","G6/G7","95","[c]","64200","63500"
"Leaver CS","2023","Commercial","Outside London","SCS level","15","[c]","112250","104820"
"Leaver CS","2023","Commercial","Outside London","SEO/HEO","180","[c]","38290","38830"
"Leaver CS","2023","Commercial","Outside London","Unknown","25","[c]","43340","42620"
"Leaver CS","2023","Commercial","Overseas","SEO/HEO","[c]","[c]","[c]","[c]"
"Leaver CS","2023","Commercial","Unknown","EO","[c]","[c]","[c]","[c]"
"Leaver CS","2023","Commercial","Unknown","G6/G7","[c]","[c]","[c]","[c]"
"Leaver CS","2023","Commercial","Unknown","SCS level","[c]","[c]","[c]","[c]"
"Leaver CS","2023","Commercial","Unknown","SEO/HEO","[c]","[c]","[c]","[c]"
"Leaver CS","2023","Communications","London","AA/AO","20","[c]","23610","24740"
"Leaver CS","2023","Communications","London","EO","35","[c]","29940","29070"
"Leaver CS","2023","Communications","London","G6/G7","65","[c]","60280","57430"
"Leaver CS","2023","Communications","London","SCS level","15","[c]","106530","87770"
"Leaver CS","2023","Communications","London","SEO/HEO","165","[c]","39770","40600"
"Leaver CS","2023","Communications","London","Unknown","[c]","[c]","[c]","[c]"
"Leaver CS","2023","Communications","Outside London","AA/AO","15","[c]","21420","21840"
"Leaver CS","2023","Communications","Outside London","EO","25","[c]","26180","26460"
"Leaver CS","2023","Communications","Outside London","G6/G7","20","[c]","57660","56000"
"Leaver CS","2023","Communications","Outside London","SCS level","[c]","[c]","[c]","[c]"
"Leaver CS","2023","Communications","Outside London","SEO/HEO","80","[c]","37070","36500"
"Leaver CS","2023","Communications","Unknown","AA/AO","[c]","[c]","[c]","[c]"
"Leaver CS","2023","Communications","Unknown","G6/G7","[c]","[c]","[c]","[c]"
"Leaver CS","2023","Communications","Unknown","SEO/HEO","[c]","[c]","[c]","[c]"
"Leaver CS","2023","Counter Fraud","London","AA/AO","35","[c]","25320","25610"
"Leaver CS","2023","Counter Fraud","London","EO","70","[c]","31790","31880"
"Leaver CS","2023","Counter Fraud","London","G6/G7","35","[c]","62220","60430"
"Leaver CS","2023","Counter Fraud","London","SCS level","[c]","[c]","[c]","[c]"
"Leaver CS","2023","Counter Fraud","London","SEO/HEO","85","[c]","39410","39500"
"Leaver CS","2023","Counter Fraud","Outside London","AA/AO","160","[c]","22170","21690"
"Leaver CS","2023","Counter Fraud","Outside London","EO","330","[c]","28240","28120"
"Leaver CS","2023","Counter Fraud","Outside London","G6/G7","25","[c]","[c]","[c]"
"Leaver CS","2023","Counter Fraud","Outside London","SCS level","[c]","[c]","[c]","[c]"
"Leaver CS","2023","Counter Fraud","Outside London","SEO/HEO","165","[c]","36350","34970"
"Leaver CS","2023","Counter Fraud","Unknown","G6/G7","[c]","[c]","[c]","[c]"
"Leaver CS","2023","Debt","London","AA/AO","35","[c]","[c]","[c]"
"Leaver CS","2023","Debt","London","EO","5","[c]","[c]","[c]"
"Leaver CS","2023","Debt","London","G6/G7","[c]","[c]","[c]","[c]"
"Leaver CS","2023","Debt","London","SEO/HEO","[c]","[c]","[c]","[c]"
"Leaver CS","2023","Debt","Outside London","AA/AO","705","[c]","21630","21690"
"Leaver CS","2023","Debt","Outside London","EO","60","[c]","28270","28120"
"Leaver CS","2023","Debt","Outside London","G6/G7","[c]","[c]","[c]","[c]"
"Leaver CS","2023","Debt","Outside London","SEO/HEO","20","[c]","34710","34290"
"Leaver CS","2023","Debt","Unknown","AA/AO","10","[c]","23670","24520"
"Leaver CS","2023","Debt","Unknown","SEO/HEO","[c]","[c]","[c]","[c]"
"Leaver CS","2023","Digital, Data & Technology","London","AA/AO","35","[c]","22270","22770"
"Leaver CS","2023","Digital, Data & Technology","London","EO","75","[c]","28760","29530"
"Leaver CS","2023","Digital, Data & Technology","London","G6/G7","285","[c]","61480","59290"
"Leaver CS","2023","Digital, Data & Technology","London","SCS level","25","[c]","103270","92000"
"Leaver CS","2023","Digital, Data & Technology","London","SEO/HEO","225","[c]","39700","40760"
"Leaver CS","2023","Digital, Data & Technology","London","Unknown","5","[c]","[c]","[c]"
"Leaver CS","2023","Digital, Data & Technology","Outside London","AA/AO","105","[c]","21540","21690"
"Leaver CS","2023","Digital, Data & Technology","Outside London","EO","260","[c]","27870","27530"
"Leaver CS","2023","Digital, Data & Technology","Outside London","G6/G7","415","[c]","58440","56650"
"Leaver CS","2023","Digital, Data & Technology","Outside London","SCS level","20","[c]","91570","92160"
"Leaver CS","2023","Digital, Data & Technology","Outside London","SEO/HEO","735","[c]","38030","38250"
"Leaver CS","2023","Digital, Data & Technology","Outside London","Unknown","5","[c]","[c]","[c]"
"Leaver CS","2023","Digital, Data & Technology","Overseas","EO","[c]","[c]","[c]","[c]"
"Leaver CS","2023","Digital, Data & Technology","Overseas","G6/G7","[c]","[c]","[c]","[c]"
"Leaver CS","2023","Digital, Data & Technology","Overseas","SEO/HEO","[c]","[c]","[c]","[c]"
"Leaver CS","2023","Digital, Data & Technology","Unknown","G6/G7","[c]","[c]","[c]","[c]"
"Leaver CS","2023","Digital, Data & Technology","Unknown","SEO/HEO","[c]","[c]","[c]","[c]"
"Leaver CS","2023","Finance","London","AA/AO","15","[c]","24500","25610"
"Leaver CS","2023","Finance","London","EO","35","[c]","28200","29460"
"Leaver CS","2023","Finance","London","G6/G7","65","[c]","61960","59950"
"Leaver CS","2023","Finance","London","SCS level","15","[c]","103600","100110"
"Leaver CS","2023","Finance","London","SEO/HEO","105","[c]","41500","41750"
"Leaver CS","2023","Finance","Outside London","AA/AO","140","[c]","22090","21690"
"Leaver CS","2023","Finance","Outside London","EO","115","[c]","26860","26960"
"Leaver CS","2023","Finance","Outside London","G6/G7","110","[c]","59190","58260"
"Leaver CS","2023","Finance","Outside London","SCS level","5","[c]","[c]","[c]"
"Leaver CS","2023","Finance","Outside London","SEO/HEO","240","[c]","38150","37590"
"Leaver CS","2023","Finance","Outside London","Unknown","[c]","[c]","[c]","[c]"
"Leaver CS","2023","Finance","Overseas","G6/G7","[c]","[c]","[c]","[c]"
"Leaver CS","2023","Finance","Overseas","SEO/HEO","[c]","[c]","[c]","[c]"
"Leaver CS","2023","Finance","Unknown","EO","[c]","[c]","[c]","[c]"
"Leaver CS","2023","Finance","Unknown","G6/G7","[c]","[c]","[c]","[c]"
"Leaver CS","2023","Finance","Unknown","SEO/HEO","5","[c]","[c]","[c]"
"Leaver CS","2023","Grants Management","Outside London","AA/AO","130","[c]","21680","21300"
"Leaver CS","2023","Grants Management","Outside London","EO","50","[c]","25250","25920"
"Leaver CS","2023","Grants Management","Outside London","SEO/HEO","20","[c]","33870","32140"
"Leaver CS","2023","Human Resources","London","AA/AO","25","[c]","25140","25630"
"Leaver CS","2023","Human Resources","London","EO","50","[c]","27750","28310"
"Leaver CS","2023","Human Resources","London","G6/G7","85","[c]","62220","59290"
"Leaver CS","2023","Human Resources","London","SCS level","25","[c]","93620","85690"
"Leaver CS","2023","Human Resources","London","SEO/HEO","90","[c]","39560","38680"
"Leaver CS","2023","Human Resources","London","Unknown","[c]","[c]","[c]","[c]"
"Leaver CS","2023","Human Resources","Outside London","AA/AO","370","[c]","21770","21830"
"Leaver CS","2023","Human Resources","Outside London","EO","310","[c]","28050","27470"
"Leaver CS","2023","Human Resources","Outside London","G6/G7","110","[c]","57380","55050"
"Leaver CS","2023","Human Resources","Outside London","SCS level","10","[c]","[c]","[c]"
"Leaver CS","2023","Human Resources","Outside London","SEO/HEO","345","[c]","36830","34990"
"Leaver CS","2023","Human Resources","Outside London","Unknown","10","[c]","[c]","[c]"
"Leaver CS","2023","Human Resources","Overseas","EO","[c]","[c]","[c]","[c]"
"Leaver CS","2023","Human Resources","Overseas","G6/G7","5","[c]","[c]","[c]"
"Leaver CS","2023","Human Resources","Overseas","SCS level","[c]","[c]","[c]","[c]"
"Leaver CS","2023","Human Resources","Overseas","SEO/HEO","45","[c]","46460","46130"
"Leaver CS","2023","Human Resources","Unknown","AA/AO","[c]","[c]","[c]","[c]"
"Leaver CS","2023","Human Resources","Unknown","G6/G7","[c]","[c]","[c]","[c]"
"Leaver CS","2023","Human Resources","Unknown","SCS level","[c]","[c]","[c]","[c]"
"Leaver CS","2023","Human Resources","Unknown","SEO/HEO","[c]","[c]","[c]","[c]"
"Leaver CS","2023","Internal Audit","London","G6/G7","5","[c]","[c]","[c]"
"Leaver CS","2023","Internal Audit","London","SCS level","[c]","[c]","[c]","[c]"
"Leaver CS","2023","Internal Audit","London","SEO/HEO","15","[c]","43970","44940"
"Leaver CS","2023","Internal Audit","Outside London","AA/AO","[c]","[c]","[c]","[c]"
"Leaver CS","2023","Internal Audit","Outside London","EO","[c]","[c]","[c]","[c]"
"Leaver CS","2023","Internal Audit","Outside London","G6/G7","10","[c]","[c]","[c]"
"Leaver CS","2023","Internal Audit","Outside London","SEO/HEO","30","[c]","38990","39200"
"Leaver CS","2023","Internal Audit","Unknown","SEO/HEO","[c]","[c]","[c]","[c]"
"Leaver CS","2023","Legal","London","AA/AO","60","[c]","23420","24480"
"Leaver CS","2023","Legal","London","EO","80","[c]","28850","28200"
"Leaver CS","2023","Legal","London","G6/G7","240","[c]","61360","61100"
"Leaver CS","2023","Legal","London","SCS level","25","[c]","89830","85830"
"Leaver CS","2023","Legal","London","SEO/HEO","40","[c]","41040","40800"
"Leaver CS","2023","Legal","Outside London","AA/AO","125","[c]","22400","22870"
"Leaver CS","2023","Legal","Outside London","EO","70","[c]","27760","27980"
"Leaver CS","2023","Legal","Outside London","G6/G7","170","[c]","59040","56450"
"Leaver CS","2023","Legal","Outside London","SCS level","5","[c]","[c]","[c]"
"Leaver CS","2023","Legal","Outside London","SEO/HEO","80","[c]","38550","38760"
"Leaver CS","2023","Legal","Overseas","G6/G7","[c]","[c]","[c]","[c]"
"Leaver CS","2023","No function","London","AA/AO","1305","[c]","24550","25480"
"Leaver CS","2023","No function","London","EO","1625","[c]","30450","31060"
"Leaver CS","2023","No function","London","G6/G7","1110","[c]","59320","57410"
"Leaver CS","2023","No function","London","SCS level","225","[c]","95650","85230"
"Leaver CS","2023","No function","London","SEO/HEO","1740","[c]","38160","37720"
"Leaver CS","2023","No function","London","Unknown","275","[c]","[c]","[c]"
"Leaver CS","2023","No function","Outside London","AA/AO","12305","[c]","21840","21690"
"Leaver CS","2023","No function","Outside London","EO","6180","[c]","28060","27570"
"Leaver CS","2023","No function","Outside London","G6/G7","900","[c]","61820","58770"
"Leaver CS","2023","No function","Outside London","SCS level","120","[c]","100630","96320"
"Leaver CS","2023","No function","Outside London","SEO/HEO","3135","[c]","37650","36820"
"Leaver CS","2023","No function","Outside London","Unknown","1685","[c]","34840","23640"
"Leaver CS","2023","No function","Overseas","EO","[c]","[c]","[c]","[c]"
"Leaver CS","2023","No function","Overseas","G6/G7","10","[c]","[c]","[c]"
"Leaver CS","2023","No function","Overseas","SCS level","[c]","[c]","[c]","[c]"
"Leaver CS","2023","No function","Overseas","SEO/HEO","15","[c]","44540","45480"
"Leaver CS","2023","No function","Overseas","Unknown","5","[c]","[c]","[c]"
"Leaver CS","2023","No function","Unknown","AA/AO","35","[c]","21480","21690"
"Leaver CS","2023","No function","Unknown","EO","40","[c]","29380","28120"
"Leaver CS","2023","No function","Unknown","G6/G7","[c]","[c]","[c]","[c]"
"Leaver CS","2023","No function","Unknown","SEO/HEO","10","[c]","[c]","[c]"
"Leaver CS","2023","No function","Unknown","Unknown","15","[c]","[c]","[c]"
"Leaver CS","2023","Project Delivery","London","AA/AO","10","[c]","[c]","[c]"
"Leaver CS","2023","Project Delivery","London","EO","35","[c]","28100","29530"
"Leaver CS","2023","Project Delivery","London","G6/G7","120","[c]","61810","58750"
"Leaver CS","2023","Project Delivery","London","SCS level","20","[c]","100620","91580"
"Leaver CS","2023","Project Delivery","London","SEO/HEO","135","[c]","37820","37620"
"Leaver CS","2023","Project Delivery","Outside London","AA/AO","50","[c]","21850","21690"
"Leaver CS","2023","Project Delivery","Outside London","EO","90","[c]","26060","26050"
"Leaver CS","2023","Project Delivery","Outside London","G6/G7","230","[c]","58440","56180"
"Leaver CS","2023","Project Delivery","Outside London","SCS level","20","[c]","96540","89400"
"Leaver CS","2023","Project Delivery","Outside London","SEO/HEO","515","[c]","37580","37750"
"Leaver CS","2023","Project Delivery","Outside London","Unknown","140","[c]","41270","35790"
"Leaver CS","2023","Project Delivery","Overseas","SEO/HEO","[c]","[c]","[c]","[c]"
"Leaver CS","2023","Project Delivery","Unknown","G6/G7","[c]","[c]","[c]","[c]"
"Leaver CS","2023","Project Delivery","Unknown","SEO/HEO","[c]","[c]","[c]","[c]"
"Leaver CS","2023","Property","London","AA/AO","20","[c]","23060","22460"
"Leaver CS","2023","Property","London","EO","20","[c]","29560","29660"
"Leaver CS","2023","Property","London","G6/G7","25","[c]","60130","59420"
"Leaver CS","2023","Property","London","SCS level","[c]","[c]","[c]","[c]"
"Leaver CS","2023","Property","London","SEO/HEO","50","[c]","43440","45000"
"Leaver CS","2023","Property","Outside London","AA/AO","185","[c]","21760","22040"
"Leaver CS","2023","Property","Outside London","EO","95","[c]","27110","26960"
"Leaver CS","2023","Property","Outside London","G6/G7","55","[c]","60010","58250"
"Leaver CS","2023","Property","Outside London","SCS level","[c]","[c]","[c]","[c]"
"Leaver CS","2023","Property","Outside London","SEO/HEO","215","[c]","38970","38880"
"Leaver CS","2023","Property","Outside London","Unknown","[c]","[c]","[c]","[c]"
"Leaver CS","2023","Property","Overseas","SEO/HEO","[c]","[c]","[c]","[c]"
"Leaver CS","2023","Property","Unknown","EO","[c]","[c]","[c]","[c]"
"Leaver CS","2023","Property","Unknown","G6/G7","[c]","[c]","[c]","[c]"
"Leaver CS","2023","Property","Unknown","SEO/HEO","[c]","[c]","[c]","[c]"
"Leaver CS","2023","Security","London","AA/AO","40","[c]","28500","25140"
"Leaver CS","2023","Security","London","EO","15","[c]","32140","28370"
"Leaver CS","2023","Security","London","G6/G7","15","[c]","63040","62010"
"Leaver CS","2023","Security","London","SCS level","[c]","[c]","[c]","[c]"
"Leaver CS","2023","Security","London","SEO/HEO","35","[c]","42590","41870"
"Leaver CS","2023","Security","Outside London","AA/AO","570","[c]","28610","26410"
"Leaver CS","2023","Security","Outside London","EO","95","[c]","34850","29200"
"Leaver CS","2023","Security","Outside London","G6/G7","20","[c]","56820","55100"
"Leaver CS","2023","Security","Outside London","SCS level","[c]","[c]","[c]","[c]"
"Leaver CS","2023","Security","Outside London","SEO/HEO","125","[c]","40430","36460"
"Leaver CS","2023","Security","Outside London","Unknown","[c]","[c]","[c]","[c]"
"Leaver CS","2023","Security","Overseas","SEO/HEO","[c]","[c]","[c]","[c]"
"Leaver CS","2023","Security","Unknown","SEO/HEO","[c]","[c]","[c]","[c]"
"Leaver CS","2023","Unknown","London","AA/AO","65","[c]","23630","25110"
"Leaver CS","2023","Unknown","London","EO","160","[c]","25010","26910"
"Leaver CS","2023","Unknown","London","G6/G7","300","[c]","63190","62460"
"Leaver CS","2023","Unknown","London","SCS level","80","[c]","91050","89260"
"Leaver CS","2023","Unknown","London","SEO/HEO","305","[c]","36920","37660"
"Leaver CS","2023","Unknown","Outside London","AA/AO","430","[c]","24140","23340"
"Leaver CS","2023","Unknown","Outside London","EO","315","[c]","29510","29430"
"Leaver CS","2023","Unknown","Outside London","G6/G7","320","[c]","64770","65280"
"Leaver CS","2023","Unknown","Outside London","SCS level","35","[c]","98320","88070"
"Leaver CS","2023","Unknown","Outside London","SEO/HEO","595","[c]","40190","38330"
"Leaver CS","2023","Unknown","Outside London","Unknown","[c]","[c]","[c]","[c]"
"Leaver CS","2023","Unknown","Overseas","AA/AO","[c]","[c]","[c]","[c]"
"Leaver CS","2023","Unknown","Overseas","G6/G7","20","[c]","[c]","[c]"
"Leaver CS","2023","Unknown","Overseas","SCS level","5","[c]","[c]","[c]"
"Leaver CS","2023","Unknown","Overseas","SEO/HEO","10","[c]","[c]","[c]"
"Leaver CS","2023","Unknown","Overseas","Unknown","[c]","[c]","[c]","[c]"
"Leaver CS","2023","Unknown","Unknown","AA/AO","[c]","[c]","[c]","[c]"
"Leaver CS","2023","Unknown","Unknown","EO","20","[c]","[c]","[c]"
"Leaver CS","2023","Unknown","Unknown","G6/G7","5","[c]","[c]","[c]"
"Leaver CS","2023","Unknown","Unknown","SCS level","[c]","[c]","[c]","[c]"
"Leaver CS","2023","Unknown","Unknown","SEO/HEO","25","[c]","[c]","[c]"
"Leaver CS","2023","Unknown","Unknown","Unknown","200","[c]","36910","34110"
"Leaver Dept.","2023","Analysis","London","EO","20","[c]","29720","29890"
"Leaver Dept.","2023","Analysis","London","G6/G7","70","[c]","59100","58080"
"Leaver Dept.","2023","Analysis","London","SCS level","5","[c]","[c]","[c]"
"Leaver Dept.","2023","Analysis","London","SEO/HEO","245","[c]","36490","35200"
"Leaver Dept.","2023","Analysis","Outside London","AA/AO","5","[c]","[c]","[c]"
"Leaver Dept.","2023","Analysis","Outside London","EO","15","[c]","26280","25830"
"Leaver Dept.","2023","Analysis","Outside London","G6/G7","40","[c]","54570","51500"
"Leaver Dept.","2023","Analysis","Outside London","SEO/HEO","155","[c]","36000","34250"
"Leaver Dept.","2023","Analysis","Unknown","SEO/HEO","[c]","[c]","[c]","[c]"
"Leaver Dept.","2023","Commercial","London","AA/AO","[c]","[c]","[c]","[c]"
"Leaver Dept.","2023","Commercial","London","EO","15","[c]","27710","27500"
"Leaver Dept.","2023","Commercial","London","G6/G7","25","[c]","59390","56380"
"Leaver Dept.","2023","Commercial","London","SEO/HEO","40","[c]","38330","38650"
"Leaver Dept.","2023","Commercial","Outside London","AA/AO","5","[c]","[c]","[c]"
"Leaver Dept.","2023","Commercial","Outside London","EO","20","[c]","27270","26350"
"Leaver Dept.","2023","Commercial","Outside London","G6/G7","40","[c]","51550","51800"
"Leaver Dept.","2023","Commercial","Outside London","SEO/HEO","135","[c]","37540","38550"
"Leaver Dept.","2023","Commercial","Outside London","Unknown","[c]","[c]","[c]","[c]"
"Leaver Dept.","2023","Commercial","Overseas","SEO/HEO","[c]","[c]","[c]","[c]"
"Leaver Dept.","2023","Commercial","Unknown","AA/AO","[c]","[c]","[c]","[c]"
"Leaver Dept.","2023","Commercial","Unknown","EO","[c]","[c]","[c]","[c]"
"Leaver Dept.","2023","Commercial","Unknown","G6/G7","[c]","[c]","[c]","[c]"
"Leaver Dept.","2023","Commercial","Unknown","SEO/HEO","[c]","[c]","[c]","[c]"
"Leaver Dept.","2023","Communications","London","AA/AO","5","[c]","[c]","[c]"
"Leaver Dept.","2023","Communications","London","EO","25","[c]","28490","28420"
"Leaver Dept.","2023","Communications","London","G6/G7","50","[c]","60400","57580"
"Leaver Dept.","2023","Communications","London","SCS level","[c]","[c]","[c]","[c]"
"Leaver Dept.","2023","Communications","London","SEO/HEO","140","[c]","38200","37740"
"Leaver Dept.","2023","Communications","Outside London","AA/AO","5","[c]","[c]","[c]"
"Leaver Dept.","2023","Communications","Outside London","EO","10","[c]","[c]","[c]"
"Leaver Dept.","2023","Communications","Outside London","G6/G7","10","[c]","[c]","[c]"
"Leaver Dept.","2023","Communications","Outside London","SCS level","[c]","[c]","[c]","[c]"
"Leaver Dept.","2023","Communications","Outside London","SEO/HEO","50","[c]","34110","32110"
"Leaver Dept.","2023","Communications","Unknown","SEO/HEO","[c]","[c]","[c]","[c]"
"Leaver Dept.","2023","Counter Fraud","London","AA/AO","15","[c]","25190","25610"
"Leaver Dept.","2023","Counter Fraud","London","EO","45","[c]","31240","32520"
"Leaver Dept.","2023","Counter Fraud","London","G6/G7","10","[c]","[c]","[c]"
"Leaver Dept.","2023","Counter Fraud","London","SEO/HEO","30","[c]","37430","37920"
"Leaver Dept.","2023","Counter Fraud","Outside London","AA/AO","40","[c]","21700","21690"
"Leaver Dept.","2023","Counter Fraud","Outside London","EO","135","[c]","28390","28120"
"Leaver Dept.","2023","Counter Fraud","Outside London","G6/G7","[c]","[c]","[c]","[c]"
"Leaver Dept.","2023","Counter Fraud","Outside London","SEO/HEO","50","[c]","36000","34170"
"Leaver Dept.","2023","Counter Fraud","Unknown","AA/AO","[c]","[c]","[c]","[c]"
"Leaver Dept.","2023","Counter Fraud","Unknown","EO","[c]","[c]","[c]","[c]"
"Leaver Dept.","2023","Counter Fraud","Unknown","G6/G7","[c]","[c]","[c]","[c]"
"Leaver Dept.","2023","Debt","London","AA/AO","10","[c]","[c]","[c]"
"Leaver Dept.","2023","Debt","London","EO","[c]","[c]","[c]","[c]"
"Leaver Dept.","2023","Debt","Outside London","AA/AO","155","[c]","21620","21690"
"Leaver Dept.","2023","Debt","Outside London","EO","20","[c]","27860","28120"
"Leaver Dept.","2023","Debt","Outside London","SEO/HEO","[c]","[c]","[c]","[c]"
"Leaver Dept.","2023","Digital, Data & Technology","London","AA/AO","5","[c]","[c]","[c]"
"Leaver Dept.","2023","Digital, Data & Technology","London","EO","25","[c]","29080","28650"
"Leaver Dept.","2023","Digital, Data & Technology","London","G6/G7","75","[c]","61240","59290"
"Leaver Dept.","2023","Digital, Data & Technology","London","SCS level","15","[c]","87010","87130"
"Leaver Dept.","2023","Digital, Data & Technology","London","SEO/HEO","115","[c]","38690","38450"
"Leaver Dept.","2023","Digital, Data & Technology","London","Unknown","[c]","[c]","[c]","[c]"
"Leaver Dept.","2023","Digital, Data & Technology","Outside London","AA/AO","20","[c]","21880","21720"
"Leaver Dept.","2023","Digital, Data & Technology","Outside London","EO","80","[c]","27100","27170"
"Leaver Dept.","2023","Digital, Data & Technology","Outside London","G6/G7","110","[c]","55480","54000"
"Leaver Dept.","2023","Digital, Data & Technology","Outside London","SCS level","[c]","[c]","[c]","[c]"
"Leaver Dept.","2023","Digital, Data & Technology","Outside London","SEO/HEO","280","[c]","36440","36790"
"Leaver Dept.","2023","Digital, Data & Technology","Outside London","Unknown","[c]","[c]","[c]","[c]"
"Leaver Dept.","2023","Digital, Data & Technology","Unknown","AA/AO","[c]","[c]","[c]","[c]"
"Leaver Dept.","2023","Digital, Data & Technology","Unknown","G6/G7","[c]","[c]","[c]","[c]"
"Leaver Dept.","2023","Digital, Data & Technology","Unknown","SEO/HEO","5","[c]","[c]","[c]"
"Leaver Dept.","2023","Finance","London","AA/AO","[c]","[c]","[c]","[c]"
"Leaver Dept.","2023","Finance","London","EO","25","[c]","29970","30970"
"Leaver Dept.","2023","Finance","London","G6/G7","50","[c]","63370","62760"
"Leaver Dept.","2023","Finance","London","SCS level","15","[c]","104310","101830"
"Leaver Dept.","2023","Finance","London","SEO/HEO","105","[c]","37130","35410"
"Leaver Dept.","2023","Finance","Outside London","AA/AO","20","[c]","21680","22220"
"Leaver Dept.","2023","Finance","Outside London","EO","45","[c]","27050","26920"
"Leaver Dept.","2023","Finance","Outside London","G6/G7","55","[c]","57290","52680"
"Leaver Dept.","2023","Finance","Outside London","SCS level","10","[c]","[c]","[c]"
"Leaver Dept.","2023","Finance","Outside London","SEO/HEO","125","[c]","36480","35310"
"Leaver Dept.","2023","Finance","Overseas","EO","[c]","[c]","[c]","[c]"
"Leaver Dept.","2023","Finance","Overseas","G6/G7","[c]","[c]","[c]","[c]"
"Leaver Dept.","2023","Finance","Unknown","SEO/HEO","10","[c]","33260","32630"
"Leaver Dept.","2023","Grants Management","London","G6/G7","[c]","[c]","[c]","[c]"
"Leaver Dept.","2023","Grants Management","London","SCS level","[c]","[c]","[c]","[c]"
"Leaver Dept.","2023","Grants Management","Outside London","AA/AO","35","[c]","21810","22150"
"Leaver Dept.","2023","Grants Management","Outside London","EO","15","[c]","25480","25760"
"Leaver Dept.","2023","Grants Management","Outside London","G6/G7","[c]","[c]","[c]","[c]"
"Leaver Dept.","2023","Grants Management","Outside London","SEO/HEO","5","[c]","[c]","[c]"
"Leaver Dept.","2023","Human Resources","London","AA/AO","5","[c]","[c]","[c]"
"Leaver Dept.","2023","Human Resources","London","EO","40","[c]","28840","28370"
"Leaver Dept.","2023","Human Resources","London","G6/G7","70","[c]","60620","57850"
"Leaver Dept.","2023","Human Resources","London","SCS level","10","[c]","83040","80000"
"Leaver Dept.","2023","Human Resources","London","SEO/HEO","125","[c]","36830","35650"
"Leaver Dept.","2023","Human Resources","Outside London","AA/AO","90","[c]","21860","21720"
"Leaver Dept.","2023","Human Resources","Outside London","EO","100","[c]","26740","27090"
"Leaver Dept.","2023","Human Resources","Outside London","G6/G7","65","[c]","55190","53500"
"Leaver Dept.","2023","Human Resources","Outside London","SCS level","5","[c]","[c]","[c]"
"Leaver Dept.","2023","Human Resources","Outside London","SEO/HEO","240","[c]","35460","33910"
"Leaver Dept.","2023","Human Resources","Outside London","Unknown","[c]","[c]","[c]","[c]"
"Leaver Dept.","2023","Human Resources","Unknown","AA/AO","[c]","[c]","[c]","[c]"
"Leaver Dept.","2023","Human Resources","Unknown","G6/G7","[c]","[c]","[c]","[c]"
"Leaver Dept.","2023","Human Resources","Unknown","SEO/HEO","[c]","[c]","[c]","[c]"
"Leaver Dept.","2023","Internal Audit","London","G6/G7","[c]","[c]","[c]","[c]"
"Leaver Dept.","2023","Internal Audit","London","SEO/HEO","5","[c]","[c]","[c]"
"Leaver Dept.","2023","Internal Audit","Outside London","EO","[c]","[c]","[c]","[c]"
"Leaver Dept.","2023","Internal Audit","Outside London","G6/G7","[c]","[c]","[c]","[c]"
"Leaver Dept.","2023","Internal Audit","Outside London","SCS level","[c]","[c]","[c]","[c]"
"Leaver Dept.","2023","Internal Audit","Outside London","SEO/HEO","10","[c]","[c]","[c]"
"Leaver Dept.","2023","Legal","London","AA/AO","20","[c]","24430","24480"
"Leaver Dept.","2023","Legal","London","EO","35","[c]","28110","27760"
"Leaver Dept.","2023","Legal","London","G6/G7","80","[c]","60230","56780"
"Leaver Dept.","2023","Legal","London","SCS level","15","[c]","87520","87460"
"Leaver Dept.","2023","Legal","London","SEO/HEO","30","[c]","35980","32660"
"Leaver Dept.","2023","Legal","Outside London","AA/AO","20","[c]","23420","22870"
"Leaver Dept.","2023","Legal","Outside London","EO","30","[c]","27300","26900"
"Leaver Dept.","2023","Legal","Outside London","G6/G7","35","[c]","57210","55050"
"Leaver Dept.","2023","Legal","Outside London","SCS level","[c]","[c]","[c]","[c]"
"Leaver Dept.","2023","Legal","Outside London","SEO/HEO","25","[c]","36270","32660"
"Leaver Dept.","2023","No function","London","AA/AO","220","[c]","25120","25480"
"Leaver Dept.","2023","No function","London","EO","670","[c]","30260","29890"
"Leaver Dept.","2023","No function","London","G6/G7","1015","[c]","58860","56430"
"Leaver Dept.","2023","No function","London","SCS level","180","[c]","87560","79000"
"Leaver Dept.","2023","No function","London","SEO/HEO","1640","[c]","37980","36240"
"Leaver Dept.","2023","No function","London","Unknown","25","[c]","[c]","[c]"
"Leaver Dept.","2023","No function","Outside London","AA/AO","1865","[c]","21780","21690"
"Leaver Dept.","2023","No function","Outside London","EO","1860","[c]","27520","27570"
"Leaver Dept.","2023","No function","Outside London","G6/G7","280","[c]","55870","54000"
"Leaver Dept.","2023","No function","Outside London","SCS level","35","[c]","90800","78830"
"Leaver Dept.","2023","No function","Outside London","SEO/HEO","1065","[c]","35010","34170"
"Leaver Dept.","2023","No function","Outside London","Unknown","120","[c]","[c]","[c]"
"Leaver Dept.","2023","No function","Overseas","G6/G7","10","[c]","[c]","[c]"
"Leaver Dept.","2023","No function","Overseas","SCS level","[c]","[c]","[c]","[c]"
"Leaver Dept.","2023","No function","Overseas","SEO/HEO","10","[c]","[c]","[c]"
"Leaver Dept.","2023","No function","Overseas","Unknown","[c]","[c]","[c]","[c]"
"Leaver Dept.","2023","No function","Unknown","AA/AO","[c]","[c]","[c]","[c]"
"Leaver Dept.","2023","No function","Unknown","EO","25","[c]","28600","28120"
"Leaver Dept.","2023","No function","Unknown","G6/G7","5","[c]","[c]","[c]"
"Leaver Dept.","2023","No function","Unknown","SCS level","[c]","[c]","[c]","[c]"
"Leaver Dept.","2023","No function","Unknown","SEO/HEO","15","[c]","36680","34170"
"Leaver Dept.","2023","Project Delivery","London","AA/AO","[c]","[c]","[c]","[c]"
"Leaver Dept.","2023","Project Delivery","London","EO","20","[c]","29090","28380"
"Leaver Dept.","2023","Project Delivery","London","G6/G7","50","[c]","57660","55120"
"Leaver Dept.","2023","Project Delivery","London","SCS level","10","[c]","[c]","[c]"
"Leaver Dept.","2023","Project Delivery","London","SEO/HEO","135","[c]","35950","34430"
"Leaver Dept.","2023","Project Delivery","Outside London","AA/AO","[c]","[c]","[c]","[c]"
"Leaver Dept.","2023","Project Delivery","Outside London","EO","50","[c]","26750","26940"
"Leaver Dept.","2023","Project Delivery","Outside London","G6/G7","70","[c]","55880","54440"
"Leaver Dept.","2023","Project Delivery","Outside London","SCS level","5","[c]","[c]","[c]"
"Leaver Dept.","2023","Project Delivery","Outside London","SEO/HEO","180","[c]","36710","36050"
"Leaver Dept.","2023","Project Delivery","Outside London","Unknown","10","[c]","[c]","[c]"
"Leaver Dept.","2023","Project Delivery","Overseas","G6/G7","[c]","[c]","[c]","[c]"
"Leaver Dept.","2023","Project Delivery","Overseas","SEO/HEO","[c]","[c]","[c]","[c]"
"Leaver Dept.","2023","Project Delivery","Unknown","AA/AO","[c]","[c]","[c]","[c]"
"Leaver Dept.","2023","Project Delivery","Unknown","SEO/HEO","10","[c]","[c]","[c]"
"Leaver Dept.","2023","Property","London","EO","[c]","[c]","[c]","[c]"
"Leaver Dept.","2023","Property","London","G6/G7","10","[c]","[c]","[c]"
"Leaver Dept.","2023","Property","London","SCS level","[c]","[c]","[c]","[c]"
"Leaver Dept.","2023","Property","London","SEO/HEO","25","[c]","38420","37220"
"Leaver Dept.","2023","Property","Outside London","AA/AO","50","[c]","22100","22520"
"Leaver Dept.","2023","Property","Outside London","EO","35","[c]","26260","26020"
"Leaver Dept.","2023","Property","Outside London","G6/G7","30","[c]","56060","55560"
"Leaver Dept.","2023","Property","Outside London","SCS level","[c]","[c]","[c]","[c]"
"Leaver Dept.","2023","Property","Outside London","SEO/HEO","60","[c]","37300","36670"
"Leaver Dept.","2023","Property","Unknown","G6/G7","[c]","[c]","[c]","[c]"
"Leaver Dept.","2023","Property","Unknown","SEO/HEO","[c]","[c]","[c]","[c]"
"Leaver Dept.","2023","Security","London","AA/AO","5","[c]","[c]","[c]"
"Leaver Dept.","2023","Security","London","EO","20","[c]","26610","27300"
"Leaver Dept.","2023","Security","London","G6/G7","15","[c]","58260","56430"
"Leaver Dept.","2023","Security","London","SCS level","[c]","[c]","[c]","[c]"
"Leaver Dept.","2023","Security","London","SEO/HEO","40","[c]","37600","35650"
"Leaver Dept.","2023","Security","Outside London","AA/AO","45","[c]","24370","22220"
"Leaver Dept.","2023","Security","Outside London","EO","25","[c]","26220","24860"
"Leaver Dept.","2023","Security","Outside London","G6/G7","10","[c]","[c]","[c]"
"Leaver Dept.","2023","Security","Outside London","SEO/HEO","55","[c]","36180","34320"
"Leaver Dept.","2023","Security","Outside London","Unknown","[c]","[c]","[c]","[c]"
"Leaver Dept.","2023","Security","Overseas","SEO/HEO","[c]","[c]","[c]","[c]"
"Leaver Dept.","2023","Security","Unknown","EO","[c]","[c]","[c]","[c]"
"Leaver Dept.","2023","Unknown","London","AA/AO","10","[c]","[c]","[c]"
"Leaver Dept.","2023","Unknown","London","EO","70","[c]","29270","29940"
"Leaver Dept.","2023","Unknown","London","G6/G7","200","[c]","58260","55290"
"Leaver Dept.","2023","Unknown","London","SCS level","40","[c]","[c]","[c]"
"Leaver Dept.","2023","Unknown","London","SEO/HEO","480","[c]","33030","32000"
"Leaver Dept.","2023","Unknown","Outside London","AA/AO","35","[c]","25400","24630"
"Leaver Dept.","2023","Unknown","Outside London","EO","75","[c]","28380","28120"
"Leaver Dept.","2023","Unknown","Outside London","G6/G7","95","[c]","61130","61440"
"Leaver Dept.","2023","Unknown","Outside London","SCS level","10","[c]","[c]","[c]"
"Leaver Dept.","2023","Unknown","Outside London","SEO/HEO","240","[c]","36760","34730"
"Leaver Dept.","2023","Unknown","Overseas","EO","[c]","[c]","[c]","[c]"
"Leaver Dept.","2023","Unknown","Overseas","G6/G7","10","[c]","[c]","[c]"
"Leaver Dept.","2023","Unknown","Overseas","SCS level","5","[c]","[c]","[c]"
"Leaver Dept.","2023","Unknown","Overseas","SEO/HEO","5","[c]","[c]","[c]"
"Leaver Dept.","2023","Unknown","Unknown","AA/AO","[c]","[c]","[c]","[c]"
"Leaver Dept.","2023","Unknown","Unknown","EO","10","[c]","[c]","[c]"
"Leaver Dept.","2023","Unknown","Unknown","G6/G7","5","[c]","[c]","[c]"
"Leaver Dept.","2023","Unknown","Unknown","SCS level","[c]","[c]","[c]","[c]"
"Leaver Dept.","2023","Unknown","Unknown","SEO/HEO","25","[c]","33900","32000"
"Leaver Dept.","2023","Unknown","Unknown","Unknown","10","[c]","[c]","[c]"
"New entrant CS","2023","Analysis","London","AA/AO","85","[c]","23950","23500"
"New entrant CS","2023","Analysis","London","EO","110","[c]","29210","29280"
"New entrant CS","2023","Analysis","London","G6/G7","35","[c]","65810","58370"
"New entrant CS","2023","Analysis","London","SCS level","5","[c]","[c]","[c]"
"New entrant CS","2023","Analysis","London","SEO/HEO","395","[c]","36120","35410"
"New entrant CS","2023","Analysis","Outside London","AA/AO","130","[c]","21390","21200"
"New entrant CS","2023","Analysis","Outside London","EO","110","[c]","26060","25920"
"New entrant CS","2023","Analysis","Outside London","G6/G7","55","[c]","57100","53030"
"New entrant CS","2023","Analysis","Outside London","SCS level","[c]","[c]","[c]","[c]"
"New entrant CS","2023","Analysis","Outside London","SEO/HEO","550","[c]","33270","31560"
"New entrant CS","2023","Analysis","Unknown","AA/AO","[c]","[c]","[c]","[c]"
"New entrant CS","2023","Analysis","Unknown","EO","[c]","[c]","[c]","[c]"
"New entrant CS","2023","Analysis","Unknown","G6/G7","[c]","[c]","[c]","[c]"
"New entrant CS","2023","Analysis","Unknown","SEO/HEO","[c]","[c]","[c]","[c]"
"New entrant CS","2023","Commercial","London","AA/AO","10","[c]","[c]","[c]"
"New entrant CS","2023","Commercial","London","EO","30","[c]","29440","30170"
"New entrant CS","2023","Commercial","London","G6/G7","30","[c]","67660","68000"
"New entrant CS","2023","Commercial","London","SCS level","[c]","[c]","[c]","[c]"
"New entrant CS","2023","Commercial","London","SEO/HEO","85","[c]","35250","35010"
"New entrant CS","2023","Commercial","London","Unknown","[c]","[c]","[c]","[c]"
"New entrant CS","2023","Commercial","Outside London","AA/AO","90","[c]","22340","22040"
"New entrant CS","2023","Commercial","Outside London","EO","100","[c]","26640","27080"
"New entrant CS","2023","Commercial","Outside London","G6/G7","100","[c]","66340","65500"
"New entrant CS","2023","Commercial","Outside London","SCS level","5","[c]","[c]","[c]"
"New entrant CS","2023","Commercial","Outside London","SEO/HEO","265","[c]","35420","33830"
"New entrant CS","2023","Commercial","Outside London","Unknown","25","[c]","33990","32500"
"New entrant CS","2023","Commercial","Unknown","EO","[c]","[c]","[c]","[c]"
"New entrant CS","2023","Commercial","Unknown","G6/G7","[c]","[c]","[c]","[c]"
"New entrant CS","2023","Communications","London","AA/AO","20","[c]","23530","24280"
"New entrant CS","2023","Communications","London","EO","50","[c]","28950","28970"
"New entrant CS","2023","Communications","London","G6/G7","35","[c]","61500","59140"
"New entrant CS","2023","Communications","London","SCS level","5","[c]","[c]","[c]"
"New entrant CS","2023","Communications","London","SEO/HEO","190","[c]","39060","38100"
"New entrant CS","2023","Communications","London","Unknown","[c]","[c]","[c]","[c]"
"New entrant CS","2023","Communications","Outside London","AA/AO","20","[c]","22280","22220"
"New entrant CS","2023","Communications","Outside London","EO","45","[c]","25980","25970"
"New entrant CS","2023","Communications","Outside London","G6/G7","30","[c]","56340","53760"
"New entrant CS","2023","Communications","Outside London","SCS level","[c]","[c]","[c]","[c]"
"New entrant CS","2023","Communications","Outside London","SEO/HEO","165","[c]","35670","34000"
"New entrant CS","2023","Communications","Unknown","AA/AO","[c]","[c]","[c]","[c]"
"New entrant CS","2023","Counter Fraud","London","AA/AO","20","[c]","26200","25610"
"New entrant CS","2023","Counter Fraud","London","EO","70","[c]","30610","31980"
"New entrant CS","2023","Counter Fraud","London","G6/G7","5","[c]","[c]","[c]"
"New entrant CS","2023","Counter Fraud","London","SEO/HEO","30","[c]","38220","39150"
"New entrant CS","2023","Counter Fraud","Outside London","AA/AO","230","[c]","23040","21690"
"New entrant CS","2023","Counter Fraud","Outside London","EO","195","[c]","27850","27890"
"New entrant CS","2023","Counter Fraud","Outside London","G6/G7","15","[c]","54350","54680"
"New entrant CS","2023","Counter Fraud","Outside London","SEO/HEO","95","[c]","35070","34170"
"New entrant CS","2023","Counter Fraud","Unknown","G6/G7","[c]","[c]","[c]","[c]"
"New entrant CS","2023","Counter Fraud","Unknown","SEO/HEO","[c]","[c]","[c]","[c]"
"New entrant CS","2023","Debt","London","AA/AO","145","[c]","26890","26920"
"New entrant CS","2023","Debt","Outside London","AA/AO","1500","[c]","22250","22520"
"New entrant CS","2023","Debt","Outside London","EO","20","[c]","27690","27650"
"New entrant CS","2023","Debt","Outside London","SEO/HEO","[c]","[c]","[c]","[c]"
"New entrant CS","2023","Debt","Unknown","AA/AO","[c]","[c]","[c]","[c]"
"New entrant CS","2023","Digital, Data & Technology","London","AA/AO","30","[c]","20950","19480"
"New entrant CS","2023","Digital, Data & Technology","London","EO","125","[c]","29330","29750"
"New entrant CS","2023","Digital, Data & Technology","London","G6/G7","190","[c]","61320","59000"
"New entrant CS","2023","Digital, Data & Technology","London","SCS level","20","[c]","111330","108000"
"New entrant CS","2023","Digital, Data & Technology","London","SEO/HEO","335","[c]","38780","39110"
"New entrant CS","2023","Digital, Data & Technology","London","Unknown","[c]","[c]","[c]","[c]"
"New entrant CS","2023","Digital, Data & Technology","Outside London","AA/AO","175","[c]","21490","21690"
"New entrant CS","2023","Digital, Data & Technology","Outside London","EO","590","[c]","27320","27140"
"New entrant CS","2023","Digital, Data & Technology","Outside London","G6/G7","475","[c]","56580","54680"
"New entrant CS","2023","Digital, Data & Technology","Outside London","SCS level","25","[c]","103640","108000"
"New entrant CS","2023","Digital, Data & Technology","Outside London","SEO/HEO","1215","[c]","37100","37300"
"New entrant CS","2023","Digital, Data & Technology","Outside London","Unknown","10","[c]","30280","30080"
"New entrant CS","2023","Digital, Data & Technology","Overseas","AA/AO","[c]","[c]","[c]","[c]"
"New entrant CS","2023","Digital, Data & Technology","Overseas","EO","[c]","[c]","[c]","[c]"
"New entrant CS","2023","Digital, Data & Technology","Unknown","G6/G7","[c]","[c]","[c]","[c]"
"New entrant CS","2023","Digital, Data & Technology","Unknown","SEO/HEO","5","[c]","[c]","[c]"
"New entrant CS","2023","Finance","London","AA/AO","15","[c]","24870","24750"
"New entrant CS","2023","Finance","London","EO","45","[c]","28590","29200"
"New entrant CS","2023","Finance","London","G6/G7","30","[c]","61000","59180"
"New entrant CS","2023","Finance","London","SCS level","[c]","[c]","[c]","[c]"
"New entrant CS","2023","Finance","London","SEO/HEO","105","[c]","39050","39150"
"New entrant CS","2023","Finance","Outside London","AA/AO","225","[c]","22270","22520"
"New entrant CS","2023","Finance","Outside London","EO","140","[c]","26720","27080"
"New entrant CS","2023","Finance","Outside London","G6/G7","60","[c]","55010","53010"
"New entrant CS","2023","Finance","Outside London","SCS level","[c]","[c]","[c]","[c]"
"New entrant CS","2023","Finance","Outside London","SEO/HEO","210","[c]","36780","34850"
"New entrant CS","2023","Finance","Outside London","Unknown","[c]","[c]","[c]","[c]"
"New entrant CS","2023","Finance","Overseas","EO","[c]","[c]","[c]","[c]"
"New entrant CS","2023","Finance","Overseas","SEO/HEO","[c]","[c]","[c]","[c]"
"New entrant CS","2023","Finance","Unknown","SEO/HEO","[c]","[c]","[c]","[c]"
"New entrant CS","2023","Grants Management","London","EO","[c]","[c]","[c]","[c]"
"New entrant CS","2023","Grants Management","London","G6/G7","[c]","[c]","[c]","[c]"
"New entrant CS","2023","Grants Management","London","SEO/HEO","[c]","[c]","[c]","[c]"
"New entrant CS","2023","Grants Management","Outside London","AA/AO","345","[c]","22010","22150"
"New entrant CS","2023","Grants Management","Outside London","EO","45","[c]","25280","25920"
"New entrant CS","2023","Grants Management","Outside London","G6/G7","[c]","[c]","[c]","[c]"
"New entrant CS","2023","Grants Management","Outside London","SEO/HEO","15","[c]","32900","30320"
"New entrant CS","2023","Human Resources","London","AA/AO","10","[c]","23970","24500"
"New entrant CS","2023","Human Resources","London","EO","75","[c]","28250","28770"
"New entrant CS","2023","Human Resources","London","G6/G7","20","[c]","64210","58730"
"New entrant CS","2023","Human Resources","London","SCS level","[c]","[c]","[c]","[c]"
"New entrant CS","2023","Human Resources","London","SEO/HEO","80","[c]","36720","36000"
"New entrant CS","2023","Human Resources","London","Unknown","[c]","[c]","[c]","[c]"
"New entrant CS","2023","Human Resources","Outside London","AA/AO","225","[c]","21990","22220"
"New entrant CS","2023","Human Resources","Outside London","EO","280","[c]","27050","27080"
"New entrant CS","2023","Human Resources","Outside London","G6/G7","90","[c]","55110","54440"
"New entrant CS","2023","Human Resources","Outside London","SCS level","5","[c]","[c]","[c]"
"New entrant CS","2023","Human Resources","Outside London","SEO/HEO","330","[c]","35940","34400"
"New entrant CS","2023","Human Resources","Outside London","Unknown","10","[c]","28900","27220"
"New entrant CS","2023","Human Resources","Overseas","EO","[c]","[c]","[c]","[c]"
"New entrant CS","2023","Human Resources","Overseas","G6/G7","[c]","[c]","[c]","[c]"
"New entrant CS","2023","Human Resources","Overseas","SEO/HEO","20","[c]","45800","45690"
"New entrant CS","2023","Human Resources","Unknown","AA/AO","[c]","[c]","[c]","[c]"
"New entrant CS","2023","Human Resources","Unknown","EO","[c]","[c]","[c]","[c]"
"New entrant CS","2023","Human Resources","Unknown","G6/G7","[c]","[c]","[c]","[c]"
"New entrant CS","2023","Human Resources","Unknown","SCS level","[c]","[c]","[c]","[c]"
"New entrant CS","2023","Internal Audit","London","G6/G7","[c]","[c]","[c]","[c]"
"New entrant CS","2023","Internal Audit","London","SCS level","[c]","[c]","[c]","[c]"
"New entrant CS","2023","Internal Audit","London","SEO/HEO","20","[c]","41610","43160"
"New entrant CS","2023","Internal Audit","Outside London","AA/AO","[c]","[c]","[c]","[c]"
"New entrant CS","2023","Internal Audit","Outside London","EO","[c]","[c]","[c]","[c]"
"New entrant CS","2023","Internal Audit","Outside London","G6/G7","10","[c]","[c]","[c]"
"New entrant CS","2023","Internal Audit","Outside London","SCS level","[c]","[c]","[c]","[c]"
"New entrant CS","2023","Internal Audit","Outside London","SEO/HEO","20","[c]","36450","35700"
"New entrant CS","2023","Internal Audit","Overseas","EO","[c]","[c]","[c]","[c]"
"New entrant CS","2023","Internal Audit","Unknown","SEO/HEO","[c]","[c]","[c]","[c]"
"New entrant CS","2023","Legal","London","AA/AO","115","[c]","22830","21890"
"New entrant CS","2023","Legal","London","EO","180","[c]","28810","27760"
"New entrant CS","2023","Legal","London","G6/G7","190","[c]","57190","54230"
"New entrant CS","2023","Legal","London","SCS level","[c]","[c]","[c]","[c]"
"New entrant CS","2023","Legal","London","SEO/HEO","100","[c]","40180","40800"
"New entrant CS","2023","Legal","Outside London","AA/AO","400","[c]","21540","21120"
"New entrant CS","2023","Legal","Outside London","EO","155","[c]","26910","26900"
"New entrant CS","2023","Legal","Outside London","G6/G7","210","[c]","52660","52360"
"New entrant CS","2023","Legal","Outside London","SCS level","[c]","[c]","[c]","[c]"
"New entrant CS","2023","Legal","Outside London","SEO/HEO","190","[c]","37950","38760"
"New entrant CS","2023","Legal","Overseas","G6/G7","[c]","[c]","[c]","[c]"
"New entrant CS","2023","Legal","Unknown","EO","[c]","[c]","[c]","[c]"
"New entrant CS","2023","No function","London","AA/AO","1900","[c]","27820","26400"
"New entrant CS","2023","No function","London","EO","1525","[c]","29750","29750"
"New entrant CS","2023","No function","London","G6/G7","420","[c]","61460","57650"
"New entrant CS","2023","No function","London","SCS level","70","[c]","108000","99430"
"New entrant CS","2023","No function","London","SEO/HEO","1405","[c]","37390","35940"
"New entrant CS","2023","No function","London","Unknown","380","[c]","26410","27640"
"New entrant CS","2023","No function","Outside London","AA/AO","17480","[c]","23880","22500"
"New entrant CS","2023","No function","Outside London","EO","5190","[c]","27030","25880"
"New entrant CS","2023","No function","Outside London","G6/G7","780","[c]","59920","56000"
"New entrant CS","2023","No function","Outside London","SCS level","60","[c]","102720","95170"
"New entrant CS","2023","No function","Outside London","SEO/HEO","2945","[c]","36830","34400"
"New entrant CS","2023","No function","Outside London","Unknown","3680","[c]","22780","23640"
"New entrant CS","2023","No function","Overseas","AA/AO","[c]","[c]","[c]","[c]"
"New entrant CS","2023","No function","Overseas","EO","5","[c]","[c]","[c]"
"New entrant CS","2023","No function","Overseas","G6/G7","[c]","[c]","[c]","[c]"
"New entrant CS","2023","No function","Overseas","SCS level","[c]","[c]","[c]","[c]"
"New entrant CS","2023","No function","Overseas","SEO/HEO","15","[c]","49140","48310"
"New entrant CS","2023","No function","Overseas","Unknown","[c]","[c]","[c]","[c]"
"New entrant CS","2023","No function","Unknown","AA/AO","95","[c]","24490","23110"
"New entrant CS","2023","No function","Unknown","EO","40","[c]","28620","25750"
"New entrant CS","2023","No function","Unknown","G6/G7","5","[c]","[c]","[c]"
"New entrant CS","2023","No function","Unknown","SCS level","[c]","[c]","[c]","[c]"
"New entrant CS","2023","No function","Unknown","SEO/HEO","[c]","[c]","[c]","[c]"
"New entrant CS","2023","No function","Unknown","Unknown","5","[c]","[c]","[c]"
"New entrant CS","2023","Project Delivery","London","AA/AO","20","[c]","23240","23200"
"New entrant CS","2023","Project Delivery","London","EO","70","[c]","28270","27920"
"New entrant CS","2023","Project Delivery","London","G6/G7","65","[c]","61700","59530"
"New entrant CS","2023","Project Delivery","London","SCS level","20","[c]","91930","91500"
"New entrant CS","2023","Project Delivery","London","SEO/HEO","230","[c]","35900","35040"
"New entrant CS","2023","Project Delivery","Outside London","AA/AO","155","[c]","21640","22150"
"New entrant CS","2023","Project Delivery","Outside London","EO","205","[c]","26000","25900"
"New entrant CS","2023","Project Delivery","Outside London","G6/G7","230","[c]","55050","52600"
"New entrant CS","2023","Project Delivery","Outside London","SCS level","15","[c]","95620","90000"
"New entrant CS","2023","Project Delivery","Outside London","SEO/HEO","565","[c]","35630","34400"
"New entrant CS","2023","Project Delivery","Outside London","Unknown","215","[c]","33150","32500"
"New entrant CS","2023","Property","London","AA/AO","20","[c]","26050","26920"
"New entrant CS","2023","Property","London","EO","20","[c]","28920","29660"
"New entrant CS","2023","Property","London","G6/G7","20","[c]","58010","56190"
"New entrant CS","2023","Property","London","SCS level","[c]","[c]","[c]","[c]"
"New entrant CS","2023","Property","London","SEO/HEO","50","[c]","38350","39150"
"New entrant CS","2023","Property","Outside London","AA/AO","355","[c]","22330","22520"
"New entrant CS","2023","Property","Outside London","EO","120","[c]","26860","26960"
"New entrant CS","2023","Property","Outside London","G6/G7","70","[c]","57150","55080"
"New entrant CS","2023","Property","Outside London","SCS level","10","[c]","[c]","[c]"
"New entrant CS","2023","Property","Outside London","SEO/HEO","245","[c]","36610","34580"
"New entrant CS","2023","Property","Outside London","Unknown","[c]","[c]","[c]","[c]"
"New entrant CS","2023","Property","Overseas","SEO/HEO","[c]","[c]","[c]","[c]"
"New entrant CS","2023","Property","Unknown","G6/G7","[c]","[c]","[c]","[c]"
"New entrant CS","2023","Security","London","AA/AO","20","[c]","29200","26710"
"New entrant CS","2023","Security","London","EO","25","[c]","30080","29660"
"New entrant CS","2023","Security","London","G6/G7","10","[c]","63870","62220"
"New entrant CS","2023","Security","London","SCS level","[c]","[c]","[c]","[c]"
"New entrant CS","2023","Security","London","SEO/HEO","30","[c]","38830","37850"
"New entrant CS","2023","Security","Outside London","AA/AO","640","[c]","27060","26450"
"New entrant CS","2023","Security","Outside London","EO","100","[c]","26380","26710"
"New entrant CS","2023","Security","Outside London","G6/G7","25","[c]","58080","54000"
"New entrant CS","2023","Security","Outside London","SCS level","[c]","[c]","[c]","[c]"
"New entrant CS","2023","Security","Outside London","SEO/HEO","95","[c]","36130","33830"
"New entrant CS","2023","Security","Outside London","Unknown","5","[c]","[c]","[c]"
"New entrant CS","2023","Security","Overseas","SEO/HEO","[c]","[c]","[c]","[c]"
"New entrant CS","2023","Security","Unknown","AA/AO","[c]","[c]","[c]","[c]"
"New entrant CS","2023","Security","Unknown","EO","20","[c]","24330","24330"
"New entrant CS","2023","Unknown","London","AA/AO","20","[c]","23810","25610"
"New entrant CS","2023","Unknown","London","EO","70","[c]","25280","27070"
"New entrant CS","2023","Unknown","London","G6/G7","20","[c]","59300","55150"
"New entrant CS","2023","Unknown","London","SCS level","[c]","[c]","[c]","[c]"
"New entrant CS","2023","Unknown","London","SEO/HEO","255","[c]","31440","28840"
"New entrant CS","2023","Unknown","Outside London","AA/AO","1440","[c]","22670","22180"
"New entrant CS","2023","Unknown","Outside London","EO","1060","[c]","29060","29100"
"New entrant CS","2023","Unknown","Outside London","G6/G7","360","[c]","57730","53440"
"New entrant CS","2023","Unknown","Outside London","SCS level","25","[c]","91690","81890"
"New entrant CS","2023","Unknown","Outside London","SEO/HEO","1290","[c]","36350","35020"
"New entrant CS","2023","Unknown","Overseas","G6/G7","[c]","[c]","[c]","[c]"
"New entrant CS","2023","Unknown","Overseas","SEO/HEO","[c]","[c]","[c]","[c]"
"New entrant CS","2023","Unknown","Unknown","EO","[c]","[c]","[c]","[c]"
"New entrant CS","2023","Unknown","Unknown","SEO/HEO","5","[c]","[c]","[c]"
"New entrant CS","2023","Unknown","Unknown","Unknown","150","[c]","22470","17530"
"Notes","Summary figures are suppressed when information relates to less than 5 civil servants for FTE or Headcount, and less than 10 civil servants for median and mean salary (shown as [c]). Zero responses and salaries for less than 30 civil servants have been suppressed for GPDR special category data. FTE figures are not shown for entrants or leavers due to data quality concerns for these groups. Figures are rounded to the nearest 5, or 10 as appropriate.","","","","","","",""
"Data source","All figures are aggregated from the Cabinet Office Annual Civil Service Employment Survey collection. https://www.gov.uk/government/collections/civil-service-statistics","","","","","","",""
"Version","Generated on 2023-07-26, with GIT d545f65.","","","","","","",""
"Data column","Description","","","","","","",""
"Status","Employment status of the civil servants.","","","","","","",""
"","In post - includes staff that were in post on the reference date (31 March).","","","","","","",""
"","New entrant CS - includes new entrants to the Civil Service over the year (1 April to 31 March).","","","","","","",""
"","Leaver CS - includes leavers from the Civil Service over the year (1 April to 31 March). This includes employees who have an Unknown leaving cause.","","","","","","",""
"","Leaver Dept. - includes leavers from the department over the year (1 April to 31 March), who did not leave the Civil Service.","","","","","","",""
"","Four organisations do not report when their employees first entered the Civil Service and so entrants data for these organisations is not available . These are as follows: Foreign Commonwealth and Development Office (excl. agencies), Foreign Commonwealth and Development Office Services, Scottish Forestry and Forest and Land Scotland. A further three organisations also could not provide entrants data in 2021. These are as follows: Department for International Development, Foreign and Commonwealth Office (excl. agencies) and Royal Fleet Auxiliary.","","","","","","",""
"Year","Year of data collection (as at 31 March).","","","","","","",""
"Responsibility_level_grouped","With the exception of the centrally managed Senior Civil Service, government departments have delegated pay and grading. For statistical purposes departments are asked to map their grades to a common framework by responsibility level.","","","","","","",""
"","This table shows staff in their substantive responsibility level unless on temporary promotion in which case staff are recorded at the higher responsibility level.","","","","","","",""
"","Responsibility_level_grouped combines the mapped grades into five broad responsibility levels. This is the headline measure for responsibility level for the Civil Service and is consistent with the published National Statistics.","","","","","","",""
"Region_london","Workplace postcode data are used to derive geographical information using the International Territorial Level (ITL) classification standard.","","","","","","",""
"","Region_london groups the ITL classifications into ""London"", ""Outside London"": all UK regions excluding London, ""Overseas"", and ""Unknown"".","","","","","","",""
"Function_of_post","Functions relate to the post occupied by the person and are not dependent on qualifications the individual may have.","","","","","","",""
"","Welsh Government and Royal Fleet Auxiliary did not report any functions information for their employees.","","","","","","",""
"","Of the 20 bodies under the Scottish Government, 16 did not report any functions information for their employees.","","","","","","",""
"Headcount","Total number of civil servants (rounded to nearest 5).","","","","","","",""
"FTE","Total full-time equivalent (FTE) employment numbers (rounded to nearest 5).","","","","","","",""
"","FTE figures are not shown for entrants or leavers due to data quality concerns for these groups.","","","","","","",""
"Mean_salary","Average salary (mean, rounded to nearest 10). For part-time employees, salaries represent the full-time equivalent earnings, while for full-time employees they are the actual annual gross salaries.","","","","","","",""
"","These figures should be interpreted with caution when the total number of employees in a group is small, as they will tend to show more variability than larger groups (i.e. may be much higher or lower than can be explained by the data shown).","","","","","","",""
"Median_salary","Median salary (rounded to nearest 10). For part-time employees, salaries represent the full-time equivalent earnings, while for full-time employees they are the actual annual gross salaries.","","","","","","",""
"","These figures should be interpreted with caution when the total number of employees in a group is small, as they will tend to show more variability than larger groups (i.e. may be much higher or lower than can be explained by the data shown).","","","","","","",""
