"Status","Year","Age","Parent_department","Headcount","FTE","Mean_salary","Median_salary"
"In post","2023","16-19","Attorney General's Departments","60","60","21570","20980"
"In post","2023","16-19","Cabinet Office","15","15","25130","24610"
"In post","2023","16-19","Chancellor's other departments","[c]","[c]","[c]","[c]"
"In post","2023","16-19","Department for Business, Energy and Industrial Strategy","25","25","23320","22310"
"In post","2023","16-19","Department for Digital, Culture, Media and Sport","[c]","[c]","[c]","[c]"
"In post","2023","16-19","Department for Education","5","5","[c]","[c]"
"In post","2023","16-19","Department for Environment, Food and Rural Affairs","35","35","22800","22150"
"In post","2023","16-19","Department for International Trade","10","10","[c]","[c]"
"In post","2023","16-19","Department for Levelling Up, Housing and Communities","5","5","[c]","[c]"
"In post","2023","16-19","Department for Transport","95","85","21830","22500"
"In post","2023","16-19","Department for Work and Pensions","80","75","23050","21690"
"In post","2023","16-19","Department of Health and Social Care","10","10","24210","23990"
"In post","2023","16-19","Food Standards Agency","[c]","[c]","[c]","[c]"
"In post","2023","16-19","Foreign, Commonwealth and Development Office","35","35","24080","23800"
"In post","2023","16-19","HM Land Registry","10","10","[c]","[c]"
"In post","2023","16-19","HM Revenue and Customs","195","190","23280","22520"
"In post","2023","16-19","HM Treasury","5","5","[c]","[c]"
"In post","2023","16-19","Home Office","135","130","23960","22400"
"In post","2023","16-19","Ministry of Defence","235","235","20180","19430"
"In post","2023","16-19","Ministry of Justice","345","335","25600","23640"
"In post","2023","16-19","National Crime Agency","[c]","[c]","[c]","[c]"
"In post","2023","16-19","Northern Ireland Office","[c]","[c]","[c]","[c]"
"In post","2023","16-19","Office for Standards in Education, Children's Services and Skills","5","5","[c]","[c]"
"In post","2023","16-19","Office of Gas and Electricity Markets","[c]","[c]","[c]","[c]"
"In post","2023","16-19","Office of Qualifications and Examinations Regulation","[c]","[c]","[c]","[c]"
"In post","2023","16-19","Office of Rail and Road","[c]","[c]","[c]","[c]"
"In post","2023","16-19","Office of the Secretary of State for Scotland","[c]","[c]","[c]","[c]"
"In post","2023","16-19","Scottish Government","75","75","23130","22920"
"In post","2023","16-19","The National Archives","[c]","[c]","[c]","[c]"
"In post","2023","16-19","UK Export Finance","[c]","[c]","[c]","[c]"
"In post","2023","16-19","UK Statistics Authority","30","30","23120","24840"
"In post","2023","16-19","Welsh Government","10","10","22670","22150"
"In post","2023","20-29","Attorney General's Departments","1725","1710","30910","27760"
"In post","2023","20-29","Cabinet Office","2980","2970","34910","31640"
"In post","2023","20-29","Chancellor's other departments","70","70","37520","33000"
"In post","2023","20-29","Charity Commission","75","75","27910","25300"
"In post","2023","20-29","Competition and Markets Authority","175","175","38520","34110"
"In post","2023","20-29","Department for Business, Energy and Industrial Strategy","3120","3105","38330","37120"
"In post","2023","20-29","Department for Digital, Culture, Media and Sport","665","665","40320","35620"
"In post","2023","20-29","Department for Education","1580","1570","37260","35480"
"In post","2023","20-29","Department for Environment, Food and Rural Affairs","2405","2380","31640","30320"
"In post","2023","20-29","Department for International Trade","1155","1150","40930","40530"
"In post","2023","20-29","Department for Levelling Up, Housing and Communities","935","925","39500","36870"
"In post","2023","20-29","Department for Transport","2255","2205","32310","29970"
"In post","2023","20-29","Department for Work and Pensions","9010","8825","28180","28120"
"In post","2023","20-29","Department of Health and Social Care","2205","2175","36190","34190"
"In post","2023","20-29","Estyn","10","10","[c]","[c]"
"In post","2023","20-29","Food Standards Agency","160","160","34680","33000"
"In post","2023","20-29","Foreign, Commonwealth and Development Office","1585","1580","37150","36020"
"In post","2023","20-29","HM Land Registry","1035","1010","27870","28080"
"In post","2023","20-29","HM Revenue and Customs","11465","11260","30140","27890"
"In post","2023","20-29","HM Treasury","935","930","38840","33820"
"In post","2023","20-29","Home Office","7785","7680","29340","25880"
"In post","2023","20-29","Ministry of Defence","7885","7840","31310","30650"
"In post","2023","20-29","Ministry of Justice","17695","17375","28770","28880"
"In post","2023","20-29","National Crime Agency","760","755","36330","36040"
"In post","2023","20-29","Northern Ireland Office","40","40","42280","40670"
"In post","2023","20-29","Office for Standards in Education, Children's Services and Skills","175","175","30430","27400"
"In post","2023","20-29","Office of Gas and Electricity Markets","380","380","32180","30950"
"In post","2023","20-29","Office of Qualifications and Examinations Regulation","55","55","31350","31310"
"In post","2023","20-29","Office of Rail and Road","35","35","35440","35000"
"In post","2023","20-29","Office of the Secretary of State for Scotland","35","35","37920","35410"
"In post","2023","20-29","Office of the Secretary of State for Wales","15","15","35670","33000"
"In post","2023","20-29","Scottish Government","4615","4545","30720","29100"
"In post","2023","20-29","The National Archives","90","90","29520","26800"
"In post","2023","20-29","UK Export Finance","125","125","40410","37150"
"In post","2023","20-29","UK Statistics Authority","1285","1255","32610","31560"
"In post","2023","20-29","UK Supreme Court","15","15","29890","26420"
"In post","2023","20-29","Water Services Regulation Authority","45","45","35740","35330"
"In post","2023","20-29","Welsh Government","555","545","29730","27890"
"In post","2023","30-39","Attorney General's Departments","2275","2165","45700","50000"
"In post","2023","30-39","Cabinet Office","2625","2575","49480","51290"
"In post","2023","30-39","Chancellor's other departments","120","120","60380","55000"
"In post","2023","30-39","Charity Commission","115","115","35120","30170"
"In post","2023","30-39","Competition and Markets Authority","310","305","61520","59910"
"In post","2023","30-39","Department for Business, Energy and Industrial Strategy","3860","3730","44370","41360"
"In post","2023","30-39","Department for Digital, Culture, Media and Sport","735","720","51750","53030"
"In post","2023","30-39","Department for Education","2380","2295","45180","42170"
"In post","2023","30-39","Department for Environment, Food and Rural Affairs","3010","2885","37600","37300"
"In post","2023","30-39","Department for International Trade","1000","985","51480","55370"
"In post","2023","30-39","Department for Levelling Up, Housing and Communities","1125","1090","48830","49700"
"In post","2023","30-39","Department for Transport","3700","3495","35450","29910"
"In post","2023","30-39","Department for Work and Pensions","14305","13240","30020","28120"
"In post","2023","30-39","Department of Health and Social Care","2690","2580","46120","41950"
"In post","2023","30-39","Estyn","15","15","36230","30610"
"In post","2023","30-39","Food Standards Agency","350","345","38790","38100"
"In post","2023","30-39","Foreign, Commonwealth and Development Office","2330","2300","48820","51500"
"In post","2023","30-39","HM Land Registry","1220","1155","30870","28080"
"In post","2023","30-39","HM Revenue and Customs","17410","16705","35380","34700"
"In post","2023","30-39","HM Treasury","820","805","53800","54130"
"In post","2023","30-39","Home Office","10285","9815","33280","27690"
"In post","2023","30-39","Ministry of Defence","10950","10600","38380","37300"
"In post","2023","30-39","Ministry of Justice","21595","20545","32330","31240"
"In post","2023","30-39","National Crime Agency","1405","1375","40560","38640"
"In post","2023","30-39","Northern Ireland Office","45","45","49270","43650"
"In post","2023","30-39","Office for Standards in Education, Children's Services and Skills","435","420","45480","41050"
"In post","2023","30-39","Office of Gas and Electricity Markets","570","565","46600","45610"
"In post","2023","30-39","Office of Qualifications and Examinations Regulation","85","85","42840","39140"
"In post","2023","30-39","Office of Rail and Road","90","90","48600","51830"
"In post","2023","30-39","Office of the Secretary of State for Scotland","45","45","54140","54870"
"In post","2023","30-39","Office of the Secretary of State for Wales","10","10","50610","51770"
"In post","2023","30-39","Scottish Government","7320","7045","37960","34730"
"In post","2023","30-39","The National Archives","125","125","36400","35330"
"In post","2023","30-39","UK Export Finance","115","115","56060","53190"
"In post","2023","30-39","UK Statistics Authority","1550","1450","38200","37760"
"In post","2023","30-39","UK Supreme Court","10","10","40410","37230"
"In post","2023","30-39","Water Services Regulation Authority","55","55","51360","48000"
"In post","2023","30-39","Welsh Government","1230","1170","40110","39690"
"In post","2023","40-49","Attorney General's Departments","2840","2610","49920","52880"
"In post","2023","40-49","Cabinet Office","2260","2200","57060","56430"
"In post","2023","40-49","Chancellor's other departments","125","115","67700","61000"
"In post","2023","40-49","Charity Commission","145","135","40520","38800"
"In post","2023","40-49","Competition and Markets Authority","225","215","76220","76720"
"In post","2023","40-49","Department for Business, Energy and Industrial Strategy","3375","3200","46260","42760"
"In post","2023","40-49","Department for Digital, Culture, Media and Sport","310","295","58030","57300"
"In post","2023","40-49","Department for Education","2240","2125","49540","51360"
"In post","2023","40-49","Department for Environment, Food and Rural Affairs","3500","3290","38980","37300"
"In post","2023","40-49","Department for International Trade","585","575","55520","55370"
"In post","2023","40-49","Department for Levelling Up, Housing and Communities","1005","955","51690","49700"
"In post","2023","40-49","Department for Transport","3945","3715","36630","31260"
"In post","2023","40-49","Department for Work and Pensions","20110","18220","30800","28120"
"In post","2023","40-49","Department of Health and Social Care","2490","2365","52360","50830"
"In post","2023","40-49","Estyn","35","35","58290","63900"
"In post","2023","40-49","Food Standards Agency","415","405","42920","38670"
"In post","2023","40-49","Foreign, Commonwealth and Development Office","2210","2150","54680","55860"
"In post","2023","40-49","HM Land Registry","1280","1195","35220","34120"
"In post","2023","40-49","HM Revenue and Customs","15955","15055","37360","34700"
"In post","2023","40-49","HM Treasury","430","410","57690","54440"
"In post","2023","40-49","Home Office","10585","9980","35370","30140"
"In post","2023","40-49","Ministry of Defence","12035","11635","40260","38790"
"In post","2023","40-49","Ministry of Justice","19770","18620","34490","32050"
"In post","2023","40-49","National Crime Agency","1345","1290","44920","42440"
"In post","2023","40-49","Northern Ireland Office","40","35","51770","51770"
"In post","2023","40-49","Office for Standards in Education, Children's Services and Skills","635","615","55360","52750"
"In post","2023","40-49","Office of Gas and Electricity Markets","365","355","52540","48170"
"In post","2023","40-49","Office of Qualifications and Examinations Regulation","125","120","51620","48060"
"In post","2023","40-49","Office of Rail and Road","125","120","59820","59230"
"In post","2023","40-49","Office of the Secretary of State for Scotland","20","20","62490","65280"
"In post","2023","40-49","Office of the Secretary of State for Wales","10","10","[c]","[c]"
"In post","2023","40-49","Scottish Government","6455","6170","43710","38330"
"In post","2023","40-49","The National Archives","150","140","40880","36940"
"In post","2023","40-49","UK Export Finance","120","115","62010","60880"
"In post","2023","40-49","UK Statistics Authority","1210","1120","40790","37760"
"In post","2023","40-49","UK Supreme Court","10","10","47100","39700"
"In post","2023","40-49","Water Services Regulation Authority","95","90","60850","58260"
"In post","2023","40-49","Welsh Government","1815","1725","46580","41700"
"In post","2023","50-59","Attorney General's Departments","3010","2825","49940","52880"
"In post","2023","50-59","Cabinet Office","1865","1815","58160","56000"
"In post","2023","50-59","Chancellor's other departments","85","80","66240","56500"
"In post","2023","50-59","Charity Commission","115","110","35410","30170"
"In post","2023","50-59","Competition and Markets Authority","160","155","69250","61810"
"In post","2023","50-59","Department for Business, Energy and Industrial Strategy","3015","2905","44440","41060"
"In post","2023","50-59","Department for Digital, Culture, Media and Sport","175","170","53580","53430"
"In post","2023","50-59","Department for Education","1850","1795","47730","45440"
"In post","2023","50-59","Department for Environment, Food and Rural Affairs","3055","2930","38350","34180"
"In post","2023","50-59","Department for International Trade","585","575","51220","46570"
"In post","2023","50-59","Department for Levelling Up, Housing and Communities","820","790","49580","48660"
"In post","2023","50-59","Department for Transport","4255","4035","34890","27970"
"In post","2023","50-59","Department for Work and Pensions","30565","27760","30420","28120"
"In post","2023","50-59","Department of Health and Social Care","2125","2040","54220","50830"
"In post","2023","50-59","Estyn","50","50","71840","78500"
"In post","2023","50-59","Food Standards Agency","470","465","38770","33000"
"In post","2023","50-59","Foreign, Commonwealth and Development Office","2050","2010","54160","52330"
"In post","2023","50-59","HM Land Registry","2410","2185","33810","31680"
"In post","2023","50-59","HM Revenue and Customs","19660","18315","37460","34700"
"In post","2023","50-59","HM Treasury","370","360","53230","51350"
"In post","2023","50-59","Home Office","10550","9935","34390","29890"
"In post","2023","50-59","Ministry of Defence","18715","18295","37730","34300"
"In post","2023","50-59","Ministry of Justice","22725","21415","33650","31240"
"In post","2023","50-59","National Crime Agency","1615","1580","45570","43240"
"In post","2023","50-59","Northern Ireland Office","35","35","43930","37680"
"In post","2023","50-59","Office for Standards in Education, Children's Services and Skills","620","605","59180","52750"
"In post","2023","50-59","Office of Gas and Electricity Markets","195","190","55380","54120"
"In post","2023","50-59","Office of Qualifications and Examinations Regulation","65","60","45930","39920"
"In post","2023","50-59","Office of Rail and Road","85","85","63410","60320"
"In post","2023","50-59","Office of the Secretary of State for Scotland","25","20","62000","65280"
"In post","2023","50-59","Office of the Secretary of State for Wales","5","5","[c]","[c]"
"In post","2023","50-59","Scottish Government","6900","6595","42760","37060"
"In post","2023","50-59","The National Archives","155","145","40770","36990"
"In post","2023","50-59","UK Export Finance","120","120","60920","54600"
"In post","2023","50-59","UK Statistics Authority","1265","1095","35490","31060"
"In post","2023","50-59","UK Supreme Court","15","15","39170","30520"
"In post","2023","50-59","Water Services Regulation Authority","55","55","69570","63670"
"In post","2023","50-59","Welsh Government","1755","1690","47700","45970"
"In post","2023","60-64","Attorney General's Departments","645","550","49530","54800"
"In post","2023","60-64","Cabinet Office","385","345","53370","42550"
"In post","2023","60-64","Chancellor's other departments","20","20","65420","54840"
"In post","2023","60-64","Charity Commission","45","40","36550","30170"
"In post","2023","60-64","Competition and Markets Authority","30","25","62550","55540"
"In post","2023","60-64","Department for Business, Energy and Industrial Strategy","770","665","39030","35570"
"In post","2023","60-64","Department for Digital, Culture, Media and Sport","45","45","53660","53030"
"In post","2023","60-64","Department for Education","335","310","47420","45330"
"In post","2023","60-64","Department for Environment, Food and Rural Affairs","795","710","35150","30320"
"In post","2023","60-64","Department for International Trade","135","130","49300","43540"
"In post","2023","60-64","Department for Levelling Up, Housing and Communities","190","170","49450","47320"
"In post","2023","60-64","Department for Transport","1550","1290","30960","27450"
"In post","2023","60-64","Department for Work and Pensions","10515","8190","28750","28120"
"In post","2023","60-64","Department of Health and Social Care","545","490","54500","46000"
"In post","2023","60-64","Estyn","10","10","67080","78500"
"In post","2023","60-64","Food Standards Agency","130","120","35310","29430"
"In post","2023","60-64","Foreign, Commonwealth and Development Office","430","405","50420","44260"
"In post","2023","60-64","HM Land Registry","605","440","33200","31680"
"In post","2023","60-64","HM Revenue and Customs","5975","4710","33750","29730"
"In post","2023","60-64","HM Treasury","115","100","49360","45750"
"In post","2023","60-64","Home Office","2795","2295","31880","27650"
"In post","2023","60-64","Ministry of Defence","6245","5765","34640","31470"
"In post","2023","60-64","Ministry of Justice","7305","6045","30740","28480"
"In post","2023","60-64","National Crime Agency","360","330","43060","42110"
"In post","2023","60-64","Northern Ireland Office","[c]","[c]","[c]","[c]"
"In post","2023","60-64","Office for Standards in Education, Children's Services and Skills","135","120","58250","52750"
"In post","2023","60-64","Office of Gas and Electricity Markets","35","35","49480","47320"
"In post","2023","60-64","Office of Qualifications and Examinations Regulation","15","15","42320","39080"
"In post","2023","60-64","Office of Rail and Road","25","20","60610","60320"
"In post","2023","60-64","Office of the Secretary of State for Scotland","[c]","[c]","[c]","[c]"
"In post","2023","60-64","Office of the Secretary of State for Wales","[c]","[c]","[c]","[c]"
"In post","2023","60-64","Scottish Government","1745","1435","39170","37060"
"In post","2023","60-64","The National Archives","45","40","36370","35050"
"In post","2023","60-64","UK Export Finance","25","25","58990","53120"
"In post","2023","60-64","UK Statistics Authority","500","375","28030","21200"
"In post","2023","60-64","UK Supreme Court","[c]","[c]","[c]","[c]"
"In post","2023","60-64","Water Services Regulation Authority","10","5","[c]","[c]"
"In post","2023","60-64","Welsh Government","490","425","44720","39690"
"In post","2023","65+","Attorney General's Departments","185","145","47330","49050"
"In post","2023","65+","Cabinet Office","95","85","50080","35910"
"In post","2023","65+","Chancellor's other departments","5","5","[c]","[c]"
"In post","2023","65+","Charity Commission","5","5","[c]","[c]"
"In post","2023","65+","Competition and Markets Authority","10","5","[c]","[c]"
"In post","2023","65+","Department for Business, Energy and Industrial Strategy","255","205","38370","35190"
"In post","2023","65+","Department for Digital, Culture, Media and Sport","5","5","[c]","[c]"
"In post","2023","65+","Department for Education","90","80","44540","42170"
"In post","2023","65+","Department for Environment, Food and Rural Affairs","275","235","32630","26850"
"In post","2023","65+","Department for International Trade","65","60","51020","42730"
"In post","2023","65+","Department for Levelling Up, Housing and Communities","100","75","52940","54630"
"In post","2023","65+","Department for Transport","590","425","30220","27450"
"In post","2023","65+","Department for Work and Pensions","3170","2285","27680","28120"
"In post","2023","65+","Department of Health and Social Care","195","160","56260","48300"
"In post","2023","65+","Estyn","[c]","[c]","[c]","[c]"
"In post","2023","65+","Food Standards Agency","50","40","31970","29430"
"In post","2023","65+","Foreign, Commonwealth and Development Office","150","125","50650","50620"
"In post","2023","65+","HM Land Registry","150","100","33410","31680"
"In post","2023","65+","HM Revenue and Customs","1725","1240","33090","29730"
"In post","2023","65+","HM Treasury","25","20","53920","53880"
"In post","2023","65+","Home Office","990","755","29630","26400"
"In post","2023","65+","Ministry of Defence","2115","1865","33120","27770"
"In post","2023","65+","Ministry of Justice","2440","1835","29160","25480"
"In post","2023","65+","National Crime Agency","85","75","42330","40070"
"In post","2023","65+","Northern Ireland Office","[c]","[c]","[c]","[c]"
"In post","2023","65+","Office for Standards in Education, Children's Services and Skills","30","25","48820","41050"
"In post","2023","65+","Office of Gas and Electricity Markets","10","10","51920","46800"
"In post","2023","65+","Office of Qualifications and Examinations Regulation","[c]","[c]","[c]","[c]"
"In post","2023","65+","Office of Rail and Road","5","5","[c]","[c]"
"In post","2023","65+","Scottish Government","515","400","37110","31940"
"In post","2023","65+","The National Archives","25","20","32830","29840"
"In post","2023","65+","UK Export Finance","15","10","54060","52180"
"In post","2023","65+","UK Statistics Authority","290","185","25100","21200"
"In post","2023","65+","UK Supreme Court","[c]","[c]","[c]","[c]"
"In post","2023","65+","Water Services Regulation Authority","[c]","[c]","[c]","[c]"
"In post","2023","65+","Welsh Government","200","155","43850","39690"
"In post","2023","Unknown","Department for Environment, Food and Rural Affairs","[c]","[c]","[c]","[c]"
"In post","2023","Unknown","Department for Work and Pensions","20","15","29680","28120"
"In post","2023","Unknown","Foreign, Commonwealth and Development Office","15","15","39370","34390"
"In post","2023","Unknown","Northern Ireland Office","[c]","[c]","[c]","[c]"
"In post","2023","Unknown","UK Statistics Authority","[c]","[c]","[c]","[c]"
"Leaver CS","2023","16-19","Attorney General's Departments","[c]","[c]","[c]","[c]"
"Leaver CS","2023","16-19","Department for Business, Energy and Industrial Strategy","[c]","[c]","[c]","[c]"
"Leaver CS","2023","16-19","Department for Education","[c]","[c]","[c]","[c]"
"Leaver CS","2023","16-19","Department for Environment, Food and Rural Affairs","10","[c]","[c]","[c]"
"Leaver CS","2023","16-19","Department for International Trade","[c]","[c]","[c]","[c]"
"Leaver CS","2023","16-19","Department for Transport","20","[c]","21180","19000"
"Leaver CS","2023","16-19","Department for Work and Pensions","15","[c]","22140","21690"
"Leaver CS","2023","16-19","Department of Health and Social Care","[c]","[c]","[c]","[c]"
"Leaver CS","2023","16-19","HM Land Registry","[c]","[c]","[c]","[c]"
"Leaver CS","2023","16-19","HM Revenue and Customs","15","[c]","[c]","[c]"
"Leaver CS","2023","16-19","Home Office","[c]","[c]","[c]","[c]"
"Leaver CS","2023","16-19","Ministry of Defence","20","[c]","19100","18780"
"Leaver CS","2023","16-19","Ministry of Justice","60","[c]","22290","21780"
"Leaver CS","2023","16-19","Office for Standards in Education, Children's Services and Skills","[c]","[c]","[c]","[c]"
"Leaver CS","2023","16-19","Office of Gas and Electricity Markets","[c]","[c]","[c]","[c]"
"Leaver CS","2023","16-19","Scottish Government","10","[c]","22380","22180"
"Leaver CS","2023","16-19","The National Archives","5","[c]","[c]","[c]"
"Leaver CS","2023","20-29","Attorney General's Departments","200","[c]","28250","26090"
"Leaver CS","2023","20-29","Cabinet Office","370","[c]","33150","30130"
"Leaver CS","2023","20-29","Chancellor's other departments","20","[c]","35480","34430"
"Leaver CS","2023","20-29","Charity Commission","10","[c]","[c]","[c]"
"Leaver CS","2023","20-29","Competition and Markets Authority","30","[c]","33100","27960"
"Leaver CS","2023","20-29","Department for Business, Energy and Industrial Strategy","345","[c]","32930","33430"
"Leaver CS","2023","20-29","Department for Digital, Culture, Media and Sport","100","[c]","38190","35620"
"Leaver CS","2023","20-29","Department for Education","165","[c]","32110","30330"
"Leaver CS","2023","20-29","Department for Environment, Food and Rural Affairs","275","[c]","25180","24370"
"Leaver CS","2023","20-29","Department for International Trade","115","[c]","32510","31350"
"Leaver CS","2023","20-29","Department for Levelling Up, Housing and Communities","145","[c]","31310","30190"
"Leaver CS","2023","20-29","Department for Transport","370","[c]","26680","22500"
"Leaver CS","2023","20-29","Department for Work and Pensions","1585","[c]","26620","27570"
"Leaver CS","2023","20-29","Department of Health and Social Care","760","[c]","30690","28590"
"Leaver CS","2023","20-29","Estyn","5","[c]","[c]","[c]"
"Leaver CS","2023","20-29","Food Standards Agency","20","[c]","29030","30650"
"Leaver CS","2023","20-29","Foreign, Commonwealth and Development Office","90","[c]","28270","27360"
"Leaver CS","2023","20-29","HM Land Registry","105","[c]","28790","27130"
"Leaver CS","2023","20-29","HM Revenue and Customs","1025","[c]","29800","26030"
"Leaver CS","2023","20-29","HM Treasury","165","[c]","34330","32320"
"Leaver CS","2023","20-29","Home Office","660","[c]","28680","25880"
"Leaver CS","2023","20-29","Ministry of Defence","995","[c]","28470","27500"
"Leaver CS","2023","20-29","Ministry of Justice","3015","[c]","25260","21780"
"Leaver CS","2023","20-29","National Crime Agency","80","[c]","34290","34670"
"Leaver CS","2023","20-29","Northern Ireland Office","[c]","[c]","[c]","[c]"
"Leaver CS","2023","20-29","Office for Standards in Education, Children's Services and Skills","35","[c]","25830","24090"
"Leaver CS","2023","20-29","Office of Gas and Electricity Markets","80","[c]","31810","29000"
"Leaver CS","2023","20-29","Office of Qualifications and Examinations Regulation","5","[c]","[c]","[c]"
"Leaver CS","2023","20-29","Office of Rail and Road","10","[c]","[c]","[c]"
"Leaver CS","2023","20-29","Office of the Secretary of State for Scotland","5","[c]","[c]","[c]"
"Leaver CS","2023","20-29","Office of the Secretary of State for Wales","5","[c]","[c]","[c]"
"Leaver CS","2023","20-29","Scottish Government","365","[c]","27410","25050"
"Leaver CS","2023","20-29","The National Archives","25","[c]","25410","24000"
"Leaver CS","2023","20-29","UK Export Finance","25","[c]","36400","34090"
"Leaver CS","2023","20-29","UK Statistics Authority","195","[c]","25740","21200"
"Leaver CS","2023","20-29","UK Supreme Court","10","[c]","[c]","[c]"
"Leaver CS","2023","20-29","Water Services Regulation Authority","5","[c]","[c]","[c]"
"Leaver CS","2023","20-29","Welsh Government","30","[c]","24770","23800"
"Leaver CS","2023","30-39","Attorney General's Departments","175","[c]","45850","51250"
"Leaver CS","2023","30-39","Cabinet Office","300","[c]","50040","54700"
"Leaver CS","2023","30-39","Chancellor's other departments","20","[c]","47720","44000"
"Leaver CS","2023","30-39","Charity Commission","15","[c]","36160","30170"
"Leaver CS","2023","30-39","Competition and Markets Authority","55","[c]","53620","54240"
"Leaver CS","2023","30-39","Department for Business, Energy and Industrial Strategy","315","[c]","43360","40530"
"Leaver CS","2023","30-39","Department for Digital, Culture, Media and Sport","85","[c]","48690","52760"
"Leaver CS","2023","30-39","Department for Education","145","[c]","44770","41590"
"Leaver CS","2023","30-39","Department for Environment, Food and Rural Affairs","215","[c]","28850","25920"
"Leaver CS","2023","30-39","Department for International Trade","75","[c]","47750","51710"
"Leaver CS","2023","30-39","Department for Levelling Up, Housing and Communities","105","[c]","43300","40720"
"Leaver CS","2023","30-39","Department for Transport","340","[c]","32990","26960"
"Leaver CS","2023","30-39","Department for Work and Pensions","1300","[c]","29230","28020"
"Leaver CS","2023","30-39","Department of Health and Social Care","635","[c]","39930","37420"
"Leaver CS","2023","30-39","Estyn","[c]","[c]","[c]","[c]"
"Leaver CS","2023","30-39","Food Standards Agency","15","[c]","35880","32830"
"Leaver CS","2023","30-39","Foreign, Commonwealth and Development Office","85","[c]","35320","33600"
"Leaver CS","2023","30-39","HM Land Registry","80","[c]","34390","29880"
"Leaver CS","2023","30-39","HM Revenue and Customs","720","[c]","34550","26450"
"Leaver CS","2023","30-39","HM Treasury","105","[c]","49640","53070"
"Leaver CS","2023","30-39","Home Office","490","[c]","33760","26750"
"Leaver CS","2023","30-39","Ministry of Defence","915","[c]","36360","34300"
"Leaver CS","2023","30-39","Ministry of Justice","2230","[c]","32430","25480"
"Leaver CS","2023","30-39","National Crime Agency","75","[c]","39430","38480"
"Leaver CS","2023","30-39","Northern Ireland Office","5","[c]","[c]","[c]"
"Leaver CS","2023","30-39","Office for Standards in Education, Children's Services and Skills","35","[c]","42710","40640"
"Leaver CS","2023","30-39","Office of Gas and Electricity Markets","95","[c]","45700","40000"
"Leaver CS","2023","30-39","Office of Qualifications and Examinations Regulation","5","[c]","[c]","[c]"
"Leaver CS","2023","30-39","Office of Rail and Road","10","[c]","54230","55150"
"Leaver CS","2023","30-39","Office of the Secretary of State for Scotland","[c]","[c]","[c]","[c]"
"Leaver CS","2023","30-39","Scottish Government","365","[c]","34820","31970"
"Leaver CS","2023","30-39","The National Archives","20","[c]","33120","31590"
"Leaver CS","2023","30-39","UK Export Finance","15","[c]","50210","43000"
"Leaver CS","2023","30-39","UK Statistics Authority","95","[c]","36110","32650"
"Leaver CS","2023","30-39","UK Supreme Court","5","[c]","[c]","[c]"
"Leaver CS","2023","30-39","Water Services Regulation Authority","15","[c]","42890","41400"
"Leaver CS","2023","30-39","Welsh Government","30","[c]","32310","29430"
"Leaver CS","2023","40-49","Attorney General's Departments","150","[c]","51560","53930"
"Leaver CS","2023","40-49","Cabinet Office","195","[c]","62330","59860"
"Leaver CS","2023","40-49","Chancellor's other departments","15","[c]","60740","48750"
"Leaver CS","2023","40-49","Charity Commission","15","[c]","34570","30170"
"Leaver CS","2023","40-49","Competition and Markets Authority","20","[c]","80740","75470"
"Leaver CS","2023","40-49","Department for Business, Energy and Industrial Strategy","145","[c]","49350","47830"
"Leaver CS","2023","40-49","Department for Digital, Culture, Media and Sport","35","[c]","58210","59030"
"Leaver CS","2023","40-49","Department for Education","100","[c]","51620","51360"
"Leaver CS","2023","40-49","Department for Environment, Food and Rural Affairs","180","[c]","30720","26280"
"Leaver CS","2023","40-49","Department for International Trade","20","[c]","55170","56400"
"Leaver CS","2023","40-49","Department for Levelling Up, Housing and Communities","65","[c]","51970","53130"
"Leaver CS","2023","40-49","Department for Transport","280","[c]","32630","27260"
"Leaver CS","2023","40-49","Department for Work and Pensions","1185","[c]","29060","27570"
"Leaver CS","2023","40-49","Department of Health and Social Care","545","[c]","46030","41200"
"Leaver CS","2023","40-49","Food Standards Agency","20","[c]","39360","37910"
"Leaver CS","2023","40-49","Foreign, Commonwealth and Development Office","65","[c]","[c]","[c]"
"Leaver CS","2023","40-49","HM Land Registry","70","[c]","39350","39460"
"Leaver CS","2023","40-49","HM Revenue and Customs","500","[c]","38190","32260"
"Leaver CS","2023","40-49","HM Treasury","35","[c]","58700","52840"
"Leaver CS","2023","40-49","Home Office","365","[c]","36910","28810"
"Leaver CS","2023","40-49","Ministry of Defence","655","[c]","38840","34630"
"Leaver CS","2023","40-49","Ministry of Justice","1335","[c]","34890","25830"
"Leaver CS","2023","40-49","National Crime Agency","55","[c]","48500","45090"
"Leaver CS","2023","40-49","Office for Standards in Education, Children's Services and Skills","45","[c]","59730","64680"
"Leaver CS","2023","40-49","Office of Gas and Electricity Markets","55","[c]","57610","57120"
"Leaver CS","2023","40-49","Office of Qualifications and Examinations Regulation","[c]","[c]","[c]","[c]"
"Leaver CS","2023","40-49","Office of Rail and Road","5","[c]","[c]","[c]"
"Leaver CS","2023","40-49","Scottish Government","205","[c]","39320","34730"
"Leaver CS","2023","40-49","The National Archives","15","[c]","43590","41820"
"Leaver CS","2023","40-49","UK Export Finance","20","[c]","59960","54230"
"Leaver CS","2023","40-49","UK Statistics Authority","80","[c]","39100","33210"
"Leaver CS","2023","40-49","UK Supreme Court","[c]","[c]","[c]","[c]"
"Leaver CS","2023","40-49","Water Services Regulation Authority","10","[c]","60730","57830"
"Leaver CS","2023","40-49","Welsh Government","25","[c]","46380","33190"
"Leaver CS","2023","50-59","Attorney General's Departments","145","[c]","50160","55000"
"Leaver CS","2023","50-59","Cabinet Office","165","[c]","60340","50470"
"Leaver CS","2023","50-59","Chancellor's other departments","5","[c]","[c]","[c]"
"Leaver CS","2023","50-59","Charity Commission","5","[c]","[c]","[c]"
"Leaver CS","2023","50-59","Competition and Markets Authority","10","[c]","[c]","[c]"
"Leaver CS","2023","50-59","Department for Business, Energy and Industrial Strategy","160","[c]","48560","45150"
"Leaver CS","2023","50-59","Department for Digital, Culture, Media and Sport","10","[c]","[c]","[c]"
"Leaver CS","2023","50-59","Department for Education","60","[c]","49890","44000"
"Leaver CS","2023","50-59","Department for Environment, Food and Rural Affairs","140","[c]","30240","25920"
"Leaver CS","2023","50-59","Department for International Trade","20","[c]","50150","36090"
"Leaver CS","2023","50-59","Department for Levelling Up, Housing and Communities","35","[c]","53300","47660"
"Leaver CS","2023","50-59","Department for Transport","280","[c]","32710","26960"
"Leaver CS","2023","50-59","Department for Work and Pensions","1785","[c]","28650","27570"
"Leaver CS","2023","50-59","Department of Health and Social Care","405","[c]","49990","41660"
"Leaver CS","2023","50-59","Estyn","[c]","[c]","[c]","[c]"
"Leaver CS","2023","50-59","Food Standards Agency","15","[c]","42100","30120"
"Leaver CS","2023","50-59","Foreign, Commonwealth and Development Office","90","[c]","47910","41750"
"Leaver CS","2023","50-59","HM Land Registry","110","[c]","36210","33840"
"Leaver CS","2023","50-59","HM Revenue and Customs","855","[c]","38340","35020"
"Leaver CS","2023","50-59","HM Treasury","30","[c]","52550","44460"
"Leaver CS","2023","50-59","Home Office","450","[c]","33520","27330"
"Leaver CS","2023","50-59","Ministry of Defence","1010","[c]","38620","34610"
"Leaver CS","2023","50-59","Ministry of Justice","1665","[c]","31540","25480"
"Leaver CS","2023","50-59","National Crime Agency","90","[c]","45580","43290"
"Leaver CS","2023","50-59","Northern Ireland Office","5","[c]","[c]","[c]"
"Leaver CS","2023","50-59","Office for Standards in Education, Children's Services and Skills","60","[c]","63130","57120"
"Leaver CS","2023","50-59","Office of Gas and Electricity Markets","20","[c]","55380","53630"
"Leaver CS","2023","50-59","Office of Qualifications and Examinations Regulation","5","[c]","[c]","[c]"
"Leaver CS","2023","50-59","Office of Rail and Road","5","[c]","[c]","[c]"
"Leaver CS","2023","50-59","Office of the Secretary of State for Scotland","[c]","[c]","[c]","[c]"
"Leaver CS","2023","50-59","Office of the Secretary of State for Wales","[c]","[c]","[c]","[c]"
"Leaver CS","2023","50-59","Scottish Government","315","[c]","41160","37060"
"Leaver CS","2023","50-59","The National Archives","10","[c]","40180","34670"
"Leaver CS","2023","50-59","UK Export Finance","5","[c]","[c]","[c]"
"Leaver CS","2023","50-59","UK Statistics Authority","135","[c]","30400","21200"
"Leaver CS","2023","50-59","UK Supreme Court","[c]","[c]","[c]","[c]"
"Leaver CS","2023","50-59","Water Services Regulation Authority","5","[c]","[c]","[c]"
"Leaver CS","2023","50-59","Welsh Government","35","[c]","50790","47470"
"Leaver CS","2023","60-64","Attorney General's Departments","75","[c]","51160","54320"
"Leaver CS","2023","60-64","Cabinet Office","70","[c]","55240","49700"
"Leaver CS","2023","60-64","Chancellor's other departments","[c]","[c]","[c]","[c]"
"Leaver CS","2023","60-64","Charity Commission","5","[c]","[c]","[c]"
"Leaver CS","2023","60-64","Competition and Markets Authority","[c]","[c]","[c]","[c]"
"Leaver CS","2023","60-64","Department for Business, Energy and Industrial Strategy","100","[c]","46000","44520"
"Leaver CS","2023","60-64","Department for Digital, Culture, Media and Sport","5","[c]","[c]","[c]"
"Leaver CS","2023","60-64","Department for Education","50","[c]","48540","51640"
"Leaver CS","2023","60-64","Department for Environment, Food and Rural Affairs","105","[c]","32390","30320"
"Leaver CS","2023","60-64","Department for International Trade","20","[c]","46610","43730"
"Leaver CS","2023","60-64","Department for Levelling Up, Housing and Communities","20","[c]","48170","46120"
"Leaver CS","2023","60-64","Department for Transport","150","[c]","34850","27450"
"Leaver CS","2023","60-64","Department for Work and Pensions","1400","[c]","28770","27570"
"Leaver CS","2023","60-64","Department of Health and Social Care","170","[c]","55660","46110"
"Leaver CS","2023","60-64","Food Standards Agency","5","[c]","[c]","[c]"
"Leaver CS","2023","60-64","Foreign, Commonwealth and Development Office","70","[c]","45640","44310"
"Leaver CS","2023","60-64","HM Land Registry","75","[c]","35380","33840"
"Leaver CS","2023","60-64","HM Revenue and Customs","850","[c]","38090","34000"
"Leaver CS","2023","60-64","HM Treasury","20","[c]","56530","46050"
"Leaver CS","2023","60-64","Home Office","315","[c]","35020","29370"
"Leaver CS","2023","60-64","Ministry of Defence","875","[c]","37740","34300"
"Leaver CS","2023","60-64","Ministry of Justice","890","[c]","31120","25120"
"Leaver CS","2023","60-64","National Crime Agency","50","[c]","48610","45480"
"Leaver CS","2023","60-64","Office for Standards in Education, Children's Services and Skills","35","[c]","69810","77470"
"Leaver CS","2023","60-64","Office of Gas and Electricity Markets","5","[c]","[c]","[c]"
"Leaver CS","2023","60-64","Office of Qualifications and Examinations Regulation","[c]","[c]","[c]","[c]"
"Leaver CS","2023","60-64","Office of Rail and Road","[c]","[c]","[c]","[c]"
"Leaver CS","2023","60-64","Office of the Secretary of State for Scotland","[c]","[c]","[c]","[c]"
"Leaver CS","2023","60-64","Scottish Government","275","[c]","42580","37060"
"Leaver CS","2023","60-64","The National Archives","[c]","[c]","[c]","[c]"
"Leaver CS","2023","60-64","UK Export Finance","5","[c]","[c]","[c]"
"Leaver CS","2023","60-64","UK Statistics Authority","95","[c]","27690","21200"
"Leaver CS","2023","60-64","UK Supreme Court","[c]","[c]","[c]","[c]"
"Leaver CS","2023","60-64","Water Services Regulation Authority","[c]","[c]","[c]","[c]"
"Leaver CS","2023","60-64","Welsh Government","45","[c]","49030","47470"
"Leaver CS","2023","65+","Attorney General's Departments","45","[c]","47500","40220"
"Leaver CS","2023","65+","Cabinet Office","40","[c]","43190","33970"
"Leaver CS","2023","65+","Charity Commission","[c]","[c]","[c]","[c]"
"Leaver CS","2023","65+","Competition and Markets Authority","[c]","[c]","[c]","[c]"
"Leaver CS","2023","65+","Department for Business, Energy and Industrial Strategy","75","[c]","38000","34950"
"Leaver CS","2023","65+","Department for Digital, Culture, Media and Sport","[c]","[c]","[c]","[c]"
"Leaver CS","2023","65+","Department for Education","20","[c]","49340","48510"
"Leaver CS","2023","65+","Department for Environment, Food and Rural Affairs","85","[c]","28580","25920"
"Leaver CS","2023","65+","Department for International Trade","10","[c]","52640","41110"
"Leaver CS","2023","65+","Department for Levelling Up, Housing and Communities","20","[c]","59720","60050"
"Leaver CS","2023","65+","Department for Transport","205","[c]","29140","26800"
"Leaver CS","2023","65+","Department for Work and Pensions","1150","[c]","26500","26650"
"Leaver CS","2023","65+","Department of Health and Social Care","75","[c]","56680","41160"
"Leaver CS","2023","65+","Estyn","5","[c]","[c]","[c]"
"Leaver CS","2023","65+","Food Standards Agency","15","[c]","31990","28090"
"Leaver CS","2023","65+","Foreign, Commonwealth and Development Office","35","[c]","[c]","[c]"
"Leaver CS","2023","65+","HM Land Registry","50","[c]","33100","33840"
"Leaver CS","2023","65+","HM Revenue and Customs","615","[c]","37580","36000"
"Leaver CS","2023","65+","HM Treasury","10","[c]","49880","46390"
"Leaver CS","2023","65+","Home Office","235","[c]","30070","26400"
"Leaver CS","2023","65+","Ministry of Defence","720","[c]","31850","27740"
"Leaver CS","2023","65+","Ministry of Justice","830","[c]","26360","21780"
"Leaver CS","2023","65+","National Crime Agency","20","[c]","37390","37760"
"Leaver CS","2023","65+","Office for Standards in Education, Children's Services and Skills","25","[c]","60240","52750"
"Leaver CS","2023","65+","Office of Gas and Electricity Markets","5","[c]","[c]","[c]"
"Leaver CS","2023","65+","Office of Qualifications and Examinations Regulation","[c]","[c]","[c]","[c]"
"Leaver CS","2023","65+","Office of Rail and Road","[c]","[c]","[c]","[c]"
"Leaver CS","2023","65+","Office of the Secretary of State for Scotland","[c]","[c]","[c]","[c]"
"Leaver CS","2023","65+","Scottish Government","180","[c]","35900","31940"
"Leaver CS","2023","65+","The National Archives","5","[c]","[c]","[c]"
"Leaver CS","2023","65+","UK Export Finance","[c]","[c]","[c]","[c]"
"Leaver CS","2023","65+","UK Statistics Authority","95","[c]","25730","21200"
"Leaver CS","2023","65+","UK Supreme Court","[c]","[c]","[c]","[c]"
"Leaver CS","2023","65+","Water Services Regulation Authority","[c]","[c]","[c]","[c]"
"Leaver CS","2023","65+","Welsh Government","50","[c]","41470","38160"
"Leaver CS","2023","Unknown","Department for Digital, Culture, Media and Sport","[c]","[c]","[c]","[c]"
"Leaver CS","2023","Unknown","Department for Environment, Food and Rural Affairs","115","[c]","[c]","[c]"
"Leaver CS","2023","Unknown","Department for Work and Pensions","[c]","[c]","[c]","[c]"
"Leaver CS","2023","Unknown","Department of Health and Social Care","40","[c]","[c]","[c]"
"Leaver CS","2023","Unknown","Foreign, Commonwealth and Development Office","[c]","[c]","[c]","[c]"
"Leaver CS","2023","Unknown","Ministry of Defence","[c]","[c]","[c]","[c]"
"Leaver Dept.","2023","16-19","Attorney General's Departments","[c]","[c]","[c]","[c]"
"Leaver Dept.","2023","16-19","HM Revenue and Customs","[c]","[c]","[c]","[c]"
"Leaver Dept.","2023","16-19","Ministry of Justice","[c]","[c]","[c]","[c]"
"Leaver Dept.","2023","16-19","UK Statistics Authority","[c]","[c]","[c]","[c]"
"Leaver Dept.","2023","20-29","Attorney General's Departments","75","[c]","28710","27760"
"Leaver Dept.","2023","20-29","Cabinet Office","830","[c]","33820","32000"
"Leaver Dept.","2023","20-29","Chancellor's other departments","[c]","[c]","[c]","[c]"
"Leaver Dept.","2023","20-29","Charity Commission","10","[c]","[c]","[c]"
"Leaver Dept.","2023","20-29","Competition and Markets Authority","10","[c]","[c]","[c]"
"Leaver Dept.","2023","20-29","Department for Business, Energy and Industrial Strategy","275","[c]","36040","33570"
"Leaver Dept.","2023","20-29","Department for Digital, Culture, Media and Sport","115","[c]","38390","35620"
"Leaver Dept.","2023","20-29","Department for Education","160","[c]","35920","34030"
"Leaver Dept.","2023","20-29","Department for Environment, Food and Rural Affairs","230","[c]","24670","22150"
"Leaver Dept.","2023","20-29","Department for International Trade","95","[c]","34860","32120"
"Leaver Dept.","2023","20-29","Department for Levelling Up, Housing and Communities","175","[c]","35060","33210"
"Leaver Dept.","2023","20-29","Department for Transport","160","[c]","31970","31660"
"Leaver Dept.","2023","20-29","Department for Work and Pensions","710","[c]","29000","28120"
"Leaver Dept.","2023","20-29","Department of Health and Social Care","215","[c]","33990","32890"
"Leaver Dept.","2023","20-29","Food Standards Agency","15","[c]","33910","33320"
"Leaver Dept.","2023","20-29","Foreign, Commonwealth and Development Office","50","[c]","[c]","[c]"
"Leaver Dept.","2023","20-29","HM Revenue and Customs","500","[c]","26300","22520"
"Leaver Dept.","2023","20-29","HM Treasury","115","[c]","36770","33720"
"Leaver Dept.","2023","20-29","Home Office","450","[c]","33510","29890"
"Leaver Dept.","2023","20-29","Ministry of Defence","180","[c]","33330","32550"
"Leaver Dept.","2023","20-29","Ministry of Justice","545","[c]","29450","25830"
"Leaver Dept.","2023","20-29","National Crime Agency","25","[c]","31490","30740"
"Leaver Dept.","2023","20-29","Northern Ireland Office","10","[c]","[c]","[c]"
"Leaver Dept.","2023","20-29","Office for Standards in Education, Children's Services and Skills","15","[c]","33660","33130"
"Leaver Dept.","2023","20-29","Office of Gas and Electricity Markets","35","[c]","30780","32340"
"Leaver Dept.","2023","20-29","Office of Qualifications and Examinations Regulation","[c]","[c]","[c]","[c]"
"Leaver Dept.","2023","20-29","Office of Rail and Road","5","[c]","[c]","[c]"
"Leaver Dept.","2023","20-29","Office of the Secretary of State for Scotland","[c]","[c]","[c]","[c]"
"Leaver Dept.","2023","20-29","Office of the Secretary of State for Wales","5","[c]","[c]","[c]"
"Leaver Dept.","2023","20-29","Scottish Government","35","[c]","31200","30860"
"Leaver Dept.","2023","20-29","The National Archives","5","[c]","[c]","[c]"
"Leaver Dept.","2023","20-29","UK Export Finance","5","[c]","[c]","[c]"
"Leaver Dept.","2023","20-29","UK Statistics Authority","90","[c]","30760","31060"
"Leaver Dept.","2023","20-29","UK Supreme Court","[c]","[c]","[c]","[c]"
"Leaver Dept.","2023","20-29","Water Services Regulation Authority","[c]","[c]","[c]","[c]"
"Leaver Dept.","2023","20-29","Welsh Government","15","[c]","28220","26820"
"Leaver Dept.","2023","30-39","Attorney General's Departments","95","[c]","45420","50500"
"Leaver Dept.","2023","30-39","Cabinet Office","515","[c]","44750","40600"
"Leaver Dept.","2023","30-39","Chancellor's other departments","[c]","[c]","[c]","[c]"
"Leaver Dept.","2023","30-39","Charity Commission","10","[c]","[c]","[c]"
"Leaver Dept.","2023","30-39","Competition and Markets Authority","15","[c]","49340","54070"
"Leaver Dept.","2023","30-39","Department for Business, Energy and Industrial Strategy","240","[c]","43710","40580"
"Leaver Dept.","2023","30-39","Department for Digital, Culture, Media and Sport","90","[c]","47430","51730"
"Leaver Dept.","2023","30-39","Department for Education","205","[c]","44500","41440"
"Leaver Dept.","2023","30-39","Department for Environment, Food and Rural Affairs","150","[c]","27630","25920"
"Leaver Dept.","2023","30-39","Department for International Trade","75","[c]","44970","41660"
"Leaver Dept.","2023","30-39","Department for Levelling Up, Housing and Communities","160","[c]","44710","41560"
"Leaver Dept.","2023","30-39","Department for Transport","215","[c]","34750","31660"
"Leaver Dept.","2023","30-39","Department for Work and Pensions","730","[c]","30580","28120"
"Leaver Dept.","2023","30-39","Department of Health and Social Care","190","[c]","43030","40070"
"Leaver Dept.","2023","30-39","Estyn","[c]","[c]","[c]","[c]"
"Leaver Dept.","2023","30-39","Food Standards Agency","20","[c]","37300","38100"
"Leaver Dept.","2023","30-39","Foreign, Commonwealth and Development Office","95","[c]","[c]","[c]"
"Leaver Dept.","2023","30-39","HM Revenue and Customs","415","[c]","31390","26450"
"Leaver Dept.","2023","30-39","HM Treasury","105","[c]","50680","52840"
"Leaver Dept.","2023","30-39","Home Office","375","[c]","39060","36180"
"Leaver Dept.","2023","30-39","Ministry of Defence","255","[c]","38270","38680"
"Leaver Dept.","2023","30-39","Ministry of Justice","555","[c]","35320","34260"
"Leaver Dept.","2023","30-39","National Crime Agency","40","[c]","41020","39820"
"Leaver Dept.","2023","30-39","Northern Ireland Office","20","[c]","[c]","[c]"
"Leaver Dept.","2023","30-39","Office for Standards in Education, Children's Services and Skills","15","[c]","48220","44250"
"Leaver Dept.","2023","30-39","Office of Gas and Electricity Markets","25","[c]","37680","32860"
"Leaver Dept.","2023","30-39","Office of Qualifications and Examinations Regulation","5","[c]","[c]","[c]"
"Leaver Dept.","2023","30-39","Office of Rail and Road","5","[c]","[c]","[c]"
"Leaver Dept.","2023","30-39","Office of the Secretary of State for Scotland","5","[c]","[c]","[c]"
"Leaver Dept.","2023","30-39","Office of the Secretary of State for Wales","[c]","[c]","[c]","[c]"
"Leaver Dept.","2023","30-39","Scottish Government","60","[c]","38950","36330"
"Leaver Dept.","2023","30-39","The National Archives","[c]","[c]","[c]","[c]"
"Leaver Dept.","2023","30-39","UK Export Finance","[c]","[c]","[c]","[c]"
"Leaver Dept.","2023","30-39","UK Statistics Authority","80","[c]","38960","36840"
"Leaver Dept.","2023","30-39","UK Supreme Court","[c]","[c]","[c]","[c]"
"Leaver Dept.","2023","30-39","Water Services Regulation Authority","[c]","[c]","[c]","[c]"
"Leaver Dept.","2023","30-39","Welsh Government","25","[c]","46030","38160"
"Leaver Dept.","2023","40-49","Attorney General's Departments","70","[c]","49410","50500"
"Leaver Dept.","2023","40-49","Cabinet Office","220","[c]","54100","54700"
"Leaver Dept.","2023","40-49","Chancellor's other departments","[c]","[c]","[c]","[c]"
"Leaver Dept.","2023","40-49","Charity Commission","[c]","[c]","[c]","[c]"
"Leaver Dept.","2023","40-49","Competition and Markets Authority","5","[c]","[c]","[c]"
"Leaver Dept.","2023","40-49","Department for Business, Energy and Industrial Strategy","120","[c]","47840","45070"
"Leaver Dept.","2023","40-49","Department for Digital, Culture, Media and Sport","25","[c]","60790","54030"
"Leaver Dept.","2023","40-49","Department for Education","110","[c]","47950","43210"
"Leaver Dept.","2023","40-49","Department for Environment, Food and Rural Affairs","115","[c]","29150","25600"
"Leaver Dept.","2023","40-49","Department for International Trade","35","[c]","58270","57020"
"Leaver Dept.","2023","40-49","Department for Levelling Up, Housing and Communities","70","[c]","49380","40800"
"Leaver Dept.","2023","40-49","Department for Transport","130","[c]","39520","33350"
"Leaver Dept.","2023","40-49","Department for Work and Pensions","685","[c]","31130","28120"
"Leaver Dept.","2023","40-49","Department of Health and Social Care","105","[c]","44530","37060"
"Leaver Dept.","2023","40-49","Food Standards Agency","10","[c]","40140","38100"
"Leaver Dept.","2023","40-49","Foreign, Commonwealth and Development Office","60","[c]","[c]","[c]"
"Leaver Dept.","2023","40-49","HM Revenue and Customs","290","[c]","31520","26020"
"Leaver Dept.","2023","40-49","HM Treasury","40","[c]","58560","55670"
"Leaver Dept.","2023","40-49","Home Office","225","[c]","43620","39000"
"Leaver Dept.","2023","40-49","Ministry of Defence","155","[c]","40420","39070"
"Leaver Dept.","2023","40-49","Ministry of Justice","400","[c]","39360","36050"
"Leaver Dept.","2023","40-49","National Crime Agency","30","[c]","45640","41340"
"Leaver Dept.","2023","40-49","Northern Ireland Office","[c]","[c]","[c]","[c]"
"Leaver Dept.","2023","40-49","Office for Standards in Education, Children's Services and Skills","10","[c]","[c]","[c]"
"Leaver Dept.","2023","40-49","Office of Gas and Electricity Markets","10","[c]","39640","34210"
"Leaver Dept.","2023","40-49","Office of Qualifications and Examinations Regulation","[c]","[c]","[c]","[c]"
"Leaver Dept.","2023","40-49","Office of Rail and Road","[c]","[c]","[c]","[c]"
"Leaver Dept.","2023","40-49","Office of the Secretary of State for Scotland","[c]","[c]","[c]","[c]"
"Leaver Dept.","2023","40-49","Scottish Government","55","[c]","43940","38170"
"Leaver Dept.","2023","40-49","The National Archives","[c]","[c]","[c]","[c]"
"Leaver Dept.","2023","40-49","UK Export Finance","[c]","[c]","[c]","[c]"
"Leaver Dept.","2023","40-49","UK Statistics Authority","35","[c]","37650","37690"
"Leaver Dept.","2023","40-49","Water Services Regulation Authority","[c]","[c]","[c]","[c]"
"Leaver Dept.","2023","40-49","Welsh Government","20","[c]","49250","48420"
"Leaver Dept.","2023","50-59","Attorney General's Departments","40","[c]","56660","55310"
"Leaver Dept.","2023","50-59","Cabinet Office","125","[c]","51990","49700"
"Leaver Dept.","2023","50-59","Chancellor's other departments","[c]","[c]","[c]","[c]"
"Leaver Dept.","2023","50-59","Charity Commission","[c]","[c]","[c]","[c]"
"Leaver Dept.","2023","50-59","Competition and Markets Authority","[c]","[c]","[c]","[c]"
"Leaver Dept.","2023","50-59","Department for Business, Energy and Industrial Strategy","65","[c]","47760","40080"
"Leaver Dept.","2023","50-59","Department for Digital, Culture, Media and Sport","15","[c]","62550","67790"
"Leaver Dept.","2023","50-59","Department for Education","55","[c]","53780","46070"
"Leaver Dept.","2023","50-59","Department for Environment, Food and Rural Affairs","55","[c]","28400","25920"
"Leaver Dept.","2023","50-59","Department for International Trade","15","[c]","48230","39110"
"Leaver Dept.","2023","50-59","Department for Levelling Up, Housing and Communities","45","[c]","50360","49200"
"Leaver Dept.","2023","50-59","Department for Transport","80","[c]","40200","33840"
"Leaver Dept.","2023","50-59","Department for Work and Pensions","535","[c]","30540","28120"
"Leaver Dept.","2023","50-59","Department of Health and Social Care","90","[c]","50620","48860"
"Leaver Dept.","2023","50-59","Food Standards Agency","10","[c]","50460","41780"
"Leaver Dept.","2023","50-59","Foreign, Commonwealth and Development Office","25","[c]","[c]","[c]"
"Leaver Dept.","2023","50-59","HM Revenue and Customs","180","[c]","30440","26020"
"Leaver Dept.","2023","50-59","HM Treasury","20","[c]","72320","56370"
"Leaver Dept.","2023","50-59","Home Office","135","[c]","42730","36180"
"Leaver Dept.","2023","50-59","Ministry of Defence","120","[c]","38880","34680"
"Leaver Dept.","2023","50-59","Ministry of Justice","260","[c]","35560","31200"
"Leaver Dept.","2023","50-59","National Crime Agency","15","[c]","53400","47910"
"Leaver Dept.","2023","50-59","Northern Ireland Office","[c]","[c]","[c]","[c]"
"Leaver Dept.","2023","50-59","Office for Standards in Education, Children's Services and Skills","[c]","[c]","[c]","[c]"
"Leaver Dept.","2023","50-59","Office of Gas and Electricity Markets","[c]","[c]","[c]","[c]"
"Leaver Dept.","2023","50-59","Office of Qualifications and Examinations Regulation","[c]","[c]","[c]","[c]"
"Leaver Dept.","2023","50-59","Office of Rail and Road","[c]","[c]","[c]","[c]"
"Leaver Dept.","2023","50-59","Office of the Secretary of State for Scotland","[c]","[c]","[c]","[c]"
"Leaver Dept.","2023","50-59","Scottish Government","25","[c]","47960","49010"
"Leaver Dept.","2023","50-59","UK Export Finance","[c]","[c]","[c]","[c]"
"Leaver Dept.","2023","50-59","UK Statistics Authority","35","[c]","34390","30210"
"Leaver Dept.","2023","50-59","Water Services Regulation Authority","[c]","[c]","[c]","[c]"
"Leaver Dept.","2023","50-59","Welsh Government","10","[c]","48830","45840"
"Leaver Dept.","2023","60-64","Attorney General's Departments","[c]","[c]","[c]","[c]"
"Leaver Dept.","2023","60-64","Cabinet Office","15","[c]","45320","35650"
"Leaver Dept.","2023","60-64","Department for Business, Energy and Industrial Strategy","10","[c]","[c]","[c]"
"Leaver Dept.","2023","60-64","Department for Education","5","[c]","[c]","[c]"
"Leaver Dept.","2023","60-64","Department for Environment, Food and Rural Affairs","10","[c]","[c]","[c]"
"Leaver Dept.","2023","60-64","Department for International Trade","[c]","[c]","[c]","[c]"
"Leaver Dept.","2023","60-64","Department for Levelling Up, Housing and Communities","10","[c]","[c]","[c]"
"Leaver Dept.","2023","60-64","Department for Transport","10","[c]","[c]","[c]"
"Leaver Dept.","2023","60-64","Department for Work and Pensions","75","[c]","29000","27570"
"Leaver Dept.","2023","60-64","Department of Health and Social Care","10","[c]","[c]","[c]"
"Leaver Dept.","2023","60-64","Estyn","[c]","[c]","[c]","[c]"
"Leaver Dept.","2023","60-64","Food Standards Agency","[c]","[c]","[c]","[c]"
"Leaver Dept.","2023","60-64","Foreign, Commonwealth and Development Office","[c]","[c]","[c]","[c]"
"Leaver Dept.","2023","60-64","HM Revenue and Customs","25","[c]","[c]","[c]"
"Leaver Dept.","2023","60-64","HM Treasury","[c]","[c]","[c]","[c]"
"Leaver Dept.","2023","60-64","Home Office","15","[c]","33790","28080"
"Leaver Dept.","2023","60-64","Ministry of Defence","10","[c]","[c]","[c]"
"Leaver Dept.","2023","60-64","Ministry of Justice","40","[c]","33460","25480"
"Leaver Dept.","2023","60-64","National Crime Agency","[c]","[c]","[c]","[c]"
"Leaver Dept.","2023","60-64","Northern Ireland Office","[c]","[c]","[c]","[c]"
"Leaver Dept.","2023","60-64","Office of Gas and Electricity Markets","[c]","[c]","[c]","[c]"
"Leaver Dept.","2023","60-64","UK Statistics Authority","[c]","[c]","[c]","[c]"
"Leaver Dept.","2023","65+","Attorney General's Departments","[c]","[c]","[c]","[c]"
"Leaver Dept.","2023","65+","Cabinet Office","[c]","[c]","[c]","[c]"
"Leaver Dept.","2023","65+","Department for Business, Energy and Industrial Strategy","5","[c]","[c]","[c]"
"Leaver Dept.","2023","65+","Department for Education","[c]","[c]","[c]","[c]"
"Leaver Dept.","2023","65+","Department for Environment, Food and Rural Affairs","[c]","[c]","[c]","[c]"
"Leaver Dept.","2023","65+","Department for Levelling Up, Housing and Communities","[c]","[c]","[c]","[c]"
"Leaver Dept.","2023","65+","Department for Transport","[c]","[c]","[c]","[c]"
"Leaver Dept.","2023","65+","Department for Work and Pensions","10","[c]","[c]","[c]"
"Leaver Dept.","2023","65+","Foreign, Commonwealth and Development Office","[c]","[c]","[c]","[c]"
"Leaver Dept.","2023","65+","HM Revenue and Customs","[c]","[c]","[c]","[c]"
"Leaver Dept.","2023","65+","Home Office","[c]","[c]","[c]","[c]"
"Leaver Dept.","2023","65+","Ministry of Defence","[c]","[c]","[c]","[c]"
"Leaver Dept.","2023","65+","Ministry of Justice","[c]","[c]","[c]","[c]"
"Leaver Dept.","2023","65+","Scottish Government","[c]","[c]","[c]","[c]"
"Leaver Dept.","2023","65+","UK Statistics Authority","[c]","[c]","[c]","[c]"
"Leaver Dept.","2023","Unknown","Department for Environment, Food and Rural Affairs","25","[c]","[c]","[c]"
"Leaver Dept.","2023","Unknown","Department of Health and Social Care","30","[c]","[c]","[c]"
"New entrant CS","2023","16-19","Attorney General's Departments","50","[c]","21260","20980"
"New entrant CS","2023","16-19","Cabinet Office","5","[c]","[c]","[c]"
"New entrant CS","2023","16-19","Department for Business, Energy and Industrial Strategy","20","[c]","23100","22310"
"New entrant CS","2023","16-19","Department for Digital, Culture, Media and Sport","[c]","[c]","[c]","[c]"
"New entrant CS","2023","16-19","Department for Education","5","[c]","[c]","[c]"
"New entrant CS","2023","16-19","Department for Environment, Food and Rural Affairs","30","[c]","22650","22150"
"New entrant CS","2023","16-19","Department for International Trade","10","[c]","[c]","[c]"
"New entrant CS","2023","16-19","Department for Levelling Up, Housing and Communities","[c]","[c]","[c]","[c]"
"New entrant CS","2023","16-19","Department for Transport","75","[c]","22010","22500"
"New entrant CS","2023","16-19","Department for Work and Pensions","70","[c]","22640","21690"
"New entrant CS","2023","16-19","Department of Health and Social Care","10","[c]","[c]","[c]"
"New entrant CS","2023","16-19","Food Standards Agency","[c]","[c]","[c]","[c]"
"New entrant CS","2023","16-19","HM Land Registry","[c]","[c]","[c]","[c]"
"New entrant CS","2023","16-19","HM Revenue and Customs","140","[c]","23030","22520"
"New entrant CS","2023","16-19","HM Treasury","5","[c]","[c]","[c]"
"New entrant CS","2023","16-19","Home Office","135","[c]","23790","22400"
"New entrant CS","2023","16-19","Ministry of Defence","175","[c]","20110","19460"
"New entrant CS","2023","16-19","Ministry of Justice","340","[c]","25550","23640"
"New entrant CS","2023","16-19","National Crime Agency","[c]","[c]","[c]","[c]"
"New entrant CS","2023","16-19","Office for Standards in Education, Children's Services and Skills","[c]","[c]","[c]","[c]"
"New entrant CS","2023","16-19","Office of Gas and Electricity Markets","[c]","[c]","[c]","[c]"
"New entrant CS","2023","16-19","Office of Qualifications and Examinations Regulation","[c]","[c]","[c]","[c]"
"New entrant CS","2023","16-19","Office of Rail and Road","[c]","[c]","[c]","[c]"
"New entrant CS","2023","16-19","Office of the Secretary of State for Scotland","[c]","[c]","[c]","[c]"
"New entrant CS","2023","16-19","Scottish Government","50","[c]","22490","22180"
"New entrant CS","2023","16-19","The National Archives","5","[c]","[c]","[c]"
"New entrant CS","2023","16-19","UK Export Finance","[c]","[c]","[c]","[c]"
"New entrant CS","2023","16-19","UK Statistics Authority","25","[c]","23320","24840"
"New entrant CS","2023","16-19","Welsh Government","10","[c]","[c]","[c]"
"New entrant CS","2023","20-29","Attorney General's Departments","600","[c]","27240","25600"
"New entrant CS","2023","20-29","Cabinet Office","770","[c]","29260","28840"
"New entrant CS","2023","20-29","Chancellor's other departments","25","[c]","31420","30090"
"New entrant CS","2023","20-29","Charity Commission","20","[c]","28810","25300"
"New entrant CS","2023","20-29","Competition and Markets Authority","90","[c]","34490","34110"
"New entrant CS","2023","20-29","Department for Business, Energy and Industrial Strategy","555","[c]","29430","28510"
"New entrant CS","2023","20-29","Department for Digital, Culture, Media and Sport","115","[c]","32160","31880"
"New entrant CS","2023","20-29","Department for Education","230","[c]","30170","30330"
"New entrant CS","2023","20-29","Department for Environment, Food and Rural Affairs","700","[c]","29770","29000"
"New entrant CS","2023","20-29","Department for International Trade","300","[c]","31940","32940"
"New entrant CS","2023","20-29","Department for Levelling Up, Housing and Communities","180","[c]","30200","28980"
"New entrant CS","2023","20-29","Department for Transport","620","[c]","26980","22500"
"New entrant CS","2023","20-29","Department for Work and Pensions","1355","[c]","26380","21690"
"New entrant CS","2023","20-29","Department of Health and Social Care","610","[c]","31320","28770"
"New entrant CS","2023","20-29","Estyn","5","[c]","[c]","[c]"
"New entrant CS","2023","20-29","Food Standards Agency","60","[c]","31310","30960"
"New entrant CS","2023","20-29","Foreign, Commonwealth and Development Office","5","[c]","[c]","[c]"
"New entrant CS","2023","20-29","HM Land Registry","115","[c]","26510","23390"
"New entrant CS","2023","20-29","HM Revenue and Customs","2215","[c]","25880","22520"
"New entrant CS","2023","20-29","HM Treasury","210","[c]","29440","28500"
"New entrant CS","2023","20-29","Home Office","3160","[c]","25510","25750"
"New entrant CS","2023","20-29","Ministry of Defence","2140","[c]","27400","27080"
"New entrant CS","2023","20-29","Ministry of Justice","6635","[c]","26060","24070"
"New entrant CS","2023","20-29","National Crime Agency","165","[c]","34170","34340"
"New entrant CS","2023","20-29","Northern Ireland Office","[c]","[c]","[c]","[c]"
"New entrant CS","2023","20-29","Office for Standards in Education, Children's Services and Skills","95","[c]","28410","26870"
"New entrant CS","2023","20-29","Office of Gas and Electricity Markets","160","[c]","29510","26040"
"New entrant CS","2023","20-29","Office of Qualifications and Examinations Regulation","30","[c]","28720","31310"
"New entrant CS","2023","20-29","Office of Rail and Road","15","[c]","31420","30340"
"New entrant CS","2023","20-29","Office of the Secretary of State for Scotland","10","[c]","31780","29660"
"New entrant CS","2023","20-29","Office of the Secretary of State for Wales","5","[c]","[c]","[c]"
"New entrant CS","2023","20-29","Scottish Government","1210","[c]","27670","24710"
"New entrant CS","2023","20-29","The National Archives","40","[c]","27320","24990"
"New entrant CS","2023","20-29","UK Export Finance","45","[c]","37320","34000"
"New entrant CS","2023","20-29","UK Statistics Authority","365","[c]","28200","31060"
"New entrant CS","2023","20-29","UK Supreme Court","15","[c]","28940","24820"
"New entrant CS","2023","20-29","Water Services Regulation Authority","15","[c]","31860","29000"
"New entrant CS","2023","20-29","Welsh Government","120","[c]","26140","22150"
"New entrant CS","2023","30-39","Attorney General's Departments","340","[c]","39220","38760"
"New entrant CS","2023","30-39","Cabinet Office","225","[c]","43510","37400"
"New entrant CS","2023","30-39","Chancellor's other departments","20","[c]","56460","50500"
"New entrant CS","2023","30-39","Charity Commission","25","[c]","31740","30170"
"New entrant CS","2023","30-39","Competition and Markets Authority","40","[c]","56770","55570"
"New entrant CS","2023","30-39","Department for Business, Energy and Industrial Strategy","320","[c]","35500","33430"
"New entrant CS","2023","30-39","Department for Digital, Culture, Media and Sport","55","[c]","38570","35040"
"New entrant CS","2023","30-39","Department for Education","135","[c]","37960","37590"
"New entrant CS","2023","30-39","Department for Environment, Food and Rural Affairs","505","[c]","33940","30320"
"New entrant CS","2023","30-39","Department for International Trade","125","[c]","40750","38400"
"New entrant CS","2023","30-39","Department for Levelling Up, Housing and Communities","75","[c]","38720","40390"
"New entrant CS","2023","30-39","Department for Transport","410","[c]","29710","26780"
"New entrant CS","2023","30-39","Department for Work and Pensions","940","[c]","29640","28120"
"New entrant CS","2023","30-39","Department of Health and Social Care","385","[c]","42740","40260"
"New entrant CS","2023","30-39","Estyn","5","[c]","[c]","[c]"
"New entrant CS","2023","30-39","Food Standards Agency","45","[c]","33760","31260"
"New entrant CS","2023","30-39","Foreign, Commonwealth and Development Office","[c]","[c]","[c]","[c]"
"New entrant CS","2023","30-39","HM Land Registry","120","[c]","31300","27420"
"New entrant CS","2023","30-39","HM Revenue and Customs","1330","[c]","29120","22520"
"New entrant CS","2023","30-39","HM Treasury","50","[c]","36980","32970"
"New entrant CS","2023","30-39","Home Office","1860","[c]","26590","25750"
"New entrant CS","2023","30-39","Ministry of Defence","1310","[c]","32990","30950"
"New entrant CS","2023","30-39","Ministry of Justice","3480","[c]","27380","27640"
"New entrant CS","2023","30-39","National Crime Agency","130","[c]","38370","36040"
"New entrant CS","2023","30-39","Northern Ireland Office","[c]","[c]","[c]","[c]"
"New entrant CS","2023","30-39","Office for Standards in Education, Children's Services and Skills","110","[c]","49000","47750"
"New entrant CS","2023","30-39","Office of Gas and Electricity Markets","160","[c]","43530","40000"
"New entrant CS","2023","30-39","Office of Qualifications and Examinations Regulation","25","[c]","38420","38380"
"New entrant CS","2023","30-39","Office of Rail and Road","15","[c]","41740","43520"
"New entrant CS","2023","30-39","Office of the Secretary of State for Scotland","10","[c]","[c]","[c]"
"New entrant CS","2023","30-39","Office of the Secretary of State for Wales","[c]","[c]","[c]","[c]"
"New entrant CS","2023","30-39","Scottish Government","1235","[c]","31870","29100"
"New entrant CS","2023","30-39","The National Archives","30","[c]","35000","35000"
"New entrant CS","2023","30-39","UK Export Finance","20","[c]","51650","49620"
"New entrant CS","2023","30-39","UK Statistics Authority","250","[c]","33410","31060"
"New entrant CS","2023","30-39","UK Supreme Court","5","[c]","[c]","[c]"
"New entrant CS","2023","30-39","Water Services Regulation Authority","15","[c]","47930","45000"
"New entrant CS","2023","30-39","Welsh Government","80","[c]","37990","36590"
"New entrant CS","2023","40-49","Attorney General's Departments","160","[c]","39760","38760"
"New entrant CS","2023","40-49","Cabinet Office","155","[c]","55770","51290"
"New entrant CS","2023","40-49","Chancellor's other departments","15","[c]","44820","43000"
"New entrant CS","2023","40-49","Charity Commission","20","[c]","36510","30170"
"New entrant CS","2023","40-49","Competition and Markets Authority","15","[c]","66240","59630"
"New entrant CS","2023","40-49","Department for Business, Energy and Industrial Strategy","205","[c]","39420","37380"
"New entrant CS","2023","40-49","Department for Digital, Culture, Media and Sport","15","[c]","47390","39540"
"New entrant CS","2023","40-49","Department for Education","100","[c]","43750","37710"
"New entrant CS","2023","40-49","Department for Environment, Food and Rural Affairs","330","[c]","35280","30320"
"New entrant CS","2023","40-49","Department for International Trade","110","[c]","43340","41910"
"New entrant CS","2023","40-49","Department for Levelling Up, Housing and Communities","70","[c]","44670","41840"
"New entrant CS","2023","40-49","Department for Transport","300","[c]","29530","26780"
"New entrant CS","2023","40-49","Department for Work and Pensions","700","[c]","31360","28120"
"New entrant CS","2023","40-49","Department of Health and Social Care","245","[c]","47340","42310"
"New entrant CS","2023","40-49","Estyn","5","[c]","[c]","[c]"
"New entrant CS","2023","40-49","Food Standards Agency","40","[c]","33650","32130"
"New entrant CS","2023","40-49","Foreign, Commonwealth and Development Office","[c]","[c]","[c]","[c]"
"New entrant CS","2023","40-49","HM Land Registry","65","[c]","29960","23390"
"New entrant CS","2023","40-49","HM Revenue and Customs","820","[c]","30360","22520"
"New entrant CS","2023","40-49","HM Treasury","40","[c]","45680","43160"
"New entrant CS","2023","40-49","Home Office","1250","[c]","27330","25750"
"New entrant CS","2023","40-49","Ministry of Defence","1100","[c]","35730","33710"
"New entrant CS","2023","40-49","Ministry of Justice","2100","[c]","27490","24330"
"New entrant CS","2023","40-49","National Crime Agency","85","[c]","41060","38480"
"New entrant CS","2023","40-49","Northern Ireland Office","[c]","[c]","[c]","[c]"
"New entrant CS","2023","40-49","Office for Standards in Education, Children's Services and Skills","145","[c]","59650","62780"
"New entrant CS","2023","40-49","Office of Gas and Electricity Markets","100","[c]","46530","42620"
"New entrant CS","2023","40-49","Office of Qualifications and Examinations Regulation","15","[c]","43350","38380"
"New entrant CS","2023","40-49","Office of Rail and Road","10","[c]","56300","54240"
"New entrant CS","2023","40-49","Office of the Secretary of State for Scotland","[c]","[c]","[c]","[c]"
"New entrant CS","2023","40-49","Scottish Government","770","[c]","34590","29100"
"New entrant CS","2023","40-49","The National Archives","20","[c]","38730","34970"
"New entrant CS","2023","40-49","UK Export Finance","20","[c]","57070","52190"
"New entrant CS","2023","40-49","UK Statistics Authority","155","[c]","35480","31060"
"New entrant CS","2023","40-49","UK Supreme Court","[c]","[c]","[c]","[c]"
"New entrant CS","2023","40-49","Water Services Regulation Authority","15","[c]","63940","65000"
"New entrant CS","2023","40-49","Welsh Government","55","[c]","40810","41700"
"New entrant CS","2023","50-59","Attorney General's Departments","100","[c]","39000","38760"
"New entrant CS","2023","50-59","Cabinet Office","105","[c]","59850","51290"
"New entrant CS","2023","50-59","Chancellor's other departments","5","[c]","[c]","[c]"
"New entrant CS","2023","50-59","Charity Commission","10","[c]","30800","30170"
"New entrant CS","2023","50-59","Competition and Markets Authority","15","[c]","50360","44810"
"New entrant CS","2023","50-59","Department for Business, Energy and Industrial Strategy","120","[c]","37520","37380"
"New entrant CS","2023","50-59","Department for Digital, Culture, Media and Sport","5","[c]","[c]","[c]"
"New entrant CS","2023","50-59","Department for Education","30","[c]","42820","38130"
"New entrant CS","2023","50-59","Department for Environment, Food and Rural Affairs","225","[c]","32510","25920"
"New entrant CS","2023","50-59","Department for International Trade","145","[c]","47440","44130"
"New entrant CS","2023","50-59","Department for Levelling Up, Housing and Communities","40","[c]","52610","50000"
"New entrant CS","2023","50-59","Department for Transport","320","[c]","28630","26780"
"New entrant CS","2023","50-59","Department for Work and Pensions","500","[c]","30140","21690"
"New entrant CS","2023","50-59","Department of Health and Social Care","170","[c]","51990","41710"
"New entrant CS","2023","50-59","Estyn","5","[c]","[c]","[c]"
"New entrant CS","2023","50-59","Food Standards Agency","20","[c]","32880","31110"
"New entrant CS","2023","50-59","Foreign, Commonwealth and Development Office","[c]","[c]","[c]","[c]"
"New entrant CS","2023","50-59","HM Land Registry","50","[c]","24570","23390"
"New entrant CS","2023","50-59","HM Revenue and Customs","535","[c]","30100","22520"
"New entrant CS","2023","50-59","HM Treasury","30","[c]","45980","39200"
"New entrant CS","2023","50-59","Home Office","1070","[c]","27730","25750"
"New entrant CS","2023","50-59","Ministry of Defence","1085","[c]","34820","30650"
"New entrant CS","2023","50-59","Ministry of Justice","1615","[c]","25560","23640"
"New entrant CS","2023","50-59","National Crime Agency","110","[c]","42720","38640"
"New entrant CS","2023","50-59","Northern Ireland Office","[c]","[c]","[c]","[c]"
"New entrant CS","2023","50-59","Office for Standards in Education, Children's Services and Skills","105","[c]","57770","52750"
"New entrant CS","2023","50-59","Office of Gas and Electricity Markets","40","[c]","46740","47080"
"New entrant CS","2023","50-59","Office of Qualifications and Examinations Regulation","15","[c]","40730","38380"
"New entrant CS","2023","50-59","Office of Rail and Road","[c]","[c]","[c]","[c]"
"New entrant CS","2023","50-59","Office of the Secretary of State for Scotland","[c]","[c]","[c]","[c]"
"New entrant CS","2023","50-59","Office of the Secretary of State for Wales","[c]","[c]","[c]","[c]"
"New entrant CS","2023","50-59","Scottish Government","635","[c]","32720","29100"
"New entrant CS","2023","50-59","The National Archives","10","[c]","[c]","[c]"
"New entrant CS","2023","50-59","UK Export Finance","10","[c]","[c]","[c]"
"New entrant CS","2023","50-59","UK Statistics Authority","170","[c]","28290","21200"
"New entrant CS","2023","50-59","Water Services Regulation Authority","5","[c]","[c]","[c]"
"New entrant CS","2023","50-59","Welsh Government","40","[c]","42080","36590"
"New entrant CS","2023","60-64","Attorney General's Departments","15","[c]","43900","49050"
"New entrant CS","2023","60-64","Cabinet Office","[c]","[c]","[c]","[c]"
"New entrant CS","2023","60-64","Chancellor's other departments","[c]","[c]","[c]","[c]"
"New entrant CS","2023","60-64","Charity Commission","5","[c]","[c]","[c]"
"New entrant CS","2023","60-64","Competition and Markets Authority","[c]","[c]","[c]","[c]"
"New entrant CS","2023","60-64","Department for Business, Energy and Industrial Strategy","25","[c]","36940","37350"
"New entrant CS","2023","60-64","Department for Digital, Culture, Media and Sport","[c]","[c]","[c]","[c]"
"New entrant CS","2023","60-64","Department for Education","[c]","[c]","[c]","[c]"
"New entrant CS","2023","60-64","Department for Environment, Food and Rural Affairs","50","[c]","27750","22150"
"New entrant CS","2023","60-64","Department for International Trade","55","[c]","45790","43090"
"New entrant CS","2023","60-64","Department for Levelling Up, Housing and Communities","10","[c]","[c]","[c]"
"New entrant CS","2023","60-64","Department for Transport","70","[c]","27340","26780"
"New entrant CS","2023","60-64","Department for Work and Pensions","115","[c]","26860","21690"
"New entrant CS","2023","60-64","Department of Health and Social Care","35","[c]","65740","54090"
"New entrant CS","2023","60-64","Food Standards Agency","[c]","[c]","[c]","[c]"
"New entrant CS","2023","60-64","Foreign, Commonwealth and Development Office","[c]","[c]","[c]","[c]"
"New entrant CS","2023","60-64","HM Land Registry","5","[c]","[c]","[c]"
"New entrant CS","2023","60-64","HM Revenue and Customs","100","[c]","30260","22520"
"New entrant CS","2023","60-64","HM Treasury","5","[c]","[c]","[c]"
"New entrant CS","2023","60-64","Home Office","235","[c]","26430","25750"
"New entrant CS","2023","60-64","Ministry of Defence","195","[c]","34040","30650"
"New entrant CS","2023","60-64","Ministry of Justice","360","[c]","24830","23230"
"New entrant CS","2023","60-64","National Crime Agency","25","[c]","34140","36040"
"New entrant CS","2023","60-64","Office for Standards in Education, Children's Services and Skills","[c]","[c]","[c]","[c]"
"New entrant CS","2023","60-64","Office of Gas and Electricity Markets","5","[c]","[c]","[c]"
"New entrant CS","2023","60-64","Office of Qualifications and Examinations Regulation","[c]","[c]","[c]","[c]"
"New entrant CS","2023","60-64","Scottish Government","115","[c]","30360","29100"
"New entrant CS","2023","60-64","The National Archives","[c]","[c]","[c]","[c]"
"New entrant CS","2023","60-64","UK Export Finance","[c]","[c]","[c]","[c]"
"New entrant CS","2023","60-64","UK Statistics Authority","85","[c]","23340","21200"
"New entrant CS","2023","60-64","Welsh Government","10","[c]","[c]","[c]"
"New entrant CS","2023","65+","Attorney General's Departments","[c]","[c]","[c]","[c]"
"New entrant CS","2023","65+","Cabinet Office","[c]","[c]","[c]","[c]"
"New entrant CS","2023","65+","Department for Business, Energy and Industrial Strategy","[c]","[c]","[c]","[c]"
"New entrant CS","2023","65+","Department for Environment, Food and Rural Affairs","25","[c]","29430","22150"
"New entrant CS","2023","65+","Department for International Trade","40","[c]","44850","42470"
"New entrant CS","2023","65+","Department for Levelling Up, Housing and Communities","5","[c]","[c]","[c]"
"New entrant CS","2023","65+","Department for Transport","15","[c]","26970","27220"
"New entrant CS","2023","65+","Department for Work and Pensions","15","[c]","24570","21690"
"New entrant CS","2023","65+","Department of Health and Social Care","15","[c]","68820","57150"
"New entrant CS","2023","65+","Food Standards Agency","[c]","[c]","[c]","[c]"
"New entrant CS","2023","65+","HM Land Registry","[c]","[c]","[c]","[c]"
"New entrant CS","2023","65+","HM Revenue and Customs","30","[c]","29680","22520"
"New entrant CS","2023","65+","HM Treasury","[c]","[c]","[c]","[c]"
"New entrant CS","2023","65+","Home Office","75","[c]","25680","22400"
"New entrant CS","2023","65+","Ministry of Defence","40","[c]","35380","27610"
"New entrant CS","2023","65+","Ministry of Justice","75","[c]","24110","23230"
"New entrant CS","2023","65+","National Crime Agency","[c]","[c]","[c]","[c]"
"New entrant CS","2023","65+","Office for Standards in Education, Children's Services and Skills","[c]","[c]","[c]","[c]"
"New entrant CS","2023","65+","Office of Gas and Electricity Markets","[c]","[c]","[c]","[c]"
"New entrant CS","2023","65+","Scottish Government","20","[c]","32820","29100"
"New entrant CS","2023","65+","The National Archives","[c]","[c]","[c]","[c]"
"New entrant CS","2023","65+","UK Statistics Authority","45","[c]","21390","21200"
"New entrant CS","2023","65+","Water Services Regulation Authority","[c]","[c]","[c]","[c]"
"New entrant CS","2023","65+","Welsh Government","[c]","[c]","[c]","[c]"
"New entrant CS","2023","Unknown","Department for Environment, Food and Rural Affairs","120","[c]","[c]","[c]"
"New entrant CS","2023","Unknown","UK Statistics Authority","[c]","[c]","[c]","[c]"
"Notes","Summary figures are suppressed when information relates to less than 5 civil servants for FTE or Headcount, and less than 10 civil servants for median and mean salary (shown as [c]). Zero responses and salaries for less than 30 civil servants have been suppressed for GPDR special category data. FTE figures are not shown for entrants or leavers due to data quality concerns for these groups. Figures are rounded to the nearest 5, or 10 as appropriate.","","","","","",""
"Data source","All figures are aggregated from the Cabinet Office Annual Civil Service Employment Survey collection. https://www.gov.uk/government/collections/civil-service-statistics","","","","","",""
"Version","Generated on 2023-07-26, with GIT d545f65.","","","","","",""
"Data column","Description","","","","","",""
"Status","Employment status of the civil servants.","","","","","",""
"","In post - includes staff that were in post on the reference date (31 March).","","","","","",""
"","New entrant CS - includes new entrants to the Civil Service over the year (1 April to 31 March).","","","","","",""
"","Leaver CS - includes leavers from the Civil Service over the year (1 April to 31 March). This includes employees who have an Unknown leaving cause.","","","","","",""
"","Leaver Dept. - includes leavers from the department over the year (1 April to 31 March), who did not leave the Civil Service.","","","","","",""
"","Four organisations do not report when their employees first entered the Civil Service and so entrants data for these organisations is not available . These are as follows: Foreign Commonwealth and Development Office (excl. agencies), Foreign Commonwealth and Development Office Services, Scottish Forestry and Forest and Land Scotland. A further three organisations also could not provide entrants data in 2021. These are as follows: Department for International Development, Foreign and Commonwealth Office (excl. agencies) and Royal Fleet Auxiliary.","","","","","",""
"Year","Year of data collection (as at 31 March).","","","","","",""
"Parent_department","Government Department, total figures for both Ministerial and Non-Ministerial Departments include all of their Executive Agencies.","","","","","",""
"Age","Age in 10 year bands. Age is calculated as at the reference date in each year (31st March), so entrants or leavers may have been up to one year younger at the date of exit or entry.","","","","","",""
"Headcount","Total number of civil servants (rounded to nearest 5).","","","","","",""
"FTE","Total full-time equivalent (FTE) employment numbers (rounded to nearest 5).","","","","","",""
"","FTE figures are not shown for entrants or leavers due to data quality concerns for these groups.","","","","","",""
"Mean_salary","Average salary (mean, rounded to nearest 10). For part-time employees, salaries represent the full-time equivalent earnings, while for full-time employees they are the actual annual gross salaries.","","","","","",""
"","These figures should be interpreted with caution when the total number of employees in a group is small, as they will tend to show more variability than larger groups (i.e. may be much higher or lower than can be explained by the data shown).","","","","","",""
"Median_salary","Median salary (rounded to nearest 10). For part-time employees, salaries represent the full-time equivalent earnings, while for full-time employees they are the actual annual gross salaries.","","","","","",""
"","These figures should be interpreted with caution when the total number of employees in a group is small, as they will tend to show more variability than larger groups (i.e. may be much higher or lower than can be explained by the data shown).","","","","","",""
