"Status","Year","Function_of_post","Region_ITL1","Headcount","FTE","Mean_salary","Median_salary"
"In post","2023","Analysis","East Midlands (England)","120","115","40990","38120"
"In post","2023","Analysis","East of England","395","380","37560","37300"
"In post","2023","Analysis","London","4420","4300","50180","45560"
"In post","2023","Analysis","North East (England)","355","345","39990","37890"
"In post","2023","Analysis","North West (England)","650","635","41480","38490"
"In post","2023","Analysis","Northern Ireland","5","5","[c]","[c]"
"In post","2023","Analysis","Overseas","[c]","[c]","[c]","[c]"
"In post","2023","Analysis","Scotland","175","170","43440","37250"
"In post","2023","Analysis","South East (England)","1180","1125","42370","39890"
"In post","2023","Analysis","South West (England)","1010","965","41160","39890"
"In post","2023","Analysis","Unknown","5","5","[c]","[c]"
"In post","2023","Analysis","Wales","1165","1120","39180","37760"
"In post","2023","Analysis","West Midlands (England)","190","185","41040","37680"
"In post","2023","Analysis","Yorkshire and The Humber","650","615","43690","41470"
"In post","2023","Commercial","East Midlands (England)","140","135","43770","40500"
"In post","2023","Commercial","East of England","250","235","45990","40750"
"In post","2023","Commercial","London","1810","1785","58430","56000"
"In post","2023","Commercial","North East (England)","140","135","45880","40820"
"In post","2023","Commercial","North West (England)","775","760","46540","40620"
"In post","2023","Commercial","Northern Ireland","15","15","34740","33230"
"In post","2023","Commercial","Overseas","30","30","67720","60030"
"In post","2023","Commercial","Scotland","390","380","42450","37730"
"In post","2023","Commercial","South East (England)","565","550","42930","39720"
"In post","2023","Commercial","South West (England)","1845","1770","43570","42500"
"In post","2023","Commercial","Unknown","10","10","[c]","[c]"
"In post","2023","Commercial","Wales","405","380","37190","32950"
"In post","2023","Commercial","West Midlands (England)","375","365","46230","38810"
"In post","2023","Commercial","Yorkshire and The Humber","530","515","48910","41880"
"In post","2023","Communications","East Midlands (England)","120","120","40180","37900"
"In post","2023","Communications","East of England","70","70","37060","34300"
"In post","2023","Communications","London","2200","2155","49260","44600"
"In post","2023","Communications","North East (England)","140","130","36980","35000"
"In post","2023","Communications","North West (England)","280","265","39090","36400"
"In post","2023","Communications","Northern Ireland","25","25","40210","38640"
"In post","2023","Communications","Overseas","[c]","[c]","[c]","[c]"
"In post","2023","Communications","Scotland","100","100","40500","39590"
"In post","2023","Communications","South East (England)","295","280","36350","33990"
"In post","2023","Communications","South West (England)","310","290","37620","35520"
"In post","2023","Communications","Unknown","[c]","[c]","[c]","[c]"
"In post","2023","Communications","Wales","270","255","37890","34490"
"In post","2023","Communications","West Midlands (England)","145","140","40080","37640"
"In post","2023","Communications","Yorkshire and The Humber","190","180","41830","39770"
"In post","2023","Counter Fraud","East Midlands (England)","990","915","34190","34170"
"In post","2023","Counter Fraud","East of England","735","675","30540","29730"
"In post","2023","Counter Fraud","London","3610","3430","39130","34500"
"In post","2023","Counter Fraud","North East (England)","1265","1180","32300","28130"
"In post","2023","Counter Fraud","North West (England)","2575","2400","34450","29730"
"In post","2023","Counter Fraud","Northern Ireland","450","430","34670","34700"
"In post","2023","Counter Fraud","Scotland","1600","1470","31510","28130"
"In post","2023","Counter Fraud","South East (England)","1230","1125","31230","29300"
"In post","2023","Counter Fraud","South West (England)","845","775","33830","28130"
"In post","2023","Counter Fraud","Unknown","20","20","42400","35240"
"In post","2023","Counter Fraud","Wales","1070","980","30790","28120"
"In post","2023","Counter Fraud","West Midlands (England)","1310","1200","32660","28130"
"In post","2023","Counter Fraud","Yorkshire and The Humber","1440","1330","33160","28130"
"In post","2023","Debt","East Midlands (England)","655","590","23470","22520"
"In post","2023","Debt","East of England","155","130","26680","25610"
"In post","2023","Debt","London","635","575","29680","26920"
"In post","2023","Debt","North East (England)","1025","920","23530","22520"
"In post","2023","Debt","North West (England)","750","685","24680","22520"
"In post","2023","Debt","Northern Ireland","10","10","29000","28130"
"In post","2023","Debt","Scotland","1495","1365","24340","22520"
"In post","2023","Debt","South East (England)","75","60","29810","29730"
"In post","2023","Debt","South West (England)","155","130","23580","21690"
"In post","2023","Debt","Unknown","5","5","[c]","[c]"
"In post","2023","Debt","Wales","515","480","25380","22520"
"In post","2023","Debt","West Midlands (England)","1235","1105","23660","22520"
"In post","2023","Debt","Yorkshire and The Humber","1040","915","24560","22520"
"In post","2023","Digital, Data & Technology","East Midlands (England)","495","485","38180","34700"
"In post","2023","Digital, Data & Technology","East of England","655","630","36830","34700"
"In post","2023","Digital, Data & Technology","London","5565","5465","50150","45950"
"In post","2023","Digital, Data & Technology","North East (England)","2725","2630","43030","38760"
"In post","2023","Digital, Data & Technology","North West (England)","3815","3715","42630","38470"
"In post","2023","Digital, Data & Technology","Northern Ireland","100","100","36130","34700"
"In post","2023","Digital, Data & Technology","Overseas","75","75","39320","37420"
"In post","2023","Digital, Data & Technology","Scotland","1115","1090","40260","37950"
"In post","2023","Digital, Data & Technology","South East (England)","1600","1545","39820","36990"
"In post","2023","Digital, Data & Technology","South West (England)","3975","3825","40430","39460"
"In post","2023","Digital, Data & Technology","Unknown","35","35","47610","44720"
"In post","2023","Digital, Data & Technology","Wales","2320","2265","42570","39820"
"In post","2023","Digital, Data & Technology","West Midlands (England)","1930","1890","41860","38300"
"In post","2023","Digital, Data & Technology","Yorkshire and The Humber","1950","1890","44040","40290"
"In post","2023","Finance","East Midlands (England)","335","320","37190","34700"
"In post","2023","Finance","East of England","310","300","39080","36880"
"In post","2023","Finance","London","3155","3070","50420","45560"
"In post","2023","Finance","North East (England)","895","840","40200","37300"
"In post","2023","Finance","North West (England)","1545","1455","38530","35000"
"In post","2023","Finance","Northern Ireland","50","50","40350","38640"
"In post","2023","Finance","Overseas","45","45","50250","48980"
"In post","2023","Finance","Scotland","1165","1030","31240","27080"
"In post","2023","Finance","South East (England)","1260","1195","36740","33990"
"In post","2023","Finance","South West (England)","1425","1365","41640","37710"
"In post","2023","Finance","Unknown","15","10","39920","37860"
"In post","2023","Finance","Wales","485","460","37860","34170"
"In post","2023","Finance","West Midlands (England)","600","580","40270","37590"
"In post","2023","Finance","Yorkshire and The Humber","1590","1475","37620","34170"
"In post","2023","Grants Management","East Midlands (England)","90","85","26640","25920"
"In post","2023","Grants Management","East of England","55","50","26440","25920"
"In post","2023","Grants Management","London","60","60","51180","48480"
"In post","2023","Grants Management","North East (England)","465","435","25560","22150"
"In post","2023","Grants Management","North West (England)","990","895","25190","22150"
"In post","2023","Grants Management","South East (England)","195","180","28600","25920"
"In post","2023","Grants Management","South West (England)","290","265","27090","25920"
"In post","2023","Grants Management","Wales","5","5","[c]","[c]"
"In post","2023","Grants Management","West Midlands (England)","185","170","25550","22150"
"In post","2023","Grants Management","Yorkshire and The Humber","285","270","26720","25920"
"In post","2023","Human Resources","East Midlands (England)","700","670","37380","34700"
"In post","2023","Human Resources","East of England","515","490","35430","32230"
"In post","2023","Human Resources","London","3070","2975","48360","43650"
"In post","2023","Human Resources","North East (England)","860","805","34060","32420"
"In post","2023","Human Resources","North West (England)","1670","1595","38100","34700"
"In post","2023","Human Resources","Northern Ireland","80","75","33950","32730"
"In post","2023","Human Resources","Overseas","240","240","56720","56420"
"In post","2023","Human Resources","Scotland","955","905","35520","34000"
"In post","2023","Human Resources","South East (England)","1400","1345","36590","34300"
"In post","2023","Human Resources","South West (England)","1615","1540","37460","34300"
"In post","2023","Human Resources","Unknown","35","35","44620","41490"
"In post","2023","Human Resources","Wales","920","870","36620","32570"
"In post","2023","Human Resources","West Midlands (England)","995","950","36330","32570"
"In post","2023","Human Resources","Yorkshire and The Humber","1365","1295","36530","33020"
"In post","2023","Internal Audit","East Midlands (England)","20","20","45590","45090"
"In post","2023","Internal Audit","East of England","15","15","46100","46470"
"In post","2023","Internal Audit","London","195","190","54090","53070"
"In post","2023","Internal Audit","North East (England)","35","35","51100","46290"
"In post","2023","Internal Audit","North West (England)","60","60","46130","42770"
"In post","2023","Internal Audit","Northern Ireland","[c]","[c]","[c]","[c]"
"In post","2023","Internal Audit","Overseas","[c]","[c]","[c]","[c]"
"In post","2023","Internal Audit","Scotland","60","60","43330","41660"
"In post","2023","Internal Audit","South East (England)","85","85","39020","35000"
"In post","2023","Internal Audit","South West (England)","95","85","44830","43890"
"In post","2023","Internal Audit","Unknown","20","20","49540","44070"
"In post","2023","Internal Audit","Wales","30","30","47620","47020"
"In post","2023","Internal Audit","West Midlands (England)","55","50","50810","46340"
"In post","2023","Internal Audit","Yorkshire and The Humber","50","45","51010","50350"
"In post","2023","Legal","East Midlands (England)","625","580","39010","34850"
"In post","2023","Legal","East of England","575","525","42730","38760"
"In post","2023","Legal","London","5285","4985","53880","54100"
"In post","2023","Legal","North East (England)","485","445","39640","34850"
"In post","2023","Legal","North West (England)","1510","1410","41450","37250"
"In post","2023","Legal","Northern Ireland","40","40","37050","34850"
"In post","2023","Legal","Overseas","10","10","76790","72370"
"In post","2023","Legal","Scotland","890","840","59300","55990"
"In post","2023","Legal","South East (England)","905","840","42970","37680"
"In post","2023","Legal","South West (England)","600","555","45300","49050"
"In post","2023","Legal","Unknown","[c]","[c]","[c]","[c]"
"In post","2023","Legal","Wales","540","505","42820","42510"
"In post","2023","Legal","West Midlands (England)","770","730","41930","38760"
"In post","2023","Legal","Yorkshire and The Humber","1135","1055","42200","38470"
"In post","2023","No function","East Midlands (England)","18065","16735","30960","28120"
"In post","2023","No function","East of England","16825","15540","31090","28740"
"In post","2023","No function","London","63245","60620","43180","37640"
"In post","2023","No function","North East (England)","23510","21115","28920","27890"
"In post","2023","No function","North West (England)","48710","45030","29680","28120"
"In post","2023","No function","Northern Ireland","3110","2920","30260","26910"
"In post","2023","No function","Overseas","2685","2675","53730","53970"
"In post","2023","No function","Scotland","24700","22700","30640","28120"
"In post","2023","No function","South East (England)","29025","26705","31640","28480"
"In post","2023","No function","South West (England)","24930","23090","33700","29570"
"In post","2023","No function","Unknown","725","675","33530","28120"
"In post","2023","No function","Wales","23340","21335","29060","27450"
"In post","2023","No function","West Midlands (England)","24340","22510","30860","28120"
"In post","2023","No function","Yorkshire and The Humber","27470","25430","31480","28120"
"In post","2023","Project Delivery","East Midlands (England)","530","510","42860","41000"
"In post","2023","Project Delivery","East of England","670","645","45050","41800"
"In post","2023","Project Delivery","London","5475","5300","54450","54090"
"In post","2023","Project Delivery","North East (England)","1430","1365","44050","42140"
"In post","2023","Project Delivery","North West (England)","2480","2365","43720","41780"
"In post","2023","Project Delivery","Northern Ireland","110","110","44420","42140"
"In post","2023","Project Delivery","Overseas","145","145","57760","56100"
"In post","2023","Project Delivery","Scotland","970","930","43640","41570"
"In post","2023","Project Delivery","South East (England)","1675","1620","43230","41000"
"In post","2023","Project Delivery","South West (England)","6010","5805","42640","41000"
"In post","2023","Project Delivery","Unknown","15","15","48980","50160"
"In post","2023","Project Delivery","Wales","715","685","44530","38470"
"In post","2023","Project Delivery","West Midlands (England)","1085","1045","43950","41200"
"In post","2023","Project Delivery","Yorkshire and The Humber","995","935","42850","38470"
"In post","2023","Property","East Midlands (England)","525","495","36130","33960"
"In post","2023","Property","East of England","585","555","35450","33990"
"In post","2023","Property","London","1365","1315","44910","40180"
"In post","2023","Property","North East (England)","750","715","31190","26020"
"In post","2023","Property","North West (England)","725","695","37000","34170"
"In post","2023","Property","Northern Ireland","95","90","33970","34580"
"In post","2023","Property","Overseas","65","65","48250","44680"
"In post","2023","Property","Scotland","565","550","36060","34300"
"In post","2023","Property","South East (England)","950","910","38210","34450"
"In post","2023","Property","South West (England)","1180","1125","33820","32260"
"In post","2023","Property","Unknown","45","45","47750","44860"
"In post","2023","Property","Wales","530","500","35640","32650"
"In post","2023","Property","West Midlands (England)","705","675","38230","34300"
"In post","2023","Property","Yorkshire and The Humber","830","785","38030","34450"
"In post","2023","Security","East Midlands (England)","165","165","34070","32240"
"In post","2023","Security","East of England","545","540","36420","34480"
"In post","2023","Security","London","1735","1705","44550","40690"
"In post","2023","Security","North East (England)","80","80","34750","32450"
"In post","2023","Security","North West (England)","385","370","32840","28190"
"In post","2023","Security","Northern Ireland","390","385","23130","22130"
"In post","2023","Security","Overseas","150","150","42370","39400"
"In post","2023","Security","Scotland","1625","1565","32640","28560"
"In post","2023","Security","South East (England)","1850","1815","34180","30650"
"In post","2023","Security","South West (England)","1415","1385","31810","27500"
"In post","2023","Security","Unknown","70","65","29510","24610"
"In post","2023","Security","Wales","335","330","29230","25650"
"In post","2023","Security","West Midlands (England)","360","355","32950","28160"
"In post","2023","Security","Yorkshire and The Humber","930","885","32770","30700"
"In post","2023","Unknown","East Midlands (England)","45","40","32930","28840"
"In post","2023","Unknown","East of England","30","25","47330","44120"
"In post","2023","Unknown","London","1920","1875","42990","36620"
"In post","2023","Unknown","North East (England)","90","85","37080","37380"
"In post","2023","Unknown","North West (England)","185","180","36210","30130"
"In post","2023","Unknown","Northern Ireland","60","60","38980","37680"
"In post","2023","Unknown","Overseas","65","65","60270","60080"
"In post","2023","Unknown","Scotland","17690","16955","41480","36330"
"In post","2023","Unknown","South East (England)","740","710","42590","39890"
"In post","2023","Unknown","South West (England)","1700","1645","42260","39890"
"In post","2023","Unknown","Unknown","1715","1715","41920","39880"
"In post","2023","Unknown","Wales","6005","5675","43530","39690"
"In post","2023","Unknown","West Midlands (England)","165","160","40080","37710"
"In post","2023","Unknown","Yorkshire and The Humber","420","400","39610","38470"
"Leaver CS","2023","Analysis","East Midlands (England)","10","[c]","36230","33130"
"Leaver CS","2023","Analysis","East of England","30","[c]","34080","30320"
"Leaver CS","2023","Analysis","London","365","[c]","40260","33710"
"Leaver CS","2023","Analysis","North East (England)","10","[c]","31880","30210"
"Leaver CS","2023","Analysis","North West (England)","30","[c]","37840","37590"
"Leaver CS","2023","Analysis","Scotland","10","[c]","46830","51060"
"Leaver CS","2023","Analysis","South East (England)","130","[c]","34900","31560"
"Leaver CS","2023","Analysis","South West (England)","140","[c]","34750","30650"
"Leaver CS","2023","Analysis","Unknown","5","[c]","[c]","[c]"
"Leaver CS","2023","Analysis","Wales","95","[c]","29940","24860"
"Leaver CS","2023","Analysis","West Midlands (England)","15","[c]","47500","39880"
"Leaver CS","2023","Analysis","Yorkshire and The Humber","30","[c]","36480","36020"
"Leaver CS","2023","Commercial","East Midlands (England)","15","[c]","50210","35610"
"Leaver CS","2023","Commercial","East of England","20","[c]","39240","39360"
"Leaver CS","2023","Commercial","London","230","[c]","59660","56000"
"Leaver CS","2023","Commercial","North East (England)","15","[c]","40240","37590"
"Leaver CS","2023","Commercial","North West (England)","45","[c]","47330","41220"
"Leaver CS","2023","Commercial","Overseas","[c]","[c]","[c]","[c]"
"Leaver CS","2023","Commercial","Scotland","35","[c]","40010","32870"
"Leaver CS","2023","Commercial","South East (England)","50","[c]","40940","35220"
"Leaver CS","2023","Commercial","South West (England)","140","[c]","44630","42460"
"Leaver CS","2023","Commercial","Unknown","10","[c]","[c]","[c]"
"Leaver CS","2023","Commercial","Wales","20","[c]","41190","36090"
"Leaver CS","2023","Commercial","West Midlands (England)","30","[c]","44350","39380"
"Leaver CS","2023","Commercial","Yorkshire and The Humber","35","[c]","54460","56810"
"Leaver CS","2023","Communications","East Midlands (England)","5","[c]","[c]","[c]"
"Leaver CS","2023","Communications","East of England","10","[c]","[c]","[c]"
"Leaver CS","2023","Communications","London","300","[c]","45480","41450"
"Leaver CS","2023","Communications","North East (England)","5","[c]","[c]","[c]"
"Leaver CS","2023","Communications","North West (England)","20","[c]","37000","30420"
"Leaver CS","2023","Communications","Northern Ireland","[c]","[c]","[c]","[c]"
"Leaver CS","2023","Communications","Scotland","10","[c]","33710","34130"
"Leaver CS","2023","Communications","South East (England)","25","[c]","38890","33300"
"Leaver CS","2023","Communications","South West (England)","20","[c]","36070","37760"
"Leaver CS","2023","Communications","Unknown","[c]","[c]","[c]","[c]"
"Leaver CS","2023","Communications","Wales","15","[c]","32740","31160"
"Leaver CS","2023","Communications","West Midlands (England)","15","[c]","41160","38820"
"Leaver CS","2023","Communications","Yorkshire and The Humber","10","[c]","[c]","[c]"
"Leaver CS","2023","Counter Fraud","East Midlands (England)","45","[c]","31480","28120"
"Leaver CS","2023","Counter Fraud","East of England","45","[c]","30520","31280"
"Leaver CS","2023","Counter Fraud","London","225","[c]","38240","33100"
"Leaver CS","2023","Counter Fraud","North East (England)","40","[c]","28280","28120"
"Leaver CS","2023","Counter Fraud","North West (England)","125","[c]","28420","28120"
"Leaver CS","2023","Counter Fraud","Northern Ireland","15","[c]","[c]","[c]"
"Leaver CS","2023","Counter Fraud","Scotland","120","[c]","25510","24330"
"Leaver CS","2023","Counter Fraud","South East (England)","80","[c]","27790","28120"
"Leaver CS","2023","Counter Fraud","South West (England)","45","[c]","28390","28120"
"Leaver CS","2023","Counter Fraud","Unknown","[c]","[c]","[c]","[c]"
"Leaver CS","2023","Counter Fraud","Wales","45","[c]","25010","23240"
"Leaver CS","2023","Counter Fraud","West Midlands (England)","60","[c]","27440","27570"
"Leaver CS","2023","Counter Fraud","Yorkshire and The Humber","55","[c]","27680","28120"
"Leaver CS","2023","Debt","East Midlands (England)","55","[c]","23030","21690"
"Leaver CS","2023","Debt","East of England","20","[c]","29020","25610"
"Leaver CS","2023","Debt","London","45","[c]","[c]","[c]"
"Leaver CS","2023","Debt","North East (England)","110","[c]","21940","21690"
"Leaver CS","2023","Debt","North West (England)","55","[c]","23500","21690"
"Leaver CS","2023","Debt","Northern Ireland","[c]","[c]","[c]","[c]"
"Leaver CS","2023","Debt","Scotland","155","[c]","21920","21690"
"Leaver CS","2023","Debt","South East (England)","5","[c]","[c]","[c]"
"Leaver CS","2023","Debt","South West (England)","20","[c]","22090","21690"
"Leaver CS","2023","Debt","Unknown","15","[c]","24310","25110"
"Leaver CS","2023","Debt","Wales","70","[c]","22800","21690"
"Leaver CS","2023","Debt","West Midlands (England)","200","[c]","21860","21690"
"Leaver CS","2023","Debt","Yorkshire and The Humber","100","[c]","22870","21690"
"Leaver CS","2023","Digital, Data & Technology","East Midlands (England)","50","[c]","38130","36820"
"Leaver CS","2023","Digital, Data & Technology","East of England","80","[c]","34970","33640"
"Leaver CS","2023","Digital, Data & Technology","London","655","[c]","49750","48170"
"Leaver CS","2023","Digital, Data & Technology","North East (England)","165","[c]","43420","40340"
"Leaver CS","2023","Digital, Data & Technology","North West (England)","275","[c]","44480","39370"
"Leaver CS","2023","Digital, Data & Technology","Northern Ireland","10","[c]","[c]","[c]"
"Leaver CS","2023","Digital, Data & Technology","Overseas","5","[c]","[c]","[c]"
"Leaver CS","2023","Digital, Data & Technology","Scotland","65","[c]","37710","35740"
"Leaver CS","2023","Digital, Data & Technology","South East (England)","135","[c]","37110","33630"
"Leaver CS","2023","Digital, Data & Technology","South West (England)","330","[c]","38540","37300"
"Leaver CS","2023","Digital, Data & Technology","Unknown","[c]","[c]","[c]","[c]"
"Leaver CS","2023","Digital, Data & Technology","Wales","165","[c]","40110","37690"
"Leaver CS","2023","Digital, Data & Technology","West Midlands (England)","125","[c]","42090","37590"
"Leaver CS","2023","Digital, Data & Technology","Yorkshire and The Humber","145","[c]","44770","39460"
"Leaver CS","2023","Finance","East Midlands (England)","20","[c]","34450","33460"
"Leaver CS","2023","Finance","East of England","30","[c]","36790","37240"
"Leaver CS","2023","Finance","London","235","[c]","47880","43650"
"Leaver CS","2023","Finance","North East (England)","45","[c]","42240","38340"
"Leaver CS","2023","Finance","North West (England)","80","[c]","39010","35310"
"Leaver CS","2023","Finance","Northern Ireland","[c]","[c]","[c]","[c]"
"Leaver CS","2023","Finance","Overseas","[c]","[c]","[c]","[c]"
"Leaver CS","2023","Finance","Scotland","70","[c]","39770","35650"
"Leaver CS","2023","Finance","South East (England)","100","[c]","41210","35990"
"Leaver CS","2023","Finance","South West (England)","120","[c]","39440","34370"
"Leaver CS","2023","Finance","Unknown","10","[c]","[c]","[c]"
"Leaver CS","2023","Finance","Wales","35","[c]","31710","27400"
"Leaver CS","2023","Finance","West Midlands (England)","35","[c]","36080","30880"
"Leaver CS","2023","Finance","Yorkshire and The Humber","80","[c]","38420","34170"
"Leaver CS","2023","Grants Management","East Midlands (England)","15","[c]","23610","22150"
"Leaver CS","2023","Grants Management","East of England","10","[c]","[c]","[c]"
"Leaver CS","2023","Grants Management","North East (England)","20","[c]","24110","22150"
"Leaver CS","2023","Grants Management","North West (England)","65","[c]","23560","22150"
"Leaver CS","2023","Grants Management","South East (England)","10","[c]","25470","25340"
"Leaver CS","2023","Grants Management","South West (England)","30","[c]","23480","22150"
"Leaver CS","2023","Grants Management","Wales","[c]","[c]","[c]","[c]"
"Leaver CS","2023","Grants Management","West Midlands (England)","15","[c]","22590","21720"
"Leaver CS","2023","Grants Management","Yorkshire and The Humber","30","[c]","23850","22150"
"Leaver CS","2023","Human Resources","East Midlands (England)","75","[c]","27900","27470"
"Leaver CS","2023","Human Resources","East of England","70","[c]","28150","25140"
"Leaver CS","2023","Human Resources","London","280","[c]","47890","43370"
"Leaver CS","2023","Human Resources","North East (England)","60","[c]","28780","23850"
"Leaver CS","2023","Human Resources","North West (England)","135","[c]","32060","28870"
"Leaver CS","2023","Human Resources","Northern Ireland","15","[c]","28050","22970"
"Leaver CS","2023","Human Resources","Overseas","55","[c]","50410","48580"
"Leaver CS","2023","Human Resources","Scotland","80","[c]","30840","26040"
"Leaver CS","2023","Human Resources","South East (England)","210","[c]","31640","27470"
"Leaver CS","2023","Human Resources","South West (England)","225","[c]","32620","27450"
"Leaver CS","2023","Human Resources","Unknown","5","[c]","[c]","[c]"
"Leaver CS","2023","Human Resources","Wales","80","[c]","36320","31060"
"Leaver CS","2023","Human Resources","West Midlands (England)","105","[c]","31770","29800"
"Leaver CS","2023","Human Resources","Yorkshire and The Humber","100","[c]","32200","27740"
"Leaver CS","2023","Internal Audit","East Midlands (England)","[c]","[c]","[c]","[c]"
"Leaver CS","2023","Internal Audit","East of England","[c]","[c]","[c]","[c]"
"Leaver CS","2023","Internal Audit","London","25","[c]","58400","51290"
"Leaver CS","2023","Internal Audit","North East (England)","5","[c]","[c]","[c]"
"Leaver CS","2023","Internal Audit","North West (England)","5","[c]","[c]","[c]"
"Leaver CS","2023","Internal Audit","Scotland","[c]","[c]","[c]","[c]"
"Leaver CS","2023","Internal Audit","South East (England)","10","[c]","34030","33990"
"Leaver CS","2023","Internal Audit","South West (England)","5","[c]","[c]","[c]"
"Leaver CS","2023","Internal Audit","Unknown","[c]","[c]","[c]","[c]"
"Leaver CS","2023","Internal Audit","Wales","[c]","[c]","[c]","[c]"
"Leaver CS","2023","Internal Audit","West Midlands (England)","5","[c]","[c]","[c]"
"Leaver CS","2023","Internal Audit","Yorkshire and The Humber","[c]","[c]","[c]","[c]"
"Leaver CS","2023","Legal","East Midlands (England)","55","[c]","39840","36880"
"Leaver CS","2023","Legal","East of England","35","[c]","39850","30560"
"Leaver CS","2023","Legal","London","440","[c]","50340","52020"
"Leaver CS","2023","Legal","North East (England)","30","[c]","41030","38850"
"Leaver CS","2023","Legal","North West (England)","65","[c]","41310","37400"
"Leaver CS","2023","Legal","Northern Ireland","[c]","[c]","[c]","[c]"
"Leaver CS","2023","Legal","Overseas","[c]","[c]","[c]","[c]"
"Leaver CS","2023","Legal","Scotland","25","[c]","61710","55990"
"Leaver CS","2023","Legal","South East (England)","60","[c]","38150","30560"
"Leaver CS","2023","Legal","South West (England)","45","[c]","40240","38280"
"Leaver CS","2023","Legal","Wales","35","[c]","41020","38850"
"Leaver CS","2023","Legal","West Midlands (England)","45","[c]","40970","37680"
"Leaver CS","2023","Legal","Yorkshire and The Humber","55","[c]","39080","28850"
"Leaver CS","2023","No function","East Midlands (England)","1860","[c]","28180","27140"
"Leaver CS","2023","No function","East of England","1935","[c]","30750","27580"
"Leaver CS","2023","No function","London","6280","[c]","40330","33570"
"Leaver CS","2023","No function","North East (England)","1805","[c]","27080","22400"
"Leaver CS","2023","No function","North West (England)","3955","[c]","27380","23390"
"Leaver CS","2023","No function","Northern Ireland","180","[c]","29430","23660"
"Leaver CS","2023","No function","Overseas","35","[c]","52900","49800"
"Leaver CS","2023","No function","Scotland","1980","[c]","28240","25830"
"Leaver CS","2023","No function","South East (England)","3505","[c]","29770","27010"
"Leaver CS","2023","No function","South West (England)","2530","[c]","31240","27570"
"Leaver CS","2023","No function","Unknown","100","[c]","28530","27570"
"Leaver CS","2023","No function","Wales","1910","[c]","25870","22500"
"Leaver CS","2023","No function","West Midlands (England)","2340","[c]","28640","26130"
"Leaver CS","2023","No function","Yorkshire and The Humber","2325","[c]","31100","27570"
"Leaver CS","2023","Project Delivery","East Midlands (England)","30","[c]","38800","39520"
"Leaver CS","2023","Project Delivery","East of England","55","[c]","42880","41200"
"Leaver CS","2023","Project Delivery","London","320","[c]","48580","42290"
"Leaver CS","2023","Project Delivery","North East (England)","50","[c]","36290","36320"
"Leaver CS","2023","Project Delivery","North West (England)","115","[c]","40450","36330"
"Leaver CS","2023","Project Delivery","Northern Ireland","[c]","[c]","[c]","[c]"
"Leaver CS","2023","Project Delivery","Overseas","[c]","[c]","[c]","[c]"
"Leaver CS","2023","Project Delivery","Scotland","35","[c]","42080","40180"
"Leaver CS","2023","Project Delivery","South East (England)","100","[c]","42190","40000"
"Leaver CS","2023","Project Delivery","South West (England)","490","[c]","41900","40000"
"Leaver CS","2023","Project Delivery","Unknown","[c]","[c]","[c]","[c]"
"Leaver CS","2023","Project Delivery","Wales","65","[c]","43730","39040"
"Leaver CS","2023","Project Delivery","West Midlands (England)","55","[c]","42590","37590"
"Leaver CS","2023","Project Delivery","Yorkshire and The Humber","50","[c]","42080","38470"
"Leaver CS","2023","Property","East Midlands (England)","50","[c]","30350","27000"
"Leaver CS","2023","Property","East of England","40","[c]","35890","35250"
"Leaver CS","2023","Property","London","120","[c]","43890","42910"
"Leaver CS","2023","Property","North East (England)","65","[c]","26910","22520"
"Leaver CS","2023","Property","North West (England)","45","[c]","36930","32000"
"Leaver CS","2023","Property","Northern Ireland","5","[c]","[c]","[c]"
"Leaver CS","2023","Property","Overseas","[c]","[c]","[c]","[c]"
"Leaver CS","2023","Property","Scotland","70","[c]","33350","28490"
"Leaver CS","2023","Property","South East (England)","55","[c]","36280","33990"
"Leaver CS","2023","Property","South West (England)","105","[c]","30440","27730"
"Leaver CS","2023","Property","Unknown","5","[c]","[c]","[c]"
"Leaver CS","2023","Property","Wales","45","[c]","34390","27170"
"Leaver CS","2023","Property","West Midlands (England)","30","[c]","37670","34370"
"Leaver CS","2023","Property","Yorkshire and The Humber","50","[c]","39640","39570"
"Leaver CS","2023","Security","East Midlands (England)","25","[c]","28600","25350"
"Leaver CS","2023","Security","East of England","70","[c]","35630","27630"
"Leaver CS","2023","Security","London","105","[c]","38160","35650"
"Leaver CS","2023","Security","North East (England)","5","[c]","[c]","[c]"
"Leaver CS","2023","Security","North West (England)","45","[c]","30100","27480"
"Leaver CS","2023","Security","Northern Ireland","30","[c]","25040","22130"
"Leaver CS","2023","Security","Overseas","[c]","[c]","[c]","[c]"
"Leaver CS","2023","Security","Scotland","130","[c]","33250","27500"
"Leaver CS","2023","Security","South East (England)","205","[c]","32130","29120"
"Leaver CS","2023","Security","South West (England)","165","[c]","31540","27500"
"Leaver CS","2023","Security","Unknown","[c]","[c]","[c]","[c]"
"Leaver CS","2023","Security","Wales","20","[c]","31420","25650"
"Leaver CS","2023","Security","West Midlands (England)","35","[c]","29690","25680"
"Leaver CS","2023","Security","Yorkshire and The Humber","90","[c]","30570","27430"
"Leaver CS","2023","Unknown","East Midlands (England)","5","[c]","[c]","[c]"
"Leaver CS","2023","Unknown","East of England","45","[c]","43460","40860"
"Leaver CS","2023","Unknown","London","910","[c]","45070","38790"
"Leaver CS","2023","Unknown","North East (England)","15","[c]","[c]","[c]"
"Leaver CS","2023","Unknown","North West (England)","25","[c]","28460","27570"
"Leaver CS","2023","Unknown","Northern Ireland","[c]","[c]","[c]","[c]"
"Leaver CS","2023","Unknown","Overseas","45","[c]","[c]","[c]"
"Leaver CS","2023","Unknown","Scotland","1110","[c]","38620","33520"
"Leaver CS","2023","Unknown","South East (England)","70","[c]","39250","39890"
"Leaver CS","2023","Unknown","South West (England)","75","[c]","37600","30650"
"Leaver CS","2023","Unknown","Unknown","255","[c]","36600","33690"
"Leaver CS","2023","Unknown","Wales","210","[c]","41720","38160"
"Leaver CS","2023","Unknown","West Midlands (England)","15","[c]","[c]","[c]"
"Leaver CS","2023","Unknown","Yorkshire and The Humber","120","[c]","33130","28120"
"Leaver Dept.","2023","Analysis","East Midlands (England)","[c]","[c]","[c]","[c]"
"Leaver Dept.","2023","Analysis","East of England","5","[c]","[c]","[c]"
"Leaver Dept.","2023","Analysis","London","345","[c]","42780","37250"
"Leaver Dept.","2023","Analysis","North East (England)","15","[c]","35770","32260"
"Leaver Dept.","2023","Analysis","North West (England)","30","[c]","40430","42090"
"Leaver Dept.","2023","Analysis","Scotland","5","[c]","[c]","[c]"
"Leaver Dept.","2023","Analysis","South East (England)","40","[c]","37120","37820"
"Leaver Dept.","2023","Analysis","South West (England)","35","[c]","42790","39680"
"Leaver Dept.","2023","Analysis","Unknown","[c]","[c]","[c]","[c]"
"Leaver Dept.","2023","Analysis","Wales","45","[c]","35230","32000"
"Leaver Dept.","2023","Analysis","West Midlands (England)","10","[c]","[c]","[c]"
"Leaver Dept.","2023","Analysis","Yorkshire and The Humber","20","[c]","37560","33770"
"Leaver Dept.","2023","Commercial","East Midlands (England)","[c]","[c]","[c]","[c]"
"Leaver Dept.","2023","Commercial","East of England","10","[c]","40830","41590"
"Leaver Dept.","2023","Commercial","London","85","[c]","42140","40380"
"Leaver Dept.","2023","Commercial","North East (England)","15","[c]","38170","41590"
"Leaver Dept.","2023","Commercial","North West (England)","50","[c]","39140","39040"
"Leaver Dept.","2023","Commercial","Overseas","[c]","[c]","[c]","[c]"
"Leaver Dept.","2023","Commercial","Scotland","15","[c]","37270","35850"
"Leaver Dept.","2023","Commercial","South East (England)","10","[c]","35660","35640"
"Leaver Dept.","2023","Commercial","South West (England)","35","[c]","41120","41200"
"Leaver Dept.","2023","Commercial","Unknown","[c]","[c]","[c]","[c]"
"Leaver Dept.","2023","Commercial","Wales","20","[c]","34550","31830"
"Leaver Dept.","2023","Commercial","West Midlands (England)","10","[c]","[c]","[c]"
"Leaver Dept.","2023","Commercial","Yorkshire and The Humber","35","[c]","37310","37800"
"Leaver Dept.","2023","Communications","East Midlands (England)","[c]","[c]","[c]","[c]"
"Leaver Dept.","2023","Communications","East of England","[c]","[c]","[c]","[c]"
"Leaver Dept.","2023","Communications","London","225","[c]","42150","38610"
"Leaver Dept.","2023","Communications","North East (England)","[c]","[c]","[c]","[c]"
"Leaver Dept.","2023","Communications","North West (England)","15","[c]","39740","35130"
"Leaver Dept.","2023","Communications","Northern Ireland","[c]","[c]","[c]","[c]"
"Leaver Dept.","2023","Communications","Scotland","5","[c]","[c]","[c]"
"Leaver Dept.","2023","Communications","South East (England)","[c]","[c]","[c]","[c]"
"Leaver Dept.","2023","Communications","South West (England)","15","[c]","[c]","[c]"
"Leaver Dept.","2023","Communications","Unknown","[c]","[c]","[c]","[c]"
"Leaver Dept.","2023","Communications","Wales","15","[c]","30160","30660"
"Leaver Dept.","2023","Communications","West Midlands (England)","10","[c]","[c]","[c]"
"Leaver Dept.","2023","Communications","Yorkshire and The Humber","5","[c]","[c]","[c]"
"Leaver Dept.","2023","Counter Fraud","East Midlands (England)","15","[c]","27900","28120"
"Leaver Dept.","2023","Counter Fraud","East of England","10","[c]","[c]","[c]"
"Leaver Dept.","2023","Counter Fraud","London","100","[c]","35600","32520"
"Leaver Dept.","2023","Counter Fraud","North East (England)","25","[c]","29070","28120"
"Leaver Dept.","2023","Counter Fraud","North West (England)","35","[c]","28040","28120"
"Leaver Dept.","2023","Counter Fraud","Northern Ireland","5","[c]","[c]","[c]"
"Leaver Dept.","2023","Counter Fraud","Scotland","35","[c]","27080","27570"
"Leaver Dept.","2023","Counter Fraud","South East (England)","25","[c]","29230","31280"
"Leaver Dept.","2023","Counter Fraud","South West (England)","15","[c]","[c]","[c]"
"Leaver Dept.","2023","Counter Fraud","Unknown","[c]","[c]","[c]","[c]"
"Leaver Dept.","2023","Counter Fraud","Wales","15","[c]","27640","27840"
"Leaver Dept.","2023","Counter Fraud","West Midlands (England)","20","[c]","30490","29230"
"Leaver Dept.","2023","Counter Fraud","Yorkshire and The Humber","30","[c]","33260","34170"
"Leaver Dept.","2023","Debt","East Midlands (England)","10","[c]","[c]","[c]"
"Leaver Dept.","2023","Debt","East of England","[c]","[c]","[c]","[c]"
"Leaver Dept.","2023","Debt","London","15","[c]","[c]","[c]"
"Leaver Dept.","2023","Debt","North East (England)","30","[c]","24540","21690"
"Leaver Dept.","2023","Debt","North West (England)","30","[c]","23230","21690"
"Leaver Dept.","2023","Debt","Scotland","40","[c]","[c]","[c]"
"Leaver Dept.","2023","Debt","South West (England)","[c]","[c]","[c]","[c]"
"Leaver Dept.","2023","Debt","Wales","10","[c]","[c]","[c]"
"Leaver Dept.","2023","Debt","West Midlands (England)","35","[c]","23630","21690"
"Leaver Dept.","2023","Debt","Yorkshire and The Humber","25","[c]","23250","21690"
"Leaver Dept.","2023","Digital, Data & Technology","East Midlands (England)","20","[c]","36790","31380"
"Leaver Dept.","2023","Digital, Data & Technology","East of England","15","[c]","31310","32020"
"Leaver Dept.","2023","Digital, Data & Technology","London","240","[c]","47370","43650"
"Leaver Dept.","2023","Digital, Data & Technology","North East (England)","75","[c]","37680","34170"
"Leaver Dept.","2023","Digital, Data & Technology","North West (England)","100","[c]","37550","36750"
"Leaver Dept.","2023","Digital, Data & Technology","Northern Ireland","[c]","[c]","[c]","[c]"
"Leaver Dept.","2023","Digital, Data & Technology","Scotland","25","[c]","35870","31970"
"Leaver Dept.","2023","Digital, Data & Technology","South East (England)","25","[c]","35010","35650"
"Leaver Dept.","2023","Digital, Data & Technology","South West (England)","70","[c]","42990","42030"
"Leaver Dept.","2023","Digital, Data & Technology","Unknown","10","[c]","[c]","[c]"
"Leaver Dept.","2023","Digital, Data & Technology","Wales","60","[c]","39760","37690"
"Leaver Dept.","2023","Digital, Data & Technology","West Midlands (England)","45","[c]","39550","37730"
"Leaver Dept.","2023","Digital, Data & Technology","Yorkshire and The Humber","60","[c]","42110","37590"
"Leaver Dept.","2023","Finance","East Midlands (England)","10","[c]","[c]","[c]"
"Leaver Dept.","2023","Finance","East of England","[c]","[c]","[c]","[c]"
"Leaver Dept.","2023","Finance","London","195","[c]","48540","40140"
"Leaver Dept.","2023","Finance","North East (England)","40","[c]","38040","34170"
"Leaver Dept.","2023","Finance","North West (England)","65","[c]","41740","37710"
"Leaver Dept.","2023","Finance","Northern Ireland","[c]","[c]","[c]","[c]"
"Leaver Dept.","2023","Finance","Overseas","[c]","[c]","[c]","[c]"
"Leaver Dept.","2023","Finance","Scotland","20","[c]","[c]","[c]"
"Leaver Dept.","2023","Finance","South East (England)","15","[c]","37070","34570"
"Leaver Dept.","2023","Finance","South West (England)","25","[c]","49600","45100"
"Leaver Dept.","2023","Finance","Unknown","10","[c]","33260","32630"
"Leaver Dept.","2023","Finance","Wales","15","[c]","37020","31660"
"Leaver Dept.","2023","Finance","West Midlands (England)","20","[c]","36390","34170"
"Leaver Dept.","2023","Finance","Yorkshire and The Humber","40","[c]","42770","34170"
"Leaver Dept.","2023","Grants Management","East Midlands (England)","[c]","[c]","[c]","[c]"
"Leaver Dept.","2023","Grants Management","East of England","[c]","[c]","[c]","[c]"
"Leaver Dept.","2023","Grants Management","London","[c]","[c]","[c]","[c]"
"Leaver Dept.","2023","Grants Management","North East (England)","25","[c]","23640","22150"
"Leaver Dept.","2023","Grants Management","North West (England)","10","[c]","[c]","[c]"
"Leaver Dept.","2023","Grants Management","South East (England)","[c]","[c]","[c]","[c]"
"Leaver Dept.","2023","Grants Management","South West (England)","5","[c]","[c]","[c]"
"Leaver Dept.","2023","Grants Management","West Midlands (England)","[c]","[c]","[c]","[c]"
"Leaver Dept.","2023","Grants Management","Yorkshire and The Humber","10","[c]","24240","21720"
"Leaver Dept.","2023","Human Resources","East Midlands (England)","15","[c]","27890","27530"
"Leaver Dept.","2023","Human Resources","East of England","15","[c]","34480","27640"
"Leaver Dept.","2023","Human Resources","London","250","[c]","43350","37820"
"Leaver Dept.","2023","Human Resources","North East (England)","70","[c]","30760","28120"
"Leaver Dept.","2023","Human Resources","North West (England)","95","[c]","36100","32640"
"Leaver Dept.","2023","Human Resources","Northern Ireland","[c]","[c]","[c]","[c]"
"Leaver Dept.","2023","Human Resources","Scotland","40","[c]","33560","28120"
"Leaver Dept.","2023","Human Resources","South East (England)","30","[c]","32690","32420"
"Leaver Dept.","2023","Human Resources","South West (England)","60","[c]","33310","31660"
"Leaver Dept.","2023","Human Resources","Unknown","5","[c]","[c]","[c]"
"Leaver Dept.","2023","Human Resources","Wales","85","[c]","33300","31660"
"Leaver Dept.","2023","Human Resources","West Midlands (England)","35","[c]","38160","35530"
"Leaver Dept.","2023","Human Resources","Yorkshire and The Humber","60","[c]","38480","35110"
"Leaver Dept.","2023","Internal Audit","London","10","[c]","[c]","[c]"
"Leaver Dept.","2023","Internal Audit","North West (England)","[c]","[c]","[c]","[c]"
"Leaver Dept.","2023","Internal Audit","Scotland","[c]","[c]","[c]","[c]"
"Leaver Dept.","2023","Internal Audit","South West (England)","[c]","[c]","[c]","[c]"
"Leaver Dept.","2023","Internal Audit","West Midlands (England)","[c]","[c]","[c]","[c]"
"Leaver Dept.","2023","Internal Audit","Yorkshire and The Humber","[c]","[c]","[c]","[c]"
"Leaver Dept.","2023","Legal","East Midlands (England)","[c]","[c]","[c]","[c]"
"Leaver Dept.","2023","Legal","East of England","5","[c]","[c]","[c]"
"Leaver Dept.","2023","Legal","London","175","[c]","48610","51250"
"Leaver Dept.","2023","Legal","North East (England)","5","[c]","[c]","[c]"
"Leaver Dept.","2023","Legal","North West (England)","25","[c]","33430","27840"
"Leaver Dept.","2023","Legal","Northern Ireland","[c]","[c]","[c]","[c]"
"Leaver Dept.","2023","Legal","Scotland","5","[c]","[c]","[c]"
"Leaver Dept.","2023","Legal","South East (England)","15","[c]","31430","28200"
"Leaver Dept.","2023","Legal","South West (England)","10","[c]","[c]","[c]"
"Leaver Dept.","2023","Legal","Wales","10","[c]","47460","43250"
"Leaver Dept.","2023","Legal","West Midlands (England)","10","[c]","[c]","[c]"
"Leaver Dept.","2023","Legal","Yorkshire and The Humber","20","[c]","37820","28590"
"Leaver Dept.","2023","No function","East Midlands (England)","240","[c]","28410","27570"
"Leaver Dept.","2023","No function","East of England","195","[c]","30020","28120"
"Leaver Dept.","2023","No function","London","3750","[c]","44520","40050"
"Leaver Dept.","2023","No function","North East (England)","480","[c]","29610","27570"
"Leaver Dept.","2023","No function","North West (England)","1050","[c]","29180","27570"
"Leaver Dept.","2023","No function","Northern Ireland","45","[c]","28610","26750"
"Leaver Dept.","2023","No function","Overseas","20","[c]","[c]","[c]"
"Leaver Dept.","2023","No function","Scotland","715","[c]","26820","27570"
"Leaver Dept.","2023","No function","South East (England)","440","[c]","30120","28120"
"Leaver Dept.","2023","No function","South West (England)","370","[c]","32350","28120"
"Leaver Dept.","2023","No function","Unknown","45","[c]","34260","31670"
"Leaver Dept.","2023","No function","Wales","470","[c]","29610","27570"
"Leaver Dept.","2023","No function","West Midlands (England)","630","[c]","29780","27570"
"Leaver Dept.","2023","No function","Yorkshire and The Humber","575","[c]","31640","28120"
"Leaver Dept.","2023","Project Delivery","East Midlands (England)","15","[c]","[c]","[c]"
"Leaver Dept.","2023","Project Delivery","East of England","10","[c]","36280","37640"
"Leaver Dept.","2023","Project Delivery","London","225","[c]","41260","35620"
"Leaver Dept.","2023","Project Delivery","North East (England)","30","[c]","39400","35310"
"Leaver Dept.","2023","Project Delivery","North West (England)","45","[c]","37380","34300"
"Leaver Dept.","2023","Project Delivery","Overseas","[c]","[c]","[c]","[c]"
"Leaver Dept.","2023","Project Delivery","Scotland","20","[c]","41680","35920"
"Leaver Dept.","2023","Project Delivery","South East (England)","35","[c]","42080","40580"
"Leaver Dept.","2023","Project Delivery","South West (England)","55","[c]","40980","40000"
"Leaver Dept.","2023","Project Delivery","Unknown","10","[c]","[c]","[c]"
"Leaver Dept.","2023","Project Delivery","Wales","35","[c]","37020","35540"
"Leaver Dept.","2023","Project Delivery","West Midlands (England)","35","[c]","41490","38060"
"Leaver Dept.","2023","Project Delivery","Yorkshire and The Humber","30","[c]","38620","34740"
"Leaver Dept.","2023","Property","East Midlands (England)","10","[c]","34440","26020"
"Leaver Dept.","2023","Property","East of England","10","[c]","[c]","[c]"
"Leaver Dept.","2023","Property","London","35","[c]","49330","41780"
"Leaver Dept.","2023","Property","North East (England)","35","[c]","26350","22520"
"Leaver Dept.","2023","Property","North West (England)","15","[c]","34980","29140"
"Leaver Dept.","2023","Property","Northern Ireland","[c]","[c]","[c]","[c]"
"Leaver Dept.","2023","Property","Scotland","5","[c]","[c]","[c]"
"Leaver Dept.","2023","Property","South East (England)","5","[c]","[c]","[c]"
"Leaver Dept.","2023","Property","South West (England)","30","[c]","34480","27740"
"Leaver Dept.","2023","Property","Unknown","[c]","[c]","[c]","[c]"
"Leaver Dept.","2023","Property","Wales","20","[c]","35890","34170"
"Leaver Dept.","2023","Property","West Midlands (England)","15","[c]","39110","36050"
"Leaver Dept.","2023","Property","Yorkshire and The Humber","25","[c]","37300","36670"
"Leaver Dept.","2023","Security","East Midlands (England)","5","[c]","[c]","[c]"
"Leaver Dept.","2023","Security","East of England","10","[c]","29470","27500"
"Leaver Dept.","2023","Security","London","85","[c]","39160","35620"
"Leaver Dept.","2023","Security","North East (England)","[c]","[c]","[c]","[c]"
"Leaver Dept.","2023","Security","North West (England)","10","[c]","[c]","[c]"
"Leaver Dept.","2023","Security","Northern Ireland","5","[c]","[c]","[c]"
"Leaver Dept.","2023","Security","Overseas","[c]","[c]","[c]","[c]"
"Leaver Dept.","2023","Security","Scotland","15","[c]","32450","33020"
"Leaver Dept.","2023","Security","South East (England)","25","[c]","29890","27500"
"Leaver Dept.","2023","Security","South West (England)","10","[c]","[c]","[c]"
"Leaver Dept.","2023","Security","Unknown","[c]","[c]","[c]","[c]"
"Leaver Dept.","2023","Security","Wales","10","[c]","33910","31840"
"Leaver Dept.","2023","Security","West Midlands (England)","5","[c]","[c]","[c]"
"Leaver Dept.","2023","Security","Yorkshire and The Humber","35","[c]","31780","32640"
"Leaver Dept.","2023","Unknown","East Midlands (England)","5","[c]","[c]","[c]"
"Leaver Dept.","2023","Unknown","East of England","5","[c]","[c]","[c]"
"Leaver Dept.","2023","Unknown","London","795","[c]","37280","32000"
"Leaver Dept.","2023","Unknown","North East (England)","15","[c]","35760","32000"
"Leaver Dept.","2023","Unknown","North West (England)","30","[c]","31270","31990"
"Leaver Dept.","2023","Unknown","Northern Ireland","5","[c]","[c]","[c]"
"Leaver Dept.","2023","Unknown","Overseas","25","[c]","[c]","[c]"
"Leaver Dept.","2023","Unknown","Scotland","175","[c]","39670","34730"
"Leaver Dept.","2023","Unknown","South East (England)","15","[c]","[c]","[c]"
"Leaver Dept.","2023","Unknown","South West (England)","25","[c]","39850","32000"
"Leaver Dept.","2023","Unknown","Unknown","55","[c]","35830","33040"
"Leaver Dept.","2023","Unknown","Wales","70","[c]","42500","38160"
"Leaver Dept.","2023","Unknown","West Midlands (England)","15","[c]","[c]","[c]"
"Leaver Dept.","2023","Unknown","Yorkshire and The Humber","95","[c]","37370","35110"
"New entrant CS","2023","Analysis","East Midlands (England)","15","[c]","35150","34000"
"New entrant CS","2023","Analysis","East of England","35","[c]","29090","30350"
"New entrant CS","2023","Analysis","London","625","[c]","35470","34480"
"New entrant CS","2023","Analysis","North East (England)","110","[c]","31380","31270"
"New entrant CS","2023","Analysis","North West (England)","100","[c]","32430","33130"
"New entrant CS","2023","Analysis","Northern Ireland","[c]","[c]","[c]","[c]"
"New entrant CS","2023","Analysis","Scotland","40","[c]","36540","34110"
"New entrant CS","2023","Analysis","South East (England)","165","[c]","31940","31060"
"New entrant CS","2023","Analysis","South West (England)","155","[c]","30720","27330"
"New entrant CS","2023","Analysis","Unknown","5","[c]","[c]","[c]"
"New entrant CS","2023","Analysis","Wales","130","[c]","31410","31560"
"New entrant CS","2023","Analysis","West Midlands (England)","45","[c]","36230","32800"
"New entrant CS","2023","Analysis","Yorkshire and The Humber","55","[c]","33840","31620"
"New entrant CS","2023","Commercial","East Midlands (England)","10","[c]","32240","30330"
"New entrant CS","2023","Commercial","East of England","15","[c]","34250","31230"
"New entrant CS","2023","Commercial","London","160","[c]","42600","35010"
"New entrant CS","2023","Commercial","North East (England)","15","[c]","43170","39090"
"New entrant CS","2023","Commercial","North West (England)","70","[c]","40970","33950"
"New entrant CS","2023","Commercial","Northern Ireland","5","[c]","[c]","[c]"
"New entrant CS","2023","Commercial","Scotland","50","[c]","41270","33990"
"New entrant CS","2023","Commercial","South East (England)","50","[c]","33480","27680"
"New entrant CS","2023","Commercial","South West (England)","235","[c]","33850","31690"
"New entrant CS","2023","Commercial","Unknown","[c]","[c]","[c]","[c]"
"New entrant CS","2023","Commercial","Wales","20","[c]","33630","31640"
"New entrant CS","2023","Commercial","West Midlands (England)","60","[c]","48820","38640"
"New entrant CS","2023","Commercial","Yorkshire and The Humber","50","[c]","47390","37680"
"New entrant CS","2023","Communications","East Midlands (England)","10","[c]","36010","34470"
"New entrant CS","2023","Communications","East of England","[c]","[c]","[c]","[c]"
"New entrant CS","2023","Communications","London","300","[c]","40370","37620"
"New entrant CS","2023","Communications","North East (England)","20","[c]","32440","30510"
"New entrant CS","2023","Communications","North West (England)","45","[c]","36020","32800"
"New entrant CS","2023","Communications","Northern Ireland","5","[c]","[c]","[c]"
"New entrant CS","2023","Communications","Scotland","25","[c]","35890","34000"
"New entrant CS","2023","Communications","South East (England)","25","[c]","34470","31350"
"New entrant CS","2023","Communications","South West (England)","40","[c]","37280","37300"
"New entrant CS","2023","Communications","Unknown","[c]","[c]","[c]","[c]"
"New entrant CS","2023","Communications","Wales","45","[c]","34310","31640"
"New entrant CS","2023","Communications","West Midlands (England)","25","[c]","33800","31310"
"New entrant CS","2023","Communications","Yorkshire and The Humber","20","[c]","39270","36040"
"New entrant CS","2023","Counter Fraud","East Midlands (England)","30","[c]","30730","27890"
"New entrant CS","2023","Counter Fraud","East of England","25","[c]","26760","27080"
"New entrant CS","2023","Counter Fraud","London","125","[c]","32860","32260"
"New entrant CS","2023","Counter Fraud","North East (England)","35","[c]","31990","28120"
"New entrant CS","2023","Counter Fraud","North West (England)","55","[c]","28360","27770"
"New entrant CS","2023","Counter Fraud","Northern Ireland","15","[c]","31990","27890"
"New entrant CS","2023","Counter Fraud","Scotland","80","[c]","25280","21690"
"New entrant CS","2023","Counter Fraud","South East (England)","110","[c]","26880","25610"
"New entrant CS","2023","Counter Fraud","South West (England)","25","[c]","31740","28120"
"New entrant CS","2023","Counter Fraud","Unknown","5","[c]","[c]","[c]"
"New entrant CS","2023","Counter Fraud","Wales","70","[c]","25730","25610"
"New entrant CS","2023","Counter Fraud","West Midlands (England)","25","[c]","31500","34170"
"New entrant CS","2023","Counter Fraud","Yorkshire and The Humber","60","[c]","26720","27650"
"New entrant CS","2023","Debt","East Midlands (England)","215","[c]","22590","22520"
"New entrant CS","2023","Debt","London","145","[c]","26890","26920"
"New entrant CS","2023","Debt","North East (England)","215","[c]","22540","22520"
"New entrant CS","2023","Debt","North West (England)","95","[c]","22460","22520"
"New entrant CS","2023","Debt","Scotland","310","[c]","22470","22520"
"New entrant CS","2023","Debt","South West (England)","20","[c]","21690","21690"
"New entrant CS","2023","Debt","Unknown","[c]","[c]","[c]","[c]"
"New entrant CS","2023","Debt","Wales","110","[c]","22490","22520"
"New entrant CS","2023","Debt","West Midlands (England)","380","[c]","21940","21690"
"New entrant CS","2023","Debt","Yorkshire and The Humber","185","[c]","22490","22520"
"New entrant CS","2023","Digital, Data & Technology","East Midlands (England)","45","[c]","33770","30710"
"New entrant CS","2023","Digital, Data & Technology","East of England","35","[c]","33100","31270"
"New entrant CS","2023","Digital, Data & Technology","London","705","[c]","44610","40000"
"New entrant CS","2023","Digital, Data & Technology","North East (England)","315","[c]","40170","37760"
"New entrant CS","2023","Digital, Data & Technology","North West (England)","445","[c]","37800","34400"
"New entrant CS","2023","Digital, Data & Technology","Northern Ireland","15","[c]","39470","34700"
"New entrant CS","2023","Digital, Data & Technology","Overseas","5","[c]","[c]","[c]"
"New entrant CS","2023","Digital, Data & Technology","Scotland","105","[c]","38860","37350"
"New entrant CS","2023","Digital, Data & Technology","South East (England)","200","[c]","37910","36660"
"New entrant CS","2023","Digital, Data & Technology","South West (England)","440","[c]","33730","30930"
"New entrant CS","2023","Digital, Data & Technology","Unknown","5","[c]","[c]","[c]"
"New entrant CS","2023","Digital, Data & Technology","Wales","280","[c]","37180","34850"
"New entrant CS","2023","Digital, Data & Technology","West Midlands (England)","330","[c]","39530","36990"
"New entrant CS","2023","Digital, Data & Technology","Yorkshire and The Humber","275","[c]","42370","39190"
"New entrant CS","2023","Finance","East Midlands (England)","15","[c]","31390","34400"
"New entrant CS","2023","Finance","East of England","20","[c]","32340","30950"
"New entrant CS","2023","Finance","London","195","[c]","39930","36630"
"New entrant CS","2023","Finance","North East (England)","45","[c]","39240","37300"
"New entrant CS","2023","Finance","North West (England)","90","[c]","32760","28840"
"New entrant CS","2023","Finance","Northern Ireland","10","[c]","39890","37890"
"New entrant CS","2023","Finance","Overseas","[c]","[c]","[c]","[c]"
"New entrant CS","2023","Finance","Scotland","100","[c]","27300","22520"
"New entrant CS","2023","Finance","South East (England)","65","[c]","30450","27650"
"New entrant CS","2023","Finance","South West (England)","130","[c]","30580","26980"
"New entrant CS","2023","Finance","Unknown","[c]","[c]","[c]","[c]"
"New entrant CS","2023","Finance","Wales","50","[c]","34800","26960"
"New entrant CS","2023","Finance","West Midlands (England)","30","[c]","34000","31110"
"New entrant CS","2023","Finance","Yorkshire and The Humber","95","[c]","29520","25830"
"New entrant CS","2023","Grants Management","East Midlands (England)","5","[c]","[c]","[c]"
"New entrant CS","2023","Grants Management","East of England","5","[c]","[c]","[c]"
"New entrant CS","2023","Grants Management","London","5","[c]","[c]","[c]"
"New entrant CS","2023","Grants Management","North East (England)","75","[c]","23430","22150"
"New entrant CS","2023","Grants Management","North West (England)","150","[c]","22200","22150"
"New entrant CS","2023","Grants Management","South East (England)","25","[c]","24060","22150"
"New entrant CS","2023","Grants Management","South West (England)","35","[c]","22290","22150"
"New entrant CS","2023","Grants Management","Wales","[c]","[c]","[c]","[c]"
"New entrant CS","2023","Grants Management","West Midlands (England)","35","[c]","22510","22150"
"New entrant CS","2023","Grants Management","Yorkshire and The Humber","70","[c]","23210","22150"
"New entrant CS","2023","Human Resources","East Midlands (England)","35","[c]","32620","28000"
"New entrant CS","2023","Human Resources","East of England","35","[c]","27030","26560"
"New entrant CS","2023","Human Resources","London","195","[c]","36580","31290"
"New entrant CS","2023","Human Resources","North East (England)","70","[c]","35700","31440"
"New entrant CS","2023","Human Resources","North West (England)","180","[c]","31880","27650"
"New entrant CS","2023","Human Resources","Northern Ireland","5","[c]","[c]","[c]"
"New entrant CS","2023","Human Resources","Overseas","20","[c]","45280","45690"
"New entrant CS","2023","Human Resources","Scotland","90","[c]","32390","27650"
"New entrant CS","2023","Human Resources","South East (England)","105","[c]","32590","31160"
"New entrant CS","2023","Human Resources","South West (England)","195","[c]","30650","27080"
"New entrant CS","2023","Human Resources","Unknown","5","[c]","[c]","[c]"
"New entrant CS","2023","Human Resources","Wales","75","[c]","32640","31060"
"New entrant CS","2023","Human Resources","West Midlands (England)","85","[c]","31270","30080"
"New entrant CS","2023","Human Resources","Yorkshire and The Humber","75","[c]","34860","30320"
"New entrant CS","2023","Internal Audit","East Midlands (England)","[c]","[c]","[c]","[c]"
"New entrant CS","2023","Internal Audit","London","20","[c]","45050","43160"
"New entrant CS","2023","Internal Audit","North East (England)","[c]","[c]","[c]","[c]"
"New entrant CS","2023","Internal Audit","North West (England)","[c]","[c]","[c]","[c]"
"New entrant CS","2023","Internal Audit","Overseas","[c]","[c]","[c]","[c]"
"New entrant CS","2023","Internal Audit","Scotland","[c]","[c]","[c]","[c]"
"New entrant CS","2023","Internal Audit","South East (England)","5","[c]","[c]","[c]"
"New entrant CS","2023","Internal Audit","South West (England)","5","[c]","[c]","[c]"
"New entrant CS","2023","Internal Audit","Unknown","[c]","[c]","[c]","[c]"
"New entrant CS","2023","Internal Audit","Wales","[c]","[c]","[c]","[c]"
"New entrant CS","2023","Internal Audit","West Midlands (England)","[c]","[c]","[c]","[c]"
"New entrant CS","2023","Internal Audit","Yorkshire and The Humber","[c]","[c]","[c]","[c]"
"New entrant CS","2023","Legal","East Midlands (England)","90","[c]","27680","22870"
"New entrant CS","2023","Legal","East of England","70","[c]","30880","25600"
"New entrant CS","2023","Legal","London","595","[c]","39120","32300"
"New entrant CS","2023","Legal","North East (England)","65","[c]","27450","22870"
"New entrant CS","2023","Legal","North West (England)","160","[c]","34650","31030"
"New entrant CS","2023","Legal","Northern Ireland","5","[c]","[c]","[c]"
"New entrant CS","2023","Legal","Overseas","[c]","[c]","[c]","[c]"
"New entrant CS","2023","Legal","Scotland","45","[c]","49700","52360"
"New entrant CS","2023","Legal","South East (England)","120","[c]","29600","25600"
"New entrant CS","2023","Legal","South West (England)","90","[c]","33030","26900"
"New entrant CS","2023","Legal","Unknown","[c]","[c]","[c]","[c]"
"New entrant CS","2023","Legal","Wales","60","[c]","34400","37680"
"New entrant CS","2023","Legal","West Midlands (England)","95","[c]","30350","25830"
"New entrant CS","2023","Legal","Yorkshire and The Humber","150","[c]","34010","27650"
"New entrant CS","2023","No function","East Midlands (England)","2200","[c]","26880","23640"
"New entrant CS","2023","No function","East of England","2125","[c]","27160","24070"
"New entrant CS","2023","No function","London","5695","[c]","34170","29750"
"New entrant CS","2023","No function","North East (England)","2170","[c]","26280","23640"
"New entrant CS","2023","No function","North West (England)","5685","[c]","25690","23390"
"New entrant CS","2023","No function","Northern Ireland","430","[c]","25510","22520"
"New entrant CS","2023","No function","Overseas","30","[c]","47550","46170"
"New entrant CS","2023","No function","Scotland","2210","[c]","25960","23190"
"New entrant CS","2023","No function","South East (England)","3895","[c]","27670","25340"
"New entrant CS","2023","No function","South West (England)","2735","[c]","29580","25920"
"New entrant CS","2023","No function","Unknown","150","[c]","28500","25750"
"New entrant CS","2023","No function","Wales","2345","[c]","24820","22520"
"New entrant CS","2023","No function","West Midlands (England)","2770","[c]","26990","23640"
"New entrant CS","2023","No function","Yorkshire and The Humber","3570","[c]","26960","25750"
"New entrant CS","2023","Project Delivery","East Midlands (England)","50","[c]","36270","34400"
"New entrant CS","2023","Project Delivery","East of England","55","[c]","38200","33670"
"New entrant CS","2023","Project Delivery","London","410","[c]","40700","35010"
"New entrant CS","2023","Project Delivery","North East (England)","50","[c]","38110","34400"
"New entrant CS","2023","Project Delivery","North West (England)","145","[c]","37910","32500"
"New entrant CS","2023","Project Delivery","Northern Ireland","10","[c]","42140","41380"
"New entrant CS","2023","Project Delivery","Scotland","60","[c]","39870","41000"
"New entrant CS","2023","Project Delivery","South East (England)","195","[c]","37620","33830"
"New entrant CS","2023","Project Delivery","South West (England)","620","[c]","33600","31960"
"New entrant CS","2023","Project Delivery","Wales","70","[c]","41810","38730"
"New entrant CS","2023","Project Delivery","West Midlands (England)","80","[c]","40100","35130"
"New entrant CS","2023","Project Delivery","Yorkshire and The Humber","55","[c]","34700","31270"
"New entrant CS","2023","Property","East Midlands (England)","50","[c]","26740","22520"
"New entrant CS","2023","Property","East of England","30","[c]","36910","33910"
"New entrant CS","2023","Property","London","115","[c]","38960","35720"
"New entrant CS","2023","Property","North East (England)","105","[c]","24860","22520"
"New entrant CS","2023","Property","North West (England)","110","[c]","31260","26020"
"New entrant CS","2023","Property","Northern Ireland","10","[c]","37600","36670"
"New entrant CS","2023","Property","Overseas","[c]","[c]","[c]","[c]"
"New entrant CS","2023","Property","Scotland","75","[c]","32800","29930"
"New entrant CS","2023","Property","South East (England)","85","[c]","35600","33830"
"New entrant CS","2023","Property","South West (England)","130","[c]","28040","22520"
"New entrant CS","2023","Property","Unknown","[c]","[c]","[c]","[c]"
"New entrant CS","2023","Property","Wales","45","[c]","34910","32720"
"New entrant CS","2023","Property","West Midlands (England)","85","[c]","32040","26020"
"New entrant CS","2023","Property","Yorkshire and The Humber","75","[c]","36040","33830"
"New entrant CS","2023","Security","East Midlands (England)","15","[c]","34720","31270"
"New entrant CS","2023","Security","East of England","45","[c]","35050","27500"
"New entrant CS","2023","Security","London","85","[c]","37980","34850"
"New entrant CS","2023","Security","North East (England)","[c]","[c]","[c]","[c]"
"New entrant CS","2023","Security","North West (England)","40","[c]","32170","27580"
"New entrant CS","2023","Security","Northern Ireland","20","[c]","22160","22130"
"New entrant CS","2023","Security","Overseas","[c]","[c]","[c]","[c]"
"New entrant CS","2023","Security","Scotland","240","[c]","27570","25350"
"New entrant CS","2023","Security","South East (England)","185","[c]","29640","27500"
"New entrant CS","2023","Security","South West (England)","175","[c]","29330","27500"
"New entrant CS","2023","Security","Unknown","20","[c]","24200","24330"
"New entrant CS","2023","Security","Wales","20","[c]","31160","27500"
"New entrant CS","2023","Security","West Midlands (England)","25","[c]","26430","27500"
"New entrant CS","2023","Security","Yorkshire and The Humber","100","[c]","29090","25350"
"New entrant CS","2023","Unknown","East Midlands (England)","15","[c]","28770","28120"
"New entrant CS","2023","Unknown","East of England","[c]","[c]","[c]","[c]"
"New entrant CS","2023","Unknown","London","370","[c]","31810","28840"
"New entrant CS","2023","Unknown","North East (England)","40","[c]","36240","37710"
"New entrant CS","2023","Unknown","North West (England)","80","[c]","29790","21690"
"New entrant CS","2023","Unknown","Northern Ireland","[c]","[c]","[c]","[c]"
"New entrant CS","2023","Unknown","Overseas","5","[c]","[c]","[c]"
"New entrant CS","2023","Unknown","Scotland","3215","[c]","31920","29100"
"New entrant CS","2023","Unknown","South East (England)","120","[c]","31500","28360"
"New entrant CS","2023","Unknown","South West (England)","270","[c]","31320","28840"
"New entrant CS","2023","Unknown","Unknown","155","[c]","22870","17660"
"New entrant CS","2023","Unknown","Wales","330","[c]","33340","32460"
"New entrant CS","2023","Unknown","West Midlands (England)","35","[c]","31950","28840"
"New entrant CS","2023","Unknown","Yorkshire and The Humber","70","[c]","30430","28120"
"Notes","Summary figures are suppressed when information relates to less than 5 civil servants for FTE or Headcount, and less than 10 civil servants for median and mean salary (shown as [c]). Zero responses and salaries for less than 30 civil servants have been suppressed for GPDR special category data. FTE figures are not shown for entrants or leavers due to data quality concerns for these groups. Figures are rounded to the nearest 5, or 10 as appropriate.","","","","","",""
"Data source","All figures are aggregated from the Cabinet Office Annual Civil Service Employment Survey collection. https://www.gov.uk/government/collections/civil-service-statistics","","","","","",""
"Version","Generated on 2023-07-26, with GIT d545f65.","","","","","",""
"Data column","Description","","","","","",""
"Status","Employment status of the civil servants.","","","","","",""
"","In post - includes staff that were in post on the reference date (31 March).","","","","","",""
"","New entrant CS - includes new entrants to the Civil Service over the year (1 April to 31 March).","","","","","",""
"","Leaver CS - includes leavers from the Civil Service over the year (1 April to 31 March). This includes employees who have an Unknown leaving cause.","","","","","",""
"","Leaver Dept. - includes leavers from the department over the year (1 April to 31 March), who did not leave the Civil Service.","","","","","",""
"","Four organisations do not report when their employees first entered the Civil Service and so entrants data for these organisations is not available . These are as follows: Foreign Commonwealth and Development Office (excl. agencies), Foreign Commonwealth and Development Office Services, Scottish Forestry and Forest and Land Scotland. A further three organisations also could not provide entrants data in 2021. These are as follows: Department for International Development, Foreign and Commonwealth Office (excl. agencies) and Royal Fleet Auxiliary.","","","","","",""
"Year","Year of data collection (as at 31 March).","","","","","",""
"Region_ITL1","Workplace postcode data are used to derive geographical information using the International Territorial Level (ITL) classification standard.","","","","","",""
"","Following the UK's withdrawal from the EU, a new UK-managed international statistical geography - International Territorial Levels (ITL) - was introduced from 1st January 2021, replacing the former NUTS classification. They align with international standards, enabling comparability both over time and internationally. To ensure continued alignment, the ITLs mirror the NUTS system. They also follow a similar review timetable - every three years.","","","","","",""
"","ITL 1 divides into Wales, Scotland, Northern Ireland, and the 9 statistical regions of England.","","","","","",""
"Function_of_post","Functions relate to the post occupied by the person and are not dependent on qualifications the individual may have.","","","","","",""
"","Welsh Government and Royal Fleet Auxiliary did not report any functions information for their employees.","","","","","",""
"","Of the 20 bodies under the Scottish Government, 16 did not report any functions information for their employees.","","","","","",""
"Headcount","Total number of civil servants (rounded to nearest 5).","","","","","",""
"FTE","Total full-time equivalent (FTE) employment numbers (rounded to nearest 5).","","","","","",""
"","FTE figures are not shown for entrants or leavers due to data quality concerns for these groups.","","","","","",""
"Mean_salary","Average salary (mean, rounded to nearest 10). For part-time employees, salaries represent the full-time equivalent earnings, while for full-time employees they are the actual annual gross salaries.","","","","","",""
"","These figures should be interpreted with caution when the total number of employees in a group is small, as they will tend to show more variability than larger groups (i.e. may be much higher or lower than can be explained by the data shown).","","","","","",""
"Median_salary","Median salary (rounded to nearest 10). For part-time employees, salaries represent the full-time equivalent earnings, while for full-time employees they are the actual annual gross salaries.","","","","","",""
"","These figures should be interpreted with caution when the total number of employees in a group is small, as they will tend to show more variability than larger groups (i.e. may be much higher or lower than can be explained by the data shown).","","","","","",""
