"Status","Year","Function_of_post","Profession_of_post","Headcount","FTE","Mean_salary","Median_salary"
"In post","2023","Analysis","Digital, Data and Technology","180","175","46040","43650"
"In post","2023","Analysis","Economics","1805","1770","48540","44170"
"In post","2023","Analysis","Finance","35","35","42880","39520"
"In post","2023","Analysis","Human Resources","10","10","57460","55750"
"In post","2023","Analysis","Intelligence Analysis","125","125","42070","39890"
"In post","2023","Analysis","International Trade","[c]","[c]","[c]","[c]"
"In post","2023","Analysis","Knowledge and Information Management","60","55","43460","38470"
"In post","2023","Analysis","Legal","[c]","[c]","[c]","[c]"
"In post","2023","Analysis","Operational Delivery","765","725","34830","31830"
"In post","2023","Analysis","Operational Research","795","765","45790","43650"
"In post","2023","Analysis","Other","590","565","51220","42370"
"In post","2023","Analysis","Planning","[c]","[c]","[c]","[c]"
"In post","2023","Analysis","Policy","255","245","48610","43760"
"In post","2023","Analysis","Project Delivery","20","20","41080","38470"
"In post","2023","Analysis","Science and Engineering","1340","1290","41990","39890"
"In post","2023","Analysis","Social Research","1430","1370","44830","41440"
"In post","2023","Analysis","Statistics","2725","2630","44960","41510"
"In post","2023","Analysis","Tax","10","10","44220","45050"
"In post","2023","Analysis","Unknown","170","170","47760","43650"
"In post","2023","Commercial","Commercial","6265","6085","48020","42500"
"In post","2023","Commercial","Communications","5","5","[c]","[c]"
"In post","2023","Commercial","Digital, Data and Technology","20","20","48150","48950"
"In post","2023","Commercial","Economics","5","5","[c]","[c]"
"In post","2023","Commercial","Finance","25","20","44900","41410"
"In post","2023","Commercial","Human Resources","50","50","50310","53860"
"In post","2023","Commercial","International Trade","[c]","[c]","[c]","[c]"
"In post","2023","Commercial","Knowledge and Information Management","[c]","[c]","[c]","[c]"
"In post","2023","Commercial","Medicine","[c]","[c]","[c]","[c]"
"In post","2023","Commercial","Operational Delivery","365","360","46900","42510"
"In post","2023","Commercial","Other","175","165","40870","38300"
"In post","2023","Commercial","Policy","60","55","50500","51580"
"In post","2023","Commercial","Project Delivery","80","75","39890","34970"
"In post","2023","Commercial","Property","5","5","[c]","[c]"
"In post","2023","Commercial","Science and Engineering","20","20","33040","30320"
"In post","2023","Commercial","Security","[c]","[c]","[c]","[c]"
"In post","2023","Commercial","Statistics","5","5","[c]","[c]"
"In post","2023","Commercial","Tax","10","10","37960","38430"
"In post","2023","Commercial","Unknown","170","165","55110","55100"
"In post","2023","Commercial","Veterinarian","[c]","[c]","[c]","[c]"
"In post","2023","Communications","Commercial","[c]","[c]","[c]","[c]"
"In post","2023","Communications","Communications","3650","3525","43860","40880"
"In post","2023","Communications","Digital, Data and Technology","25","25","46900","41870"
"In post","2023","Communications","Finance","15","10","34670","34170"
"In post","2023","Communications","Human Resources","20","20","40450","38470"
"In post","2023","Communications","Knowledge and Information Management","90","90","42480","39730"
"In post","2023","Communications","Operational Delivery","100","90","45320","37370"
"In post","2023","Communications","Other","40","40","41450","37910"
"In post","2023","Communications","Planning","[c]","[c]","[c]","[c]"
"In post","2023","Communications","Policy","20","20","62640","64400"
"In post","2023","Communications","Project Delivery","15","15","40500","39380"
"In post","2023","Communications","Psychology","[c]","[c]","[c]","[c]"
"In post","2023","Communications","Science and Engineering","[c]","[c]","[c]","[c]"
"In post","2023","Communications","Unknown","175","170","51820","43780"
"In post","2023","Counter Fraud","Commercial","15","15","51970","53530"
"In post","2023","Counter Fraud","Communications","[c]","[c]","[c]","[c]"
"In post","2023","Counter Fraud","Counter Fraud","9335","8605","31730","28120"
"In post","2023","Counter Fraud","Digital, Data and Technology","30","25","49650","51290"
"In post","2023","Counter Fraud","Economics","[c]","[c]","[c]","[c]"
"In post","2023","Counter Fraud","Finance","15","15","47900","42570"
"In post","2023","Counter Fraud","Human Resources","[c]","[c]","[c]","[c]"
"In post","2023","Counter Fraud","Intelligence Analysis","230","225","40810","39450"
"In post","2023","Counter Fraud","International Trade","[c]","[c]","[c]","[c]"
"In post","2023","Counter Fraud","Knowledge and Information Management","35","35","46700","42510"
"In post","2023","Counter Fraud","Legal","1980","1885","35140","34400"
"In post","2023","Counter Fraud","Operational Delivery","3205","2965","33570","32520"
"In post","2023","Counter Fraud","Operational Research","10","10","[c]","[c]"
"In post","2023","Counter Fraud","Other","280","255","45040","42140"
"In post","2023","Counter Fraud","Policy","15","10","45070","38050"
"In post","2023","Counter Fraud","Project Delivery","[c]","[c]","[c]","[c]"
"In post","2023","Counter Fraud","Security","[c]","[c]","[c]","[c]"
"In post","2023","Counter Fraud","Tax","1715","1610","42680","36990"
"In post","2023","Counter Fraud","Unknown","270","265","36880","34550"
"In post","2023","Debt","Operational Delivery","4415","4025","25610","22520"
"In post","2023","Debt","Operational Research","[c]","[c]","[c]","[c]"
"In post","2023","Debt","Other","2615","2260","23260","21690"
"In post","2023","Debt","Policy","10","10","42010","38470"
"In post","2023","Debt","Tax","650","620","23960","22520"
"In post","2023","Debt","Unknown","65","60","27290","27650"
"In post","2023","Digital, Data & Technology","Commercial","25","25","48280","45810"
"In post","2023","Digital, Data & Technology","Communications","15","15","40830","38220"
"In post","2023","Digital, Data & Technology","Counter Fraud","[c]","[c]","[c]","[c]"
"In post","2023","Digital, Data & Technology","Digital, Data and Technology","21570","21020","44110","41000"
"In post","2023","Digital, Data & Technology","Economics","10","5","[c]","[c]"
"In post","2023","Digital, Data & Technology","Finance","110","100","38870","36880"
"In post","2023","Digital, Data & Technology","Geography","[c]","[c]","[c]","[c]"
"In post","2023","Digital, Data & Technology","Human Resources","75","75","44190","39190"
"In post","2023","Digital, Data & Technology","Intelligence Analysis","[c]","[c]","[c]","[c]"
"In post","2023","Digital, Data & Technology","International Trade","[c]","[c]","[c]","[c]"
"In post","2023","Digital, Data & Technology","Knowledge and Information Management","1050","1020","33400","30210"
"In post","2023","Digital, Data & Technology","Operational Delivery","1070","1025","38310","37420"
"In post","2023","Digital, Data & Technology","Operational Research","25","25","53460","57420"
"In post","2023","Digital, Data & Technology","Other","290","280","36260","36180"
"In post","2023","Digital, Data & Technology","Policy","75","75","54090","56430"
"In post","2023","Digital, Data & Technology","Project Delivery","280","270","41350","38940"
"In post","2023","Digital, Data & Technology","Property","[c]","[c]","[c]","[c]"
"In post","2023","Digital, Data & Technology","Science and Engineering","560","525","41370","39750"
"In post","2023","Digital, Data & Technology","Security","50","50","47380","50160"
"In post","2023","Digital, Data & Technology","Social Research","[c]","[c]","[c]","[c]"
"In post","2023","Digital, Data & Technology","Statistics","25","25","43880","43370"
"In post","2023","Digital, Data & Technology","Tax","100","100","40780","35000"
"In post","2023","Digital, Data & Technology","Unknown","1015","1000","48340","43000"
"In post","2023","Finance","Commercial","750","705","38610","38470"
"In post","2023","Finance","Communications","[c]","[c]","[c]","[c]"
"In post","2023","Finance","Corporate Finance","85","80","51650","44000"
"In post","2023","Finance","Counter Fraud","30","30","44330","38580"
"In post","2023","Finance","Digital, Data and Technology","20","20","46990","43420"
"In post","2023","Finance","Economics","5","5","[c]","[c]"
"In post","2023","Finance","Finance","9300","8920","42910","39110"
"In post","2023","Finance","Human Resources","10","10","39570","41800"
"In post","2023","Finance","Legal","[c]","[c]","[c]","[c]"
"In post","2023","Finance","Medicine","5","5","[c]","[c]"
"In post","2023","Finance","Operational Delivery","1640","1435","28820","22520"
"In post","2023","Finance","Operational Research","[c]","[c]","[c]","[c]"
"In post","2023","Finance","Other","30","30","44570","41550"
"In post","2023","Finance","Planning","[c]","[c]","[c]","[c]"
"In post","2023","Finance","Policy","30","30","48440","51290"
"In post","2023","Finance","Project Delivery","40","35","51640","51640"
"In post","2023","Finance","Property","[c]","[c]","[c]","[c]"
"In post","2023","Finance","Security","365","350","43540","38470"
"In post","2023","Finance","Social Research","[c]","[c]","[c]","[c]"
"In post","2023","Finance","Statistics","10","10","[c]","[c]"
"In post","2023","Finance","Tax","130","125","36620","34700"
"In post","2023","Finance","Unknown","400","395","46350","41950"
"In post","2023","Grants Management","Communications","[c]","[c]","[c]","[c]"
"In post","2023","Grants Management","Finance","5","5","[c]","[c]"
"In post","2023","Grants Management","Operational Delivery","2550","2350","25940","22150"
"In post","2023","Grants Management","Policy","50","50","51120","52310"
"In post","2023","Grants Management","Project Delivery","[c]","[c]","[c]","[c]"
"In post","2023","Grants Management","Science and Engineering","[c]","[c]","[c]","[c]"
"In post","2023","Human Resources","Commercial","10","10","[c]","[c]"
"In post","2023","Human Resources","Communications","15","15","41540","39140"
"In post","2023","Human Resources","Digital, Data and Technology","40","40","41010","37580"
"In post","2023","Human Resources","Economics","[c]","[c]","[c]","[c]"
"In post","2023","Human Resources","Finance","15","15","40540","35650"
"In post","2023","Human Resources","Human Resources","12190","11690","39910","35350"
"In post","2023","Human Resources","Intelligence Analysis","[c]","[c]","[c]","[c]"
"In post","2023","Human Resources","International Trade","[c]","[c]","[c]","[c]"
"In post","2023","Human Resources","Knowledge and Information Management","30","30","38900","34360"
"In post","2023","Human Resources","Legal","[c]","[c]","[c]","[c]"
"In post","2023","Human Resources","Operational Delivery","1325","1240","33220","28120"
"In post","2023","Human Resources","Other","55","55","36480","36800"
"In post","2023","Human Resources","Planning","[c]","[c]","[c]","[c]"
"In post","2023","Human Resources","Policy","45","45","47410","43000"
"In post","2023","Human Resources","Project Delivery","60","60","48770","51330"
"In post","2023","Human Resources","Property","5","5","[c]","[c]"
"In post","2023","Human Resources","Psychology","[c]","[c]","[c]","[c]"
"In post","2023","Human Resources","Science and Engineering","[c]","[c]","[c]","[c]"
"In post","2023","Human Resources","Security","[c]","[c]","[c]","[c]"
"In post","2023","Human Resources","Statistics","[c]","[c]","[c]","[c]"
"In post","2023","Human Resources","Tax","210","195","37930","35000"
"In post","2023","Human Resources","Unknown","405","385","44890","39110"
"In post","2023","Internal Audit","Internal Audit","730","695","48050","45190"
"In post","2023","Internal Audit","Operational Delivery","[c]","[c]","[c]","[c]"
"In post","2023","Internal Audit","Policy","[c]","[c]","[c]","[c]"
"In post","2023","Legal","Communications","10","10","33690","30560"
"In post","2023","Legal","Counter Fraud","[c]","[c]","[c]","[c]"
"In post","2023","Legal","Digital, Data and Technology","5","5","[c]","[c]"
"In post","2023","Legal","Finance","80","75","25090","24480"
"In post","2023","Legal","Human Resources","5","5","[c]","[c]"
"In post","2023","Legal","Internal Audit","5","5","[c]","[c]"
"In post","2023","Legal","Knowledge and Information Management","165","140","43390","34970"
"In post","2023","Legal","Legal","8195","7670","57650","56450"
"In post","2023","Legal","Operational Delivery","4060","3790","28740","27150"
"In post","2023","Legal","Other","80","75","55630","54460"
"In post","2023","Legal","Policy","135","135","53270","52880"
"In post","2023","Legal","Project Delivery","35","35","40390","32660"
"In post","2023","Legal","Property","20","20","32720","32830"
"In post","2023","Legal","Science and Engineering","[c]","[c]","[c]","[c]"
"In post","2023","Legal","Security","15","15","32410","32660"
"In post","2023","Legal","Tax","340","320","44560","42140"
"In post","2023","Legal","Unknown","215","210","50660","43660"
"In post","2023","No function","Commercial","500","485","49700","48210"
"In post","2023","No function","Communications","200","195","46220","43650"
"In post","2023","No function","Corporate Finance","20","20","59220","55600"
"In post","2023","No function","Counter Fraud","225","205","29260","26180"
"In post","2023","No function","Digital, Data and Technology","865","850","53190","55740"
"In post","2023","No function","Economics","280","275","53130","54440"
"In post","2023","No function","Finance","170","165","41630","38170"
"In post","2023","No function","Geography","475","450","33020","34370"
"In post","2023","No function","Human Resources","300","285","41090","36310"
"In post","2023","No function","Inspector of Education and Training","990","975","66850","66170"
"In post","2023","No function","Intelligence Analysis","2710","2590","33490","30360"
"In post","2023","No function","Internal Audit","[c]","[c]","[c]","[c]"
"In post","2023","No function","International Trade","2145","2110","48890","43540"
"In post","2023","No function","Knowledge and Information Management","825","785","35990","34170"
"In post","2023","No function","Legal","1180","1070","46410","45160"
"In post","2023","No function","Medicine","2175","1910","58190","43810"
"In post","2023","No function","Operational Delivery","248100","227640","29800","28120"
"In post","2023","No function","Operational Research","165","160","33990","22520"
"In post","2023","No function","Other","8690","8245","32440","28120"
"In post","2023","No function","Planning","150","145","45270","40990"
"In post","2023","No function","Planning Inspectors","470","420","58330","60050"
"In post","2023","No function","Policy","27585","26935","49330","47300"
"In post","2023","No function","Project Delivery","1850","1810","47010","43210"
"In post","2023","No function","Property","10","10","40140","32160"
"In post","2023","No function","Psychology","1555","1490","37750","32420"
"In post","2023","No function","Science and Engineering","7880","7615","40810","39300"
"In post","2023","No function","Security","145","145","49900","41870"
"In post","2023","No function","Social Research","45","45","49010","44330"
"In post","2023","No function","Statistics","70","65","42010","41550"
"In post","2023","No function","Tax","13545","12845","37870","35000"
"In post","2023","No function","Unknown","6975","6775","44950","39450"
"In post","2023","No function","Veterinarian","385","365","44240","39140"
"In post","2023","Project Delivery","Commercial","20","20","108610","113200"
"In post","2023","Project Delivery","Communications","45","40","39260","36500"
"In post","2023","Project Delivery","Counter Fraud","[c]","[c]","[c]","[c]"
"In post","2023","Project Delivery","Digital, Data and Technology","70","70","50260","51360"
"In post","2023","Project Delivery","Finance","40","40","77650","62540"
"In post","2023","Project Delivery","Human Resources","20","20","45910","41130"
"In post","2023","Project Delivery","Inspector of Education and Training","65","65","78210","78500"
"In post","2023","Project Delivery","International Trade","[c]","[c]","[c]","[c]"
"In post","2023","Project Delivery","Knowledge and Information Management","55","50","44560","41070"
"In post","2023","Project Delivery","Legal","15","15","57630","60280"
"In post","2023","Project Delivery","Medicine","45","40","79720","82970"
"In post","2023","Project Delivery","Operational Delivery","1560","1490","39240","35000"
"In post","2023","Project Delivery","Operational Research","155","150","45220","41480"
"In post","2023","Project Delivery","Other","230","220","38540","38070"
"In post","2023","Project Delivery","Planning","[c]","[c]","[c]","[c]"
"In post","2023","Project Delivery","Policy","1930","1850","55130","55780"
"In post","2023","Project Delivery","Project Delivery","15515","14960","45850","42060"
"In post","2023","Project Delivery","Property","15","15","61930","62540"
"In post","2023","Project Delivery","Science and Engineering","1515","1475","45610","42840"
"In post","2023","Project Delivery","Security","[c]","[c]","[c]","[c]"
"In post","2023","Project Delivery","Social Research","[c]","[c]","[c]","[c]"
"In post","2023","Project Delivery","Statistics","15","10","46380","43250"
"In post","2023","Project Delivery","Tax","675","630","37100","35000"
"In post","2023","Project Delivery","Unknown","310","305","48750","41780"
"In post","2023","Property","Commercial","[c]","[c]","[c]","[c]"
"In post","2023","Property","Communications","10","10","47260","45520"
"In post","2023","Property","Digital, Data and Technology","35","35","53430","51020"
"In post","2023","Property","Finance","85","80","42570","39660"
"In post","2023","Property","Human Resources","35","30","42390","38340"
"In post","2023","Property","Internal Audit","[c]","[c]","[c]","[c]"
"In post","2023","Property","Operational Delivery","1395","1325","32370","26020"
"In post","2023","Property","Other","300","290","34040","31490"
"In post","2023","Property","Policy","35","35","56110","56250"
"In post","2023","Property","Project Delivery","80","80","51220","51020"
"In post","2023","Property","Property","6825","6520","38010","34370"
"In post","2023","Property","Science and Engineering","10","10","[c]","[c]"
"In post","2023","Property","Security","15","15","60370","55670"
"In post","2023","Property","Unknown","80","75","44540","38460"
"In post","2023","Security","Commercial","[c]","[c]","[c]","[c]"
"In post","2023","Security","Digital, Data and Technology","75","75","52230","50690"
"In post","2023","Security","Finance","10","10","47570","51290"
"In post","2023","Security","Human Resources","40","40","40360","33020"
"In post","2023","Security","Intelligence Analysis","165","160","48210","43500"
"In post","2023","Security","Knowledge and Information Management","55","55","37690","33850"
"In post","2023","Security","Legal","[c]","[c]","[c]","[c]"
"In post","2023","Security","Operational Delivery","30","30","40570","39890"
"In post","2023","Security","Other","10","10","[c]","[c]"
"In post","2023","Security","Policy","70","70","49180","52270"
"In post","2023","Security","Project Delivery","10","10","[c]","[c]"
"In post","2023","Security","Property","[c]","[c]","[c]","[c]"
"In post","2023","Security","Science and Engineering","[c]","[c]","[c]","[c]"
"In post","2023","Security","Security","8870","8660","34350","30700"
"In post","2023","Security","Unknown","695","670","32440","27110"
"In post","2023","Unknown","Commercial","[c]","[c]","[c]","[c]"
"In post","2023","Unknown","Communications","155","145","42320","39690"
"In post","2023","Unknown","Digital, Data and Technology","220","215","40940","39690"
"In post","2023","Unknown","Economics","55","55","50240","43660"
"In post","2023","Unknown","Finance","325","305","45410","39690"
"In post","2023","Unknown","Human Resources","245","230","33360","27890"
"In post","2023","Unknown","Inspector of Education and Training","30","30","36800","36590"
"In post","2023","Unknown","Internal Audit","25","20","44860","39690"
"In post","2023","Unknown","Knowledge and Information Management","130","125","36580","30650"
"In post","2023","Unknown","Legal","175","165","61060","63900"
"In post","2023","Unknown","Medicine","235","220","51500","49370"
"In post","2023","Unknown","Operational Delivery","1850","1745","40660","37710"
"In post","2023","Unknown","Other","2840","2795","43900","40690"
"In post","2023","Unknown","Planning","70","65","47440","40800"
"In post","2023","Unknown","Planning Inspectors","[c]","[c]","[c]","[c]"
"In post","2023","Unknown","Policy","2695","2570","46390","40760"
"In post","2023","Unknown","Project Delivery","140","135","47730","43660"
"In post","2023","Unknown","Property","65","60","42870","39690"
"In post","2023","Unknown","Psychology","30","25","47210","49260"
"In post","2023","Unknown","Science and Engineering","1980","1915","40880","39890"
"In post","2023","Unknown","Security","30","30","32340","29530"
"In post","2023","Unknown","Social Research","100","95","44090","41700"
"In post","2023","Unknown","Statistics","95","90","43150","41700"
"In post","2023","Unknown","Unknown","19320","18545","41090","34730"
"In post","2023","Unknown","Veterinarian","5","5","[c]","[c]"
"Leaver CS","2023","Analysis","Communications","[c]","[c]","[c]","[c]"
"Leaver CS","2023","Analysis","Counter Fraud","[c]","[c]","[c]","[c]"
"Leaver CS","2023","Analysis","Digital, Data and Technology","5","[c]","[c]","[c]"
"Leaver CS","2023","Analysis","Economics","190","[c]","36100","31330"
"Leaver CS","2023","Analysis","Finance","10","[c]","[c]","[c]"
"Leaver CS","2023","Analysis","Geography","[c]","[c]","[c]","[c]"
"Leaver CS","2023","Analysis","Human Resources","[c]","[c]","[c]","[c]"
"Leaver CS","2023","Analysis","Inspector of Education and Training","[c]","[c]","[c]","[c]"
"Leaver CS","2023","Analysis","Intelligence Analysis","5","[c]","[c]","[c]"
"Leaver CS","2023","Analysis","Knowledge and Information Management","[c]","[c]","[c]","[c]"
"Leaver CS","2023","Analysis","Operational Delivery","55","[c]","33580","31060"
"Leaver CS","2023","Analysis","Operational Research","40","[c]","43370","38880"
"Leaver CS","2023","Analysis","Other","55","[c]","48080","37690"
"Leaver CS","2023","Analysis","Policy","[c]","[c]","[c]","[c]"
"Leaver CS","2023","Analysis","Project Delivery","[c]","[c]","[c]","[c]"
"Leaver CS","2023","Analysis","Science and Engineering","215","[c]","36170","37670"
"Leaver CS","2023","Analysis","Social Research","80","[c]","36630","34560"
"Leaver CS","2023","Analysis","Statistics","185","[c]","33540","30100"
"Leaver CS","2023","Analysis","Unknown","10","[c]","60160","51290"
"Leaver CS","2023","Commercial","Commercial","405","[c]","39990","37060"
"Leaver CS","2023","Commercial","Communications","[c]","[c]","[c]","[c]"
"Leaver CS","2023","Commercial","Finance","[c]","[c]","[c]","[c]"
"Leaver CS","2023","Commercial","Operational Delivery","40","[c]","48610","42000"
"Leaver CS","2023","Commercial","Other","10","[c]","[c]","[c]"
"Leaver CS","2023","Commercial","Policy","[c]","[c]","[c]","[c]"
"Leaver CS","2023","Commercial","Project Delivery","[c]","[c]","[c]","[c]"
"Leaver CS","2023","Commercial","Property","[c]","[c]","[c]","[c]"
"Leaver CS","2023","Commercial","Science and Engineering","[c]","[c]","[c]","[c]"
"Leaver CS","2023","Commercial","Unknown","180","[c]","73190","67220"
"Leaver CS","2023","Communications","Communications","365","[c]","41540","38820"
"Leaver CS","2023","Communications","Digital, Data and Technology","[c]","[c]","[c]","[c]"
"Leaver CS","2023","Communications","Human Resources","[c]","[c]","[c]","[c]"
"Leaver CS","2023","Communications","Knowledge and Information Management","[c]","[c]","[c]","[c]"
"Leaver CS","2023","Communications","Operational Delivery","10","[c]","69590","42820"
"Leaver CS","2023","Communications","Policy","[c]","[c]","[c]","[c]"
"Leaver CS","2023","Communications","Unknown","60","[c]","44720","41870"
"Leaver CS","2023","Counter Fraud","Commercial","[c]","[c]","[c]","[c]"
"Leaver CS","2023","Counter Fraud","Counter Fraud","475","[c]","29990","28120"
"Leaver CS","2023","Counter Fraud","Finance","[c]","[c]","[c]","[c]"
"Leaver CS","2023","Counter Fraud","Intelligence Analysis","10","[c]","[c]","[c]"
"Leaver CS","2023","Counter Fraud","Knowledge and Information Management","[c]","[c]","[c]","[c]"
"Leaver CS","2023","Counter Fraud","Legal","145","[c]","[c]","[c]"
"Leaver CS","2023","Counter Fraud","Operational Delivery","120","[c]","[c]","[c]"
"Leaver CS","2023","Counter Fraud","Other","65","[c]","26430","25610"
"Leaver CS","2023","Counter Fraud","Tax","70","[c]","[c]","[c]"
"Leaver CS","2023","Counter Fraud","Unknown","15","[c]","44830","44630"
"Leaver CS","2023","Debt","Operational Delivery","430","[c]","[c]","[c]"
"Leaver CS","2023","Debt","Other","335","[c]","22630","21690"
"Leaver CS","2023","Debt","Tax","80","[c]","[c]","[c]"
"Leaver CS","2023","Digital, Data & Technology","Communications","[c]","[c]","[c]","[c]"
"Leaver CS","2023","Digital, Data & Technology","Digital, Data and Technology","1830","[c]","43860","40060"
"Leaver CS","2023","Digital, Data & Technology","Knowledge and Information Management","50","[c]","30840","27470"
"Leaver CS","2023","Digital, Data & Technology","Operational Delivery","55","[c]","35030","32890"
"Leaver CS","2023","Digital, Data & Technology","Operational Research","[c]","[c]","[c]","[c]"
"Leaver CS","2023","Digital, Data & Technology","Other","25","[c]","25700","19080"
"Leaver CS","2023","Digital, Data & Technology","Policy","[c]","[c]","[c]","[c]"
"Leaver CS","2023","Digital, Data & Technology","Project Delivery","10","[c]","40540","39190"
"Leaver CS","2023","Digital, Data & Technology","Science and Engineering","30","[c]","40460","39650"
"Leaver CS","2023","Digital, Data & Technology","Security","[c]","[c]","[c]","[c]"
"Leaver CS","2023","Digital, Data & Technology","Tax","[c]","[c]","[c]","[c]"
"Leaver CS","2023","Digital, Data & Technology","Unknown","190","[c]","50630","54700"
"Leaver CS","2023","Finance","Commercial","[c]","[c]","[c]","[c]"
"Leaver CS","2023","Finance","Corporate Finance","15","[c]","42120","42000"
"Leaver CS","2023","Finance","Digital, Data and Technology","[c]","[c]","[c]","[c]"
"Leaver CS","2023","Finance","Finance","725","[c]","41510","37680"
"Leaver CS","2023","Finance","Human Resources","[c]","[c]","[c]","[c]"
"Leaver CS","2023","Finance","Operational Delivery","95","[c]","38110","39330"
"Leaver CS","2023","Finance","Other","10","[c]","[c]","[c]"
"Leaver CS","2023","Finance","Security","[c]","[c]","[c]","[c]"
"Leaver CS","2023","Finance","Tax","[c]","[c]","[c]","[c]"
"Leaver CS","2023","Finance","Unknown","15","[c]","47470","40600"
"Leaver CS","2023","Grants Management","Operational Delivery","200","[c]","23800","22150"
"Leaver CS","2023","Grants Management","Policy","[c]","[c]","[c]","[c]"
"Leaver CS","2023","Human Resources","Commercial","[c]","[c]","[c]","[c]"
"Leaver CS","2023","Human Resources","Digital, Data and Technology","[c]","[c]","[c]","[c]"
"Leaver CS","2023","Human Resources","Finance","[c]","[c]","[c]","[c]"
"Leaver CS","2023","Human Resources","Human Resources","1290","[c]","34690","30470"
"Leaver CS","2023","Human Resources","Knowledge and Information Management","[c]","[c]","[c]","[c]"
"Leaver CS","2023","Human Resources","Operational Delivery","55","[c]","32240","28120"
"Leaver CS","2023","Human Resources","Other","5","[c]","[c]","[c]"
"Leaver CS","2023","Human Resources","Policy","10","[c]","43940","34600"
"Leaver CS","2023","Human Resources","Project Delivery","[c]","[c]","[c]","[c]"
"Leaver CS","2023","Human Resources","Tax","10","[c]","[c]","[c]"
"Leaver CS","2023","Human Resources","Unknown","110","[c]","42910","35140"
"Leaver CS","2023","Internal Audit","Internal Audit","75","[c]","46970","43160"
"Leaver CS","2023","Legal","Finance","[c]","[c]","[c]","[c]"
"Leaver CS","2023","Legal","Human Resources","[c]","[c]","[c]","[c]"
"Leaver CS","2023","Legal","Knowledge and Information Management","5","[c]","[c]","[c]"
"Leaver CS","2023","Legal","Legal","580","[c]","55420","55000"
"Leaver CS","2023","Legal","Operational Delivery","270","[c]","25720","24480"
"Leaver CS","2023","Legal","Other","10","[c]","29450","26950"
"Leaver CS","2023","Legal","Policy","10","[c]","47070","40670"
"Leaver CS","2023","Legal","Project Delivery","[c]","[c]","[c]","[c]"
"Leaver CS","2023","Legal","Property","[c]","[c]","[c]","[c]"
"Leaver CS","2023","Legal","Tax","10","[c]","[c]","[c]"
"Leaver CS","2023","Legal","Unknown","[c]","[c]","[c]","[c]"
"Leaver CS","2023","No function","Commercial","10","[c]","[c]","[c]"
"Leaver CS","2023","No function","Communications","20","[c]","46900","43080"
"Leaver CS","2023","No function","Corporate Finance","[c]","[c]","[c]","[c]"
"Leaver CS","2023","No function","Counter Fraud","10","[c]","26700","26180"
"Leaver CS","2023","No function","Digital, Data and Technology","65","[c]","48110","43210"
"Leaver CS","2023","No function","Economics","20","[c]","46370","50780"
"Leaver CS","2023","No function","Finance","10","[c]","33490","30790"
"Leaver CS","2023","No function","Geography","10","[c]","30880","33340"
"Leaver CS","2023","No function","Human Resources","20","[c]","38680","32080"
"Leaver CS","2023","No function","Inspector of Education and Training","135","[c]","68180","77470"
"Leaver CS","2023","No function","Intelligence Analysis","165","[c]","33140","30740"
"Leaver CS","2023","No function","International Trade","110","[c]","45780","40300"
"Leaver CS","2023","No function","Knowledge and Information Management","30","[c]","31050","28860"
"Leaver CS","2023","No function","Legal","125","[c]","42690","42940"
"Leaver CS","2023","No function","Medicine","340","[c]","52480","40590"
"Leaver CS","2023","No function","Operational Delivery","24115","[c]","28470","26750"
"Leaver CS","2023","No function","Operational Research","5","[c]","[c]","[c]"
"Leaver CS","2023","No function","Other","550","[c]","31230","25330"
"Leaver CS","2023","No function","Planning","15","[c]","30760","31930"
"Leaver CS","2023","No function","Planning Inspectors","20","[c]","60530","60050"
"Leaver CS","2023","No function","Policy","1740","[c]","46310","41800"
"Leaver CS","2023","No function","Project Delivery","95","[c]","51100","46520"
"Leaver CS","2023","No function","Property","[c]","[c]","[c]","[c]"
"Leaver CS","2023","No function","Psychology","125","[c]","42480","41320"
"Leaver CS","2023","No function","Science and Engineering","1040","[c]","36290","33710"
"Leaver CS","2023","No function","Security","[c]","[c]","[c]","[c]"
"Leaver CS","2023","No function","Social Research","[c]","[c]","[c]","[c]"
"Leaver CS","2023","No function","Statistics","20","[c]","28750","23500"
"Leaver CS","2023","No function","Tax","840","[c]","[c]","[c]"
"Leaver CS","2023","No function","Unknown","1040","[c]","46580","41870"
"Leaver CS","2023","No function","Veterinarian","45","[c]","43250","39530"
"Leaver CS","2023","Project Delivery","Communications","[c]","[c]","[c]","[c]"
"Leaver CS","2023","Project Delivery","Digital, Data and Technology","5","[c]","[c]","[c]"
"Leaver CS","2023","Project Delivery","Finance","[c]","[c]","[c]","[c]"
"Leaver CS","2023","Project Delivery","Inspector of Education and Training","5","[c]","[c]","[c]"
"Leaver CS","2023","Project Delivery","Medicine","[c]","[c]","[c]","[c]"
"Leaver CS","2023","Project Delivery","Operational Delivery","70","[c]","43170","35130"
"Leaver CS","2023","Project Delivery","Other","15","[c]","[c]","[c]"
"Leaver CS","2023","Project Delivery","Policy","65","[c]","[c]","[c]"
"Leaver CS","2023","Project Delivery","Project Delivery","1070","[c]","43060","40000"
"Leaver CS","2023","Project Delivery","Science and Engineering","80","[c]","40520","35220"
"Leaver CS","2023","Project Delivery","Tax","40","[c]","[c]","[c]"
"Leaver CS","2023","Project Delivery","Unknown","20","[c]","60530","56430"
"Leaver CS","2023","Property","Communications","[c]","[c]","[c]","[c]"
"Leaver CS","2023","Property","Digital, Data and Technology","[c]","[c]","[c]","[c]"
"Leaver CS","2023","Property","Finance","10","[c]","[c]","[c]"
"Leaver CS","2023","Property","Human Resources","[c]","[c]","[c]","[c]"
"Leaver CS","2023","Property","Operational Delivery","90","[c]","28770","22520"
"Leaver CS","2023","Property","Other","50","[c]","30540","28490"
"Leaver CS","2023","Property","Planning","[c]","[c]","[c]","[c]"
"Leaver CS","2023","Property","Project Delivery","5","[c]","[c]","[c]"
"Leaver CS","2023","Property","Property","510","[c]","36230","33900"
"Leaver CS","2023","Property","Security","[c]","[c]","[c]","[c]"
"Leaver CS","2023","Property","Unknown","15","[c]","52350","53650"
"Leaver CS","2023","Security","Digital, Data and Technology","5","[c]","[c]","[c]"
"Leaver CS","2023","Security","Human Resources","[c]","[c]","[c]","[c]"
"Leaver CS","2023","Security","Knowledge and Information Management","[c]","[c]","[c]","[c]"
"Leaver CS","2023","Security","Security","815","[c]","32320","27500"
"Leaver CS","2023","Security","Unknown","105","[c]","33340","32000"
"Leaver CS","2023","Unknown","Commercial","[c]","[c]","[c]","[c]"
"Leaver CS","2023","Unknown","Communications","5","[c]","[c]","[c]"
"Leaver CS","2023","Unknown","Digital, Data and Technology","10","[c]","[c]","[c]"
"Leaver CS","2023","Unknown","Economics","[c]","[c]","[c]","[c]"
"Leaver CS","2023","Unknown","Finance","15","[c]","37840","29430"
"Leaver CS","2023","Unknown","Human Resources","15","[c]","40230","38160"
"Leaver CS","2023","Unknown","Inspector of Education and Training","[c]","[c]","[c]","[c]"
"Leaver CS","2023","Unknown","Knowledge and Information Management","[c]","[c]","[c]","[c]"
"Leaver CS","2023","Unknown","Legal","10","[c]","49230","51380"
"Leaver CS","2023","Unknown","Medicine","35","[c]","62610","66850"
"Leaver CS","2023","Unknown","Operational Delivery","115","[c]","36830","30730"
"Leaver CS","2023","Unknown","Other","350","[c]","40200","36990"
"Leaver CS","2023","Unknown","Planning","[c]","[c]","[c]","[c]"
"Leaver CS","2023","Unknown","Policy","200","[c]","42280","38160"
"Leaver CS","2023","Unknown","Project Delivery","10","[c]","[c]","[c]"
"Leaver CS","2023","Unknown","Property","[c]","[c]","[c]","[c]"
"Leaver CS","2023","Unknown","Science and Engineering","80","[c]","44730","40860"
"Leaver CS","2023","Unknown","Security","[c]","[c]","[c]","[c]"
"Leaver CS","2023","Unknown","Social Research","5","[c]","[c]","[c]"
"Leaver CS","2023","Unknown","Statistics","5","[c]","[c]","[c]"
"Leaver CS","2023","Unknown","Unknown","2035","[c]","38310","33130"
"Leaver CS","2023","Unknown","Veterinarian","[c]","[c]","[c]","[c]"
"Leaver Dept.","2023","Analysis","Digital, Data and Technology","[c]","[c]","[c]","[c]"
"Leaver Dept.","2023","Analysis","Economics","135","[c]","45600","38280"
"Leaver Dept.","2023","Analysis","Geography","[c]","[c]","[c]","[c]"
"Leaver Dept.","2023","Analysis","Intelligence Analysis","5","[c]","[c]","[c]"
"Leaver Dept.","2023","Analysis","Knowledge and Information Management","[c]","[c]","[c]","[c]"
"Leaver Dept.","2023","Analysis","Operational Delivery","30","[c]","34810","32680"
"Leaver Dept.","2023","Analysis","Operational Research","50","[c]","40880","38520"
"Leaver Dept.","2023","Analysis","Other","10","[c]","[c]","[c]"
"Leaver Dept.","2023","Analysis","Policy","[c]","[c]","[c]","[c]"
"Leaver Dept.","2023","Analysis","Project Delivery","[c]","[c]","[c]","[c]"
"Leaver Dept.","2023","Analysis","Science and Engineering","35","[c]","42450","39890"
"Leaver Dept.","2023","Analysis","Social Research","95","[c]","41640","39710"
"Leaver Dept.","2023","Analysis","Statistics","180","[c]","37980","34000"
"Leaver Dept.","2023","Analysis","Tax","[c]","[c]","[c]","[c]"
"Leaver Dept.","2023","Analysis","Unknown","15","[c]","41360","39630"
"Leaver Dept.","2023","Commercial","Commercial","225","[c]","37840","38130"
"Leaver Dept.","2023","Commercial","Finance","[c]","[c]","[c]","[c]"
"Leaver Dept.","2023","Commercial","Operational Delivery","5","[c]","[c]","[c]"
"Leaver Dept.","2023","Commercial","Other","[c]","[c]","[c]","[c]"
"Leaver Dept.","2023","Commercial","Policy","[c]","[c]","[c]","[c]"
"Leaver Dept.","2023","Commercial","Project Delivery","[c]","[c]","[c]","[c]"
"Leaver Dept.","2023","Commercial","Unknown","50","[c]","45730","43620"
"Leaver Dept.","2023","Communications","Communications","220","[c]","39360","34900"
"Leaver Dept.","2023","Communications","Operational Delivery","5","[c]","[c]","[c]"
"Leaver Dept.","2023","Communications","Policy","[c]","[c]","[c]","[c]"
"Leaver Dept.","2023","Communications","Unknown","70","[c]","42990","40600"
"Leaver Dept.","2023","Counter Fraud","Commercial","[c]","[c]","[c]","[c]"
"Leaver Dept.","2023","Counter Fraud","Counter Fraud","185","[c]","30960","28120"
"Leaver Dept.","2023","Counter Fraud","Intelligence Analysis","[c]","[c]","[c]","[c]"
"Leaver Dept.","2023","Counter Fraud","Legal","55","[c]","[c]","[c]"
"Leaver Dept.","2023","Counter Fraud","Operational Delivery","30","[c]","[c]","[c]"
"Leaver Dept.","2023","Counter Fraud","Operational Research","[c]","[c]","[c]","[c]"
"Leaver Dept.","2023","Counter Fraud","Other","30","[c]","27320","27570"
"Leaver Dept.","2023","Counter Fraud","Tax","10","[c]","[c]","[c]"
"Leaver Dept.","2023","Counter Fraud","Unknown","15","[c]","35860","36170"
"Leaver Dept.","2023","Debt","Operational Delivery","90","[c]","[c]","[c]"
"Leaver Dept.","2023","Debt","Other","60","[c]","23340","21690"
"Leaver Dept.","2023","Debt","Tax","40","[c]","[c]","[c]"
"Leaver Dept.","2023","Digital, Data & Technology","Commercial","[c]","[c]","[c]","[c]"
"Leaver Dept.","2023","Digital, Data & Technology","Digital, Data and Technology","610","[c]","41150","37740"
"Leaver Dept.","2023","Digital, Data & Technology","Human Resources","[c]","[c]","[c]","[c]"
"Leaver Dept.","2023","Digital, Data & Technology","Knowledge and Information Management","20","[c]","39280","36740"
"Leaver Dept.","2023","Digital, Data & Technology","Operational Delivery","15","[c]","[c]","[c]"
"Leaver Dept.","2023","Digital, Data & Technology","Other","5","[c]","[c]","[c]"
"Leaver Dept.","2023","Digital, Data & Technology","Policy","[c]","[c]","[c]","[c]"
"Leaver Dept.","2023","Digital, Data & Technology","Project Delivery","10","[c]","[c]","[c]"
"Leaver Dept.","2023","Digital, Data & Technology","Science and Engineering","[c]","[c]","[c]","[c]"
"Leaver Dept.","2023","Digital, Data & Technology","Security","[c]","[c]","[c]","[c]"
"Leaver Dept.","2023","Digital, Data & Technology","Tax","[c]","[c]","[c]","[c]"
"Leaver Dept.","2023","Digital, Data & Technology","Unknown","85","[c]","46710","49700"
"Leaver Dept.","2023","Finance","Commercial","[c]","[c]","[c]","[c]"
"Leaver Dept.","2023","Finance","Corporate Finance","10","[c]","[c]","[c]"
"Leaver Dept.","2023","Finance","Digital, Data and Technology","[c]","[c]","[c]","[c]"
"Leaver Dept.","2023","Finance","Finance","400","[c]","43780","37590"
"Leaver Dept.","2023","Finance","Internal Audit","[c]","[c]","[c]","[c]"
"Leaver Dept.","2023","Finance","Operational Delivery","15","[c]","[c]","[c]"
"Leaver Dept.","2023","Finance","Other","15","[c]","[c]","[c]"
"Leaver Dept.","2023","Finance","Project Delivery","[c]","[c]","[c]","[c]"
"Leaver Dept.","2023","Finance","Tax","[c]","[c]","[c]","[c]"
"Leaver Dept.","2023","Finance","Unknown","15","[c]","48740","46580"
"Leaver Dept.","2023","Grants Management","Operational Delivery","60","[c]","24890","22150"
"Leaver Dept.","2023","Grants Management","Policy","[c]","[c]","[c]","[c]"
"Leaver Dept.","2023","Human Resources","Communications","[c]","[c]","[c]","[c]"
"Leaver Dept.","2023","Human Resources","Digital, Data and Technology","[c]","[c]","[c]","[c]"
"Leaver Dept.","2023","Human Resources","Finance","[c]","[c]","[c]","[c]"
"Leaver Dept.","2023","Human Resources","Human Resources","510","[c]","37450","32960"
"Leaver Dept.","2023","Human Resources","Knowledge and Information Management","[c]","[c]","[c]","[c]"
"Leaver Dept.","2023","Human Resources","Operational Delivery","65","[c]","33990","28120"
"Leaver Dept.","2023","Human Resources","Other","15","[c]","34990","32320"
"Leaver Dept.","2023","Human Resources","Policy","15","[c]","37290","35310"
"Leaver Dept.","2023","Human Resources","Project Delivery","5","[c]","[c]","[c]"
"Leaver Dept.","2023","Human Resources","Tax","[c]","[c]","[c]","[c]"
"Leaver Dept.","2023","Human Resources","Unknown","145","[c]","38360","34280"
"Leaver Dept.","2023","Internal Audit","Internal Audit","20","[c]","42950","42520"
"Leaver Dept.","2023","Legal","Communications","[c]","[c]","[c]","[c]"
"Leaver Dept.","2023","Legal","Finance","[c]","[c]","[c]","[c]"
"Leaver Dept.","2023","Legal","Internal Audit","[c]","[c]","[c]","[c]"
"Leaver Dept.","2023","Legal","Knowledge and Information Management","[c]","[c]","[c]","[c]"
"Leaver Dept.","2023","Legal","Legal","150","[c]","57570","54140"
"Leaver Dept.","2023","Legal","Operational Delivery","110","[c]","29450","27190"
"Leaver Dept.","2023","Legal","Other","10","[c]","[c]","[c]"
"Leaver Dept.","2023","Legal","Policy","5","[c]","[c]","[c]"
"Leaver Dept.","2023","Legal","Project Delivery","[c]","[c]","[c]","[c]"
"Leaver Dept.","2023","Legal","Tax","[c]","[c]","[c]","[c]"
"Leaver Dept.","2023","Legal","Unknown","[c]","[c]","[c]","[c]"
"Leaver Dept.","2023","No function","Commercial","10","[c]","[c]","[c]"
"Leaver Dept.","2023","No function","Communications","25","[c]","42700","42010"
"Leaver Dept.","2023","No function","Counter Fraud","[c]","[c]","[c]","[c]"
"Leaver Dept.","2023","No function","Digital, Data and Technology","30","[c]","56880","45220"
"Leaver Dept.","2023","No function","Economics","25","[c]","51160","53490"
"Leaver Dept.","2023","No function","Finance","5","[c]","[c]","[c]"
"Leaver Dept.","2023","No function","Geography","[c]","[c]","[c]","[c]"
"Leaver Dept.","2023","No function","Human Resources","20","[c]","39610","36180"
"Leaver Dept.","2023","No function","Intelligence Analysis","55","[c]","36660","35040"
"Leaver Dept.","2023","No function","Internal Audit","[c]","[c]","[c]","[c]"
"Leaver Dept.","2023","No function","International Trade","95","[c]","40730","38160"
"Leaver Dept.","2023","No function","Knowledge and Information Management","20","[c]","35290","34640"
"Leaver Dept.","2023","No function","Legal","35","[c]","42460","38370"
"Leaver Dept.","2023","No function","Medicine","[c]","[c]","[c]","[c]"
"Leaver Dept.","2023","No function","Operational Delivery","5200","[c]","29730","27850"
"Leaver Dept.","2023","No function","Operational Research","5","[c]","[c]","[c]"
"Leaver Dept.","2023","No function","Other","140","[c]","38330","34300"
"Leaver Dept.","2023","No function","Planning","10","[c]","[c]","[c]"
"Leaver Dept.","2023","No function","Policy","2005","[c]","45470","41160"
"Leaver Dept.","2023","No function","Project Delivery","95","[c]","45370","42060"
"Leaver Dept.","2023","No function","Psychology","5","[c]","[c]","[c]"
"Leaver Dept.","2023","No function","Science and Engineering","65","[c]","38870","37910"
"Leaver Dept.","2023","No function","Security","[c]","[c]","[c]","[c]"
"Leaver Dept.","2023","No function","Social Research","[c]","[c]","[c]","[c]"
"Leaver Dept.","2023","No function","Statistics","[c]","[c]","[c]","[c]"
"Leaver Dept.","2023","No function","Tax","195","[c]","[c]","[c]"
"Leaver Dept.","2023","No function","Unknown","970","[c]","47990","42230"
"Leaver Dept.","2023","No function","Veterinarian","5","[c]","[c]","[c]"
"Leaver Dept.","2023","Project Delivery","Communications","[c]","[c]","[c]","[c]"
"Leaver Dept.","2023","Project Delivery","Digital, Data and Technology","[c]","[c]","[c]","[c]"
"Leaver Dept.","2023","Project Delivery","Finance","[c]","[c]","[c]","[c]"
"Leaver Dept.","2023","Project Delivery","Inspector of Education and Training","[c]","[c]","[c]","[c]"
"Leaver Dept.","2023","Project Delivery","Knowledge and Information Management","[c]","[c]","[c]","[c]"
"Leaver Dept.","2023","Project Delivery","Operational Delivery","15","[c]","33360","32530"
"Leaver Dept.","2023","Project Delivery","Other","15","[c]","[c]","[c]"
"Leaver Dept.","2023","Project Delivery","Policy","30","[c]","[c]","[c]"
"Leaver Dept.","2023","Project Delivery","Project Delivery","455","[c]","39540","35950"
"Leaver Dept.","2023","Project Delivery","Science and Engineering","[c]","[c]","[c]","[c]"
"Leaver Dept.","2023","Project Delivery","Tax","[c]","[c]","[c]","[c]"
"Leaver Dept.","2023","Project Delivery","Unknown","20","[c]","53460","56550"
"Leaver Dept.","2023","Property","Communications","[c]","[c]","[c]","[c]"
"Leaver Dept.","2023","Property","Digital, Data and Technology","[c]","[c]","[c]","[c]"
"Leaver Dept.","2023","Property","Finance","10","[c]","[c]","[c]"
"Leaver Dept.","2023","Property","Human Resources","[c]","[c]","[c]","[c]"
"Leaver Dept.","2023","Property","Operational Delivery","55","[c]","28860","22520"
"Leaver Dept.","2023","Property","Other","[c]","[c]","[c]","[c]"
"Leaver Dept.","2023","Property","Planning","[c]","[c]","[c]","[c]"
"Leaver Dept.","2023","Property","Policy","[c]","[c]","[c]","[c]"
"Leaver Dept.","2023","Property","Project Delivery","[c]","[c]","[c]","[c]"
"Leaver Dept.","2023","Property","Property","115","[c]","38330","36050"
"Leaver Dept.","2023","Property","Security","[c]","[c]","[c]","[c]"
"Leaver Dept.","2023","Property","Unknown","20","[c]","40590","36900"
"Leaver Dept.","2023","Security","Digital, Data and Technology","[c]","[c]","[c]","[c]"
"Leaver Dept.","2023","Security","Knowledge and Information Management","[c]","[c]","[c]","[c]"
"Leaver Dept.","2023","Security","Security","110","[c]","32750","28850"
"Leaver Dept.","2023","Security","Unknown","110","[c]","34970","33020"
"Leaver Dept.","2023","Unknown","Commercial","[c]","[c]","[c]","[c]"
"Leaver Dept.","2023","Unknown","Communications","[c]","[c]","[c]","[c]"
"Leaver Dept.","2023","Unknown","Digital, Data and Technology","5","[c]","[c]","[c]"
"Leaver Dept.","2023","Unknown","Economics","[c]","[c]","[c]","[c]"
"Leaver Dept.","2023","Unknown","Finance","5","[c]","[c]","[c]"
"Leaver Dept.","2023","Unknown","Human Resources","10","[c]","[c]","[c]"
"Leaver Dept.","2023","Unknown","Knowledge and Information Management","[c]","[c]","[c]","[c]"
"Leaver Dept.","2023","Unknown","Legal","[c]","[c]","[c]","[c]"
"Leaver Dept.","2023","Unknown","Medicine","5","[c]","[c]","[c]"
"Leaver Dept.","2023","Unknown","Operational Delivery","40","[c]","43570","37420"
"Leaver Dept.","2023","Unknown","Other","45","[c]","50080","47640"
"Leaver Dept.","2023","Unknown","Planning","5","[c]","[c]","[c]"
"Leaver Dept.","2023","Unknown","Policy","170","[c]","42840","38470"
"Leaver Dept.","2023","Unknown","Project Delivery","[c]","[c]","[c]","[c]"
"Leaver Dept.","2023","Unknown","Property","[c]","[c]","[c]","[c]"
"Leaver Dept.","2023","Unknown","Science and Engineering","25","[c]","31960","32000"
"Leaver Dept.","2023","Unknown","Social Research","[c]","[c]","[c]","[c]"
"Leaver Dept.","2023","Unknown","Statistics","[c]","[c]","[c]","[c]"
"Leaver Dept.","2023","Unknown","Unknown","1000","[c]","35010","32000"
"New entrant CS","2023","Analysis","Counter Fraud","[c]","[c]","[c]","[c]"
"New entrant CS","2023","Analysis","Digital, Data and Technology","35","[c]","41690","36540"
"New entrant CS","2023","Analysis","Economics","340","[c]","32820","31560"
"New entrant CS","2023","Analysis","Finance","10","[c]","[c]","[c]"
"New entrant CS","2023","Analysis","Intelligence Analysis","10","[c]","32440","31200"
"New entrant CS","2023","Analysis","Knowledge and Information Management","10","[c]","[c]","[c]"
"New entrant CS","2023","Analysis","Legal","[c]","[c]","[c]","[c]"
"New entrant CS","2023","Analysis","Operational Delivery","75","[c]","32520","31060"
"New entrant CS","2023","Analysis","Operational Research","85","[c]","34750","34400"
"New entrant CS","2023","Analysis","Other","130","[c]","36540","32940"
"New entrant CS","2023","Analysis","Policy","25","[c]","35450","34170"
"New entrant CS","2023","Analysis","Project Delivery","[c]","[c]","[c]","[c]"
"New entrant CS","2023","Analysis","Science and Engineering","180","[c]","29530","27330"
"New entrant CS","2023","Analysis","Social Research","195","[c]","35370","34400"
"New entrant CS","2023","Analysis","Statistics","340","[c]","32120","30720"
"New entrant CS","2023","Analysis","Unknown","45","[c]","40770","33400"
"New entrant CS","2023","Commercial","Commercial","630","[c]","38140","32500"
"New entrant CS","2023","Commercial","Communications","[c]","[c]","[c]","[c]"
"New entrant CS","2023","Commercial","Finance","[c]","[c]","[c]","[c]"
"New entrant CS","2023","Commercial","Human Resources","[c]","[c]","[c]","[c]"
"New entrant CS","2023","Commercial","Operational Delivery","50","[c]","38770","34000"
"New entrant CS","2023","Commercial","Other","20","[c]","35020","31880"
"New entrant CS","2023","Commercial","Policy","[c]","[c]","[c]","[c]"
"New entrant CS","2023","Commercial","Project Delivery","[c]","[c]","[c]","[c]"
"New entrant CS","2023","Commercial","Science and Engineering","[c]","[c]","[c]","[c]"
"New entrant CS","2023","Commercial","Statistics","[c]","[c]","[c]","[c]"
"New entrant CS","2023","Commercial","Unknown","25","[c]","68550","65500"
"New entrant CS","2023","Communications","Communications","510","[c]","37440","35410"
"New entrant CS","2023","Communications","Human Resources","[c]","[c]","[c]","[c]"
"New entrant CS","2023","Communications","Knowledge and Information Management","5","[c]","[c]","[c]"
"New entrant CS","2023","Communications","Operational Delivery","15","[c]","56490","42000"
"New entrant CS","2023","Communications","Other","5","[c]","[c]","[c]"
"New entrant CS","2023","Communications","Policy","5","[c]","[c]","[c]"
"New entrant CS","2023","Communications","Project Delivery","[c]","[c]","[c]","[c]"
"New entrant CS","2023","Communications","Unknown","20","[c]","36650","35240"
"New entrant CS","2023","Counter Fraud","Counter Fraud","520","[c]","27730","26920"
"New entrant CS","2023","Counter Fraud","Digital, Data and Technology","[c]","[c]","[c]","[c]"
"New entrant CS","2023","Counter Fraud","Intelligence Analysis","15","[c]","30720","27890"
"New entrant CS","2023","Counter Fraud","Knowledge and Information Management","5","[c]","[c]","[c]"
"New entrant CS","2023","Counter Fraud","Legal","10","[c]","30390","29940"
"New entrant CS","2023","Counter Fraud","Operational Delivery","55","[c]","29020","27890"
"New entrant CS","2023","Counter Fraud","Other","10","[c]","[c]","[c]"
"New entrant CS","2023","Counter Fraud","Policy","[c]","[c]","[c]","[c]"
"New entrant CS","2023","Counter Fraud","Tax","5","[c]","[c]","[c]"
"New entrant CS","2023","Counter Fraud","Unknown","30","[c]","32660","31980"
"New entrant CS","2023","Debt","Operational Delivery","1215","[c]","23130","22520"
"New entrant CS","2023","Debt","Operational Research","[c]","[c]","[c]","[c]"
"New entrant CS","2023","Debt","Other","440","[c]","21740","21690"
"New entrant CS","2023","Debt","Tax","[c]","[c]","[c]","[c]"
"New entrant CS","2023","Debt","Unknown","20","[c]","24340","22520"
"New entrant CS","2023","Digital, Data & Technology","Commercial","[c]","[c]","[c]","[c]"
"New entrant CS","2023","Digital, Data & Technology","Communications","[c]","[c]","[c]","[c]"
"New entrant CS","2023","Digital, Data & Technology","Counter Fraud","[c]","[c]","[c]","[c]"
"New entrant CS","2023","Digital, Data & Technology","Digital, Data and Technology","2730","[c]","40260","37350"
"New entrant CS","2023","Digital, Data & Technology","Economics","[c]","[c]","[c]","[c]"
"New entrant CS","2023","Digital, Data & Technology","Finance","[c]","[c]","[c]","[c]"
"New entrant CS","2023","Digital, Data & Technology","Human Resources","10","[c]","[c]","[c]"
"New entrant CS","2023","Digital, Data & Technology","Intelligence Analysis","[c]","[c]","[c]","[c]"
"New entrant CS","2023","Digital, Data & Technology","Knowledge and Information Management","80","[c]","30000","27080"
"New entrant CS","2023","Digital, Data & Technology","Operational Delivery","60","[c]","26400","21080"
"New entrant CS","2023","Digital, Data & Technology","Other","50","[c]","25140","20660"
"New entrant CS","2023","Digital, Data & Technology","Policy","[c]","[c]","[c]","[c]"
"New entrant CS","2023","Digital, Data & Technology","Project Delivery","25","[c]","33000","32000"
"New entrant CS","2023","Digital, Data & Technology","Science and Engineering","50","[c]","29420","27130"
"New entrant CS","2023","Digital, Data & Technology","Security","[c]","[c]","[c]","[c]"
"New entrant CS","2023","Digital, Data & Technology","Tax","[c]","[c]","[c]","[c]"
"New entrant CS","2023","Digital, Data & Technology","Unknown","185","[c]","42310","36990"
"New entrant CS","2023","Finance","Commercial","25","[c]","37000","38470"
"New entrant CS","2023","Finance","Corporate Finance","20","[c]","38400","38330"
"New entrant CS","2023","Finance","Counter Fraud","[c]","[c]","[c]","[c]"
"New entrant CS","2023","Finance","Digital, Data and Technology","[c]","[c]","[c]","[c]"
"New entrant CS","2023","Finance","Finance","700","[c]","33590","28840"
"New entrant CS","2023","Finance","Human Resources","[c]","[c]","[c]","[c]"
"New entrant CS","2023","Finance","Medicine","[c]","[c]","[c]","[c]"
"New entrant CS","2023","Finance","Operational Delivery","45","[c]","25970","22520"
"New entrant CS","2023","Finance","Other","[c]","[c]","[c]","[c]"
"New entrant CS","2023","Finance","Policy","[c]","[c]","[c]","[c]"
"New entrant CS","2023","Finance","Project Delivery","[c]","[c]","[c]","[c]"
"New entrant CS","2023","Finance","Security","20","[c]","37400","34170"
"New entrant CS","2023","Finance","Unknown","25","[c]","33700","32640"
"New entrant CS","2023","Grants Management","Finance","[c]","[c]","[c]","[c]"
"New entrant CS","2023","Grants Management","Operational Delivery","405","[c]","22840","22150"
"New entrant CS","2023","Grants Management","Science and Engineering","[c]","[c]","[c]","[c]"
"New entrant CS","2023","Human Resources","Communications","[c]","[c]","[c]","[c]"
"New entrant CS","2023","Human Resources","Digital, Data and Technology","[c]","[c]","[c]","[c]"
"New entrant CS","2023","Human Resources","Human Resources","1105","[c]","33170","29970"
"New entrant CS","2023","Human Resources","Knowledge and Information Management","[c]","[c]","[c]","[c]"
"New entrant CS","2023","Human Resources","Operational Delivery","20","[c]","30310","21690"
"New entrant CS","2023","Human Resources","Other","5","[c]","[c]","[c]"
"New entrant CS","2023","Human Resources","Project Delivery","[c]","[c]","[c]","[c]"
"New entrant CS","2023","Human Resources","Unknown","25","[c]","36190","34400"
"New entrant CS","2023","Internal Audit","Internal Audit","60","[c]","44200","41000"
"New entrant CS","2023","Legal","Communications","[c]","[c]","[c]","[c]"
"New entrant CS","2023","Legal","Digital, Data and Technology","[c]","[c]","[c]","[c]"
"New entrant CS","2023","Legal","Finance","15","[c]","20520","19560"
"New entrant CS","2023","Legal","Knowledge and Information Management","[c]","[c]","[c]","[c]"
"New entrant CS","2023","Legal","Legal","815","[c]","44560","45230"
"New entrant CS","2023","Legal","Operational Delivery","680","[c]","23770","22870"
"New entrant CS","2023","Legal","Other","5","[c]","[c]","[c]"
"New entrant CS","2023","Legal","Policy","10","[c]","42430","35920"
"New entrant CS","2023","Legal","Project Delivery","[c]","[c]","[c]","[c]"
"New entrant CS","2023","Legal","Property","[c]","[c]","[c]","[c]"
"New entrant CS","2023","Legal","Science and Engineering","[c]","[c]","[c]","[c]"
"New entrant CS","2023","Legal","Tax","[c]","[c]","[c]","[c]"
"New entrant CS","2023","Legal","Unknown","10","[c]","[c]","[c]"
"New entrant CS","2023","No function","Commercial","10","[c]","29610","28480"
"New entrant CS","2023","No function","Communications","20","[c]","39050","38050"
"New entrant CS","2023","No function","Counter Fraud","10","[c]","[c]","[c]"
"New entrant CS","2023","No function","Digital, Data and Technology","45","[c]","48620","43000"
"New entrant CS","2023","No function","Economics","35","[c]","41820","37120"
"New entrant CS","2023","No function","Finance","20","[c]","34090","29750"
"New entrant CS","2023","No function","Geography","50","[c]","27650","27610"
"New entrant CS","2023","No function","Human Resources","10","[c]","40340","27880"
"New entrant CS","2023","No function","Inspector of Education and Training","275","[c]","62690","52750"
"New entrant CS","2023","No function","Intelligence Analysis","130","[c]","29720","27110"
"New entrant CS","2023","No function","International Trade","495","[c]","41090","40460"
"New entrant CS","2023","No function","Knowledge and Information Management","80","[c]","29850","28120"
"New entrant CS","2023","No function","Medicine","310","[c]","52590","40590"
"New entrant CS","2023","No function","Operational Delivery","29485","[c]","25930","23640"
"New entrant CS","2023","No function","Operational Research","100","[c]","25160","22520"
"New entrant CS","2023","No function","Other","720","[c]","28320","22920"
"New entrant CS","2023","No function","Planning","10","[c]","38040","35390"
"New entrant CS","2023","No function","Planning Inspectors","85","[c]","48840","43740"
"New entrant CS","2023","No function","Policy","1900","[c]","37790","34030"
"New entrant CS","2023","No function","Project Delivery","100","[c]","39590","36000"
"New entrant CS","2023","No function","Property","[c]","[c]","[c]","[c]"
"New entrant CS","2023","No function","Psychology","155","[c]","30130","28480"
"New entrant CS","2023","No function","Science and Engineering","850","[c]","34300","32500"
"New entrant CS","2023","No function","Security","5","[c]","[c]","[c]"
"New entrant CS","2023","No function","Social Research","10","[c]","[c]","[c]"
"New entrant CS","2023","No function","Statistics","25","[c]","26390","23500"
"New entrant CS","2023","No function","Tax","225","[c]","35310","34400"
"New entrant CS","2023","No function","Unknown","805","[c]","31340","26920"
"New entrant CS","2023","No function","Veterinarian","40","[c]","35120","37300"
"New entrant CS","2023","Project Delivery","Communications","10","[c]","[c]","[c]"
"New entrant CS","2023","Project Delivery","Digital, Data and Technology","5","[c]","[c]","[c]"
"New entrant CS","2023","Project Delivery","Finance","[c]","[c]","[c]","[c]"
"New entrant CS","2023","Project Delivery","Inspector of Education and Training","5","[c]","[c]","[c]"
"New entrant CS","2023","Project Delivery","Knowledge and Information Management","10","[c]","[c]","[c]"
"New entrant CS","2023","Project Delivery","Medicine","5","[c]","[c]","[c]"
"New entrant CS","2023","Project Delivery","Operational Delivery","175","[c]","31870","27840"
"New entrant CS","2023","Project Delivery","Operational Research","25","[c]","35840","30650"
"New entrant CS","2023","Project Delivery","Other","40","[c]","26790","21780"
"New entrant CS","2023","Project Delivery","Policy","50","[c]","37700","34840"
"New entrant CS","2023","Project Delivery","Project Delivery","1300","[c]","37750","34110"
"New entrant CS","2023","Project Delivery","Science and Engineering","160","[c]","37280","33500"
"New entrant CS","2023","Project Delivery","Statistics","[c]","[c]","[c]","[c]"
"New entrant CS","2023","Project Delivery","Unknown","10","[c]","55330","34400"
"New entrant CS","2023","Property","Communications","[c]","[c]","[c]","[c]"
"New entrant CS","2023","Property","Digital, Data and Technology","10","[c]","55880","53010"
"New entrant CS","2023","Property","Finance","25","[c]","42470","40000"
"New entrant CS","2023","Property","Human Resources","[c]","[c]","[c]","[c]"
"New entrant CS","2023","Property","Operational Delivery","145","[c]","24250","22520"
"New entrant CS","2023","Property","Other","35","[c]","28270","24350"
"New entrant CS","2023","Property","Project Delivery","[c]","[c]","[c]","[c]"
"New entrant CS","2023","Property","Property","680","[c]","33210","29000"
"New entrant CS","2023","Property","Unknown","10","[c]","44590","39140"
"New entrant CS","2023","Security","Digital, Data and Technology","10","[c]","[c]","[c]"
"New entrant CS","2023","Security","Finance","[c]","[c]","[c]","[c]"
"New entrant CS","2023","Security","Human Resources","5","[c]","[c]","[c]"
"New entrant CS","2023","Security","Knowledge and Information Management","[c]","[c]","[c]","[c]"
"New entrant CS","2023","Security","Policy","[c]","[c]","[c]","[c]"
"New entrant CS","2023","Security","Project Delivery","[c]","[c]","[c]","[c]"
"New entrant CS","2023","Security","Security","785","[c]","30140","27500"
"New entrant CS","2023","Security","Unknown","165","[c]","26900","24330"
"New entrant CS","2023","Unknown","Communications","10","[c]","[c]","[c]"
"New entrant CS","2023","Unknown","Digital, Data and Technology","10","[c]","38720","35690"
"New entrant CS","2023","Unknown","Economics","5","[c]","[c]","[c]"
"New entrant CS","2023","Unknown","Finance","5","[c]","[c]","[c]"
"New entrant CS","2023","Unknown","Human Resources","60","[c]","22360","22150"
"New entrant CS","2023","Unknown","Inspector of Education and Training","30","[c]","36970","36590"
"New entrant CS","2023","Unknown","Knowledge and Information Management","[c]","[c]","[c]","[c]"
"New entrant CS","2023","Unknown","Legal","20","[c]","52690","53440"
"New entrant CS","2023","Unknown","Medicine","20","[c]","52690","54090"
"New entrant CS","2023","Unknown","Operational Delivery","90","[c]","31680","27890"
"New entrant CS","2023","Unknown","Other","265","[c]","26770","24150"
"New entrant CS","2023","Unknown","Planning","[c]","[c]","[c]","[c]"
"New entrant CS","2023","Unknown","Planning Inspectors","[c]","[c]","[c]","[c]"
"New entrant CS","2023","Unknown","Policy","130","[c]","34340","32460"
"New entrant CS","2023","Unknown","Project Delivery","[c]","[c]","[c]","[c]"
"New entrant CS","2023","Unknown","Property","[c]","[c]","[c]","[c]"
"New entrant CS","2023","Unknown","Psychology","5","[c]","[c]","[c]"
"New entrant CS","2023","Unknown","Science and Engineering","285","[c]","31140","28840"
"New entrant CS","2023","Unknown","Social Research","20","[c]","31980","32460"
"New entrant CS","2023","Unknown","Statistics","10","[c]","[c]","[c]"
"New entrant CS","2023","Unknown","Unknown","3730","[c]","31780","29100"
"Notes","Summary figures are suppressed when information relates to less than 5 civil servants for FTE or Headcount, and less than 10 civil servants for median and mean salary (shown as [c]). Zero responses and salaries for less than 30 civil servants have been suppressed for GPDR special category data. FTE figures are not shown for entrants or leavers due to data quality concerns for these groups. Figures are rounded to the nearest 5, or 10 as appropriate.","","","","","",""
"Data source","All figures are aggregated from the Cabinet Office Annual Civil Service Employment Survey collection. https://www.gov.uk/government/collections/civil-service-statistics","","","","","",""
"Version","Generated on 2023-07-26, with GIT d545f65.","","","","","",""
"Data column","Description","","","","","",""
"Status","Employment status of the civil servants.","","","","","",""
"","In post - includes staff that were in post on the reference date (31 March).","","","","","",""
"","New entrant CS - includes new entrants to the Civil Service over the year (1 April to 31 March).","","","","","",""
"","Leaver CS - includes leavers from the Civil Service over the year (1 April to 31 March). This includes employees who have an Unknown leaving cause.","","","","","",""
"","Leaver Dept. - includes leavers from the department over the year (1 April to 31 March), who did not leave the Civil Service.","","","","","",""
"","Four organisations do not report when their employees first entered the Civil Service and so entrants data for these organisations is not available . These are as follows: Foreign Commonwealth and Development Office (excl. agencies), Foreign Commonwealth and Development Office Services, Scottish Forestry and Forest and Land Scotland. A further three organisations also could not provide entrants data in 2021. These are as follows: Department for International Development, Foreign and Commonwealth Office (excl. agencies) and Royal Fleet Auxiliary.","","","","","",""
"Year","Year of data collection (as at 31 March).","","","","","",""
"Function_of_post","Functions relate to the post occupied by the person and are not dependent on qualifications the individual may have.","","","","","",""
"","Welsh Government and Royal Fleet Auxiliary did not report any functions information for their employees.","","","","","",""
"","Of the 20 bodies under the Scottish Government, 16 did not report any functions information for their employees.","","","","","",""
"Profession_of_post","Professions relate to the post occupied by the person and are not dependent on qualifications the individual may have.","","","","","",""
"","Of the 20 bodies under the Scottish Government, 16 did not report any professions information for their employees.","","","","","",""
"Headcount","Total number of civil servants (rounded to nearest 5).","","","","","",""
"FTE","Total full-time equivalent (FTE) employment numbers (rounded to nearest 5).","","","","","",""
"","FTE figures are not shown for entrants or leavers due to data quality concerns for these groups.","","","","","",""
"Mean_salary","Average salary (mean, rounded to nearest 10). For part-time employees, salaries represent the full-time equivalent earnings, while for full-time employees they are the actual annual gross salaries.","","","","","",""
"","These figures should be interpreted with caution when the total number of employees in a group is small, as they will tend to show more variability than larger groups (i.e. may be much higher or lower than can be explained by the data shown).","","","","","",""
"Median_salary","Median salary (rounded to nearest 10). For part-time employees, salaries represent the full-time equivalent earnings, while for full-time employees they are the actual annual gross salaries.","","","","","",""
"","These figures should be interpreted with caution when the total number of employees in a group is small, as they will tend to show more variability than larger groups (i.e. may be much higher or lower than can be explained by the data shown).","","","","","",""
