"Status","Year","Disability","Region_ITL2","Region_london","Headcount","FTE","Mean_salary","Median_salary"
"In post","2023","Declared disabled","Bedfordshire and Hertfordshire","Outside London","600","550","33590","31280"
"In post","2023","Declared disabled","Berkshire, Buckinghamshire and Oxfordshire","Outside London","1120","1055","34080","31280"
"In post","2023","Declared disabled","Cheshire","Outside London","550","500","31800","28120"
"In post","2023","Declared disabled","Cornwall and Isles of Scilly","Outside London","255","230","27880","28120"
"In post","2023","Declared disabled","Cumbria","Outside London","360","325","29410","25980"
"In post","2023","Declared disabled","Derbyshire and Nottinghamshire","Outside London","1975","1810","31600","28120"
"In post","2023","Declared disabled","Devon","Outside London","1235","1110","31110","28120"
"In post","2023","Declared disabled","Dorset and Somerset","Outside London","745","690","31220","28120"
"In post","2023","Declared disabled","East Anglia","Outside London","1660","1515","30940","28120"
"In post","2023","Declared disabled","East Wales","Outside London","2025","1880","33850","29890"
"In post","2023","Declared disabled","East Yorkshire and Northern Lincolnshire","Outside London","635","570","29150","28120"
"In post","2023","Declared disabled","Eastern Scotland","Outside London","2225","2070","35730","31540"
"In post","2023","Declared disabled","Essex","Outside London","650","585","31170","31280"
"In post","2023","Declared disabled","Gloucestershire, Wiltshire and Bath/Bristol area","Outside London","3680","3475","37390","34170"
"In post","2023","Declared disabled","Greater Manchester","Outside London","2730","2530","33000","28120"
"In post","2023","Declared disabled","Hampshire and Isle of Wight","Outside London","1980","1800","33700","30650"
"In post","2023","Declared disabled","Herefordshire, Worcestershire and Warwickshire","Outside London","535","485","30140","28120"
"In post","2023","Declared disabled","Highlands and Islands","Outside London","190","175","29850","28120"
"In post","2023","Declared disabled","Inner London - East","London","1985","1880","41240","35410"
"In post","2023","Declared disabled","Inner London - West","London","5780","5590","47140","42170"
"In post","2023","Declared disabled","Kent","Outside London","1105","1020","31430","31280"
"In post","2023","Declared disabled","Lancashire","Outside London","2325","2075","29290","28120"
"In post","2023","Declared disabled","Leicestershire, Rutland and Northamptonshire","Outside London","880","790","28320","28120"
"In post","2023","Declared disabled","Lincolnshire","Outside London","480","440","29890","28120"
"In post","2023","Declared disabled","Merseyside","Outside London","2710","2440","30270","28120"
"In post","2023","Declared disabled","North Eastern Scotland","Outside London","155","145","34880","29450"
"In post","2023","Declared disabled","North Yorkshire","Outside London","605","570","33170","29050"
"In post","2023","Declared disabled","Northern Ireland","Outside London","380","355","31840","28130"
"In post","2023","Declared disabled","Northumberland, and Tyne and Wear","Outside London","2885","2555","29700","28120"
"In post","2023","Declared disabled","Outer London - East and North East","London","640","585","32170","32520"
"In post","2023","Declared disabled","Outer London - South","London","1260","1185","39250","34370"
"In post","2023","Declared disabled","Outer London - West and North West","London","920","840","34190","32520"
"In post","2023","Declared disabled","Overseas","Overseas","185","185","49120","44760"
"In post","2023","Declared disabled","Shropshire and Staffordshire","Outside London","1235","1140","32200","28120"
"In post","2023","Declared disabled","South Yorkshire","Outside London","1470","1320","32630","28120"
"In post","2023","Declared disabled","Southern Scotland","Outside London","495","435","29910","28120"
"In post","2023","Declared disabled","Surrey, East and West Sussex","Outside London","1170","1055","31350","28120"
"In post","2023","Declared disabled","Tees Valley and Durham","Outside London","1425","1275","29970","28120"
"In post","2023","Declared disabled","Unknown","Unknown","120","110","34170","28120"
"In post","2023","Declared disabled","West Central Scotland","Outside London","2255","2045","31260","28120"
"In post","2023","Declared disabled","West Midlands","Outside London","2675","2425","31230","28120"
"In post","2023","Declared disabled","West Wales and The Valleys","Outside London","2200","1950","28040","27450"
"In post","2023","Declared disabled","West Yorkshire","Outside London","2290","2100","33040","28130"
"In post","2023","Declared non-disabled","Bedfordshire and Hertfordshire","Outside London","3075","2870","34930","31280"
"In post","2023","Declared non-disabled","Berkshire, Buckinghamshire and Oxfordshire","Outside London","5800","5495","35650","32380"
"In post","2023","Declared non-disabled","Cheshire","Outside London","2460","2295","34000","30410"
"In post","2023","Declared non-disabled","Cornwall and Isles of Scilly","Outside London","1170","1070","29120","28120"
"In post","2023","Declared non-disabled","Cumbria","Outside London","1565","1445","30720","26850"
"In post","2023","Declared non-disabled","Derbyshire and Nottinghamshire","Outside London","9025","8410","34330","30330"
"In post","2023","Declared non-disabled","Devon","Outside London","6575","6050","34670","31580"
"In post","2023","Declared non-disabled","Dorset and Somerset","Outside London","3600","3350","32490","28880"
"In post","2023","Declared non-disabled","East Anglia","Outside London","8560","7965","32440","28880"
"In post","2023","Declared non-disabled","East Wales","Outside London","14080","13255","37110","32310"
"In post","2023","Declared non-disabled","East Yorkshire and Northern Lincolnshire","Outside London","3515","3210","30500","28120"
"In post","2023","Declared non-disabled","Eastern Scotland","Outside London","11125","10505","39070","34100"
"In post","2023","Declared non-disabled","Essex","Outside London","2980","2745","32210","31280"
"In post","2023","Declared non-disabled","Gloucestershire, Wiltshire and Bath/Bristol area","Outside London","19615","18630","39550","35710"
"In post","2023","Declared non-disabled","Greater Manchester","Outside London","13970","13210","34800","30410"
"In post","2023","Declared non-disabled","Hampshire and Isle of Wight","Outside London","9430","8775","35610","32060"
"In post","2023","Declared non-disabled","Herefordshire, Worcestershire and Warwickshire","Outside London","2715","2535","31110","28120"
"In post","2023","Declared non-disabled","Highlands and Islands","Outside London","1370","1285","31640","28120"
"In post","2023","Declared non-disabled","Inner London - East","London","11145","10655","45410","39790"
"In post","2023","Declared non-disabled","Inner London - West","London","35915","34835","50790","47420"
"In post","2023","Declared non-disabled","Kent","Outside London","5610","5235","31570","30810"
"In post","2023","Declared non-disabled","Lancashire","Outside London","10055","9210","31410","28120"
"In post","2023","Declared non-disabled","Leicestershire, Rutland and Northamptonshire","Outside London","4110","3765","30250","28120"
"In post","2023","Declared non-disabled","Lincolnshire","Outside London","2020","1900","31080","28120"
"In post","2023","Declared non-disabled","Merseyside","Outside London","14070","13010","31810","28120"
"In post","2023","Declared non-disabled","North Eastern Scotland","Outside London","1065","990","40690","33390"
"In post","2023","Declared non-disabled","North Yorkshire","Outside London","3135","2980","34980","31260"
"In post","2023","Declared non-disabled","Northern Ireland","Outside London","2605","2475","31750","28130"
"In post","2023","Declared non-disabled","Northumberland, and Tyne and Wear","Outside London","15385","14050","32500","28120"
"In post","2023","Declared non-disabled","Outer London - East and North East","London","2875","2650","33060","32520"
"In post","2023","Declared non-disabled","Outer London - South","London","7715","7295","41090","36180"
"In post","2023","Declared non-disabled","Outer London - West and North West","London","5795","5385","35190","32520"
"In post","2023","Declared non-disabled","Overseas","Overseas","1950","1945","51790","48980"
"In post","2023","Declared non-disabled","Shropshire and Staffordshire","Outside London","6090","5725","33910","30440"
"In post","2023","Declared non-disabled","South Yorkshire","Outside London","7135","6520","34540","30810"
"In post","2023","Declared non-disabled","Southern Scotland","Outside London","3285","2995","31360","28120"
"In post","2023","Declared non-disabled","Surrey, East and West Sussex","Outside London","5875","5400","33600","29730"
"In post","2023","Declared non-disabled","Tees Valley and Durham","Outside London","6850","6285","31400","28130"
"In post","2023","Declared non-disabled","Unknown","Unknown","590","560","35920","28880"
"In post","2023","Declared non-disabled","West Central Scotland","Outside London","12235","11420","34390","29100"
"In post","2023","Declared non-disabled","West Midlands","Outside London","13325","12355","33270","28120"
"In post","2023","Declared non-disabled","West Wales and The Valleys","Outside London","12355","11280","31060","28120"
"In post","2023","Declared non-disabled","West Yorkshire","Outside London","12370","11510","35150","31270"
"In post","2023","Undeclared","Bedfordshire and Hertfordshire","Outside London","255","245","35180","32420"
"In post","2023","Undeclared","Berkshire, Buckinghamshire and Oxfordshire","Outside London","775","725","38480","35710"
"In post","2023","Undeclared","Cheshire","Outside London","265","245","32730","31660"
"In post","2023","Undeclared","Cornwall and Isles of Scilly","Outside London","90","80","29980","28120"
"In post","2023","Undeclared","Cumbria","Outside London","135","120","28930","25920"
"In post","2023","Undeclared","Derbyshire and Nottinghamshire","Outside London","800","745","34330","31780"
"In post","2023","Undeclared","Devon","Outside London","445","405","32290","29050"
"In post","2023","Undeclared","Dorset and Somerset","Outside London","375","345","32910","31150"
"In post","2023","Undeclared","East Anglia","Outside London","1010","925","34050","32910"
"In post","2023","Undeclared","East Wales","Outside London","875","820","34430","31060"
"In post","2023","Undeclared","East Yorkshire and Northern Lincolnshire","Outside London","365","330","32480","32920"
"In post","2023","Undeclared","Eastern Scotland","Outside London","550","515","35710","29730"
"In post","2023","Undeclared","Essex","Outside London","245","225","33640","31280"
"In post","2023","Undeclared","Gloucestershire, Wiltshire and Bath/Bristol area","Outside London","1785","1690","40820","38560"
"In post","2023","Undeclared","Greater Manchester","Outside London","1235","1160","34310","32160"
"In post","2023","Undeclared","Hampshire and Isle of Wight","Outside London","930","855","33650","32060"
"In post","2023","Undeclared","Herefordshire, Worcestershire and Warwickshire","Outside London","375","350","32180","30410"
"In post","2023","Undeclared","Highlands and Islands","Outside London","45","40","30690","27450"
"In post","2023","Undeclared","Inner London - East","London","1055","1005","44620","39450"
"In post","2023","Undeclared","Inner London - West","London","3170","3085","49590","45750"
"In post","2023","Undeclared","Kent","Outside London","655","610","32290","31280"
"In post","2023","Undeclared","Lancashire","Outside London","950","865","31410","28120"
"In post","2023","Undeclared","Leicestershire, Rutland and Northamptonshire","Outside London","415","385","30320","28120"
"In post","2023","Undeclared","Lincolnshire","Outside London","245","230","31440","29050"
"In post","2023","Undeclared","Merseyside","Outside London","895","825","32980","28130"
"In post","2023","Undeclared","North Eastern Scotland","Outside London","50","50","45480","32950"
"In post","2023","Undeclared","North Yorkshire","Outside London","340","325","35830","32920"
"In post","2023","Undeclared","Northern Ireland","Outside London","215","205","31580","28130"
"In post","2023","Undeclared","Northumberland, and Tyne and Wear","Outside London","1055","975","32440","28120"
"In post","2023","Undeclared","Outer London - East and North East","London","280","260","33660","32520"
"In post","2023","Undeclared","Outer London - South","London","600","570","42100","36380"
"In post","2023","Undeclared","Outer London - West and North West","London","780","725","42710","36700"
"In post","2023","Undeclared","Overseas","Overseas","140","140","54080","53970"
"In post","2023","Undeclared","Shropshire and Staffordshire","Outside London","620","575","33660","31270"
"In post","2023","Undeclared","South Yorkshire","Outside London","575","535","34730","32420"
"In post","2023","Undeclared","Southern Scotland","Outside London","145","135","31580","28120"
"In post","2023","Undeclared","Surrey, East and West Sussex","Outside London","620","575","35580","32920"
"In post","2023","Undeclared","Tees Valley and Durham","Outside London","740","655","32090","32060"
"In post","2023","Undeclared","Unknown","Unknown","50","50","34730","31200"
"In post","2023","Undeclared","West Central Scotland","Outside London","745","690","32990","28120"
"In post","2023","Undeclared","West Midlands","Outside London","1005","940","33870","28120"
"In post","2023","Undeclared","West Wales and The Valleys","Outside London","940","850","30450","27450"
"In post","2023","Undeclared","West Yorkshire","Outside London","1070","990","35300","32920"
"In post","2023","Unknown","Bedfordshire and Hertfordshire","Outside London","840","805","35910","31890"
"In post","2023","Unknown","Berkshire, Buckinghamshire and Oxfordshire","Outside London","1600","1530","34180","30940"
"In post","2023","Unknown","Cheshire","Outside London","1230","1195","36090","34670"
"In post","2023","Unknown","Cornwall and Isles of Scilly","Outside London","210","190","29450","23990"
"In post","2023","Unknown","Cumbria","Outside London","410","380","29160","25920"
"In post","2023","Unknown","Derbyshire and Nottinghamshire","Outside London","2550","2430","31310","28130"
"In post","2023","Unknown","Devon","Outside London","1290","1230","30690","27500"
"In post","2023","Unknown","Dorset and Somerset","Outside London","845","800","32380","28120"
"In post","2023","Unknown","East Anglia","Outside London","1845","1740","31400","28080"
"In post","2023","Unknown","East Wales","Outside London","4295","4080","33080","28890"
"In post","2023","Unknown","East Yorkshire and Northern Lincolnshire","Outside London","560","540","28270","27400"
"In post","2023","Unknown","Eastern Scotland","Outside London","7815","7420","37390","33520"
"In post","2023","Unknown","Essex","Outside London","670","635","29420","25880"
"In post","2023","Unknown","Gloucestershire, Wiltshire and Bath/Bristol area","Outside London","5475","5275","36860","33580"
"In post","2023","Unknown","Greater Manchester","Outside London","4370","4215","32850","28880"
"In post","2023","Unknown","Hampshire and Isle of Wight","Outside London","3535","3270","33190","28360"
"In post","2023","Unknown","Herefordshire, Worcestershire and Warwickshire","Outside London","490","470","28990","27080"
"In post","2023","Unknown","Highlands and Islands","Outside London","430","400","31580","29520"
"In post","2023","Unknown","Inner London - East","London","4550","4395","43020","39450"
"In post","2023","Unknown","Inner London - West","London","14320","14060","47810","43170"
"In post","2023","Unknown","Kent","Outside London","1710","1655","29140","25880"
"In post","2023","Unknown","Lancashire","Outside London","1590","1500","29740","27740"
"In post","2023","Unknown","Leicestershire, Rutland and Northamptonshire","Outside London","795","745","28570","25880"
"In post","2023","Unknown","Lincolnshire","Outside London","335","325","29410","27080"
"In post","2023","Unknown","Merseyside","Outside London","5240","4980","28020","25750"
"In post","2023","Unknown","North Eastern Scotland","Outside London","640","600","35150","32590"
"In post","2023","Unknown","North Yorkshire","Outside London","730","700","33070","28750"
"In post","2023","Unknown","Northern Ireland","Outside London","1345","1280","29460","25880"
"In post","2023","Unknown","Northumberland, and Tyne and Wear","Outside London","4315","3945","30390","27650"
"In post","2023","Unknown","Outer London - East and North East","London","450","430","32110","32110"
"In post","2023","Unknown","Outer London - South","London","2765","2690","37850","32540"
"In post","2023","Unknown","Outer London - West and North West","London","1725","1660","32580","29890"
"In post","2023","Unknown","Overseas","Overseas","1235","1230","56510","55830"
"In post","2023","Unknown","Shropshire and Staffordshire","Outside London","1420","1365","33390","28880"
"In post","2023","Unknown","South Yorkshire","Outside London","2145","2070","30910","25880"
"In post","2023","Unknown","Southern Scotland","Outside London","2290","2125","32850","28130"
"In post","2023","Unknown","Surrey, East and West Sussex","Outside London","1120","1045","33060","28880"
"In post","2023","Unknown","Tees Valley and Durham","Outside London","1605","1525","28990","26770"
"In post","2023","Unknown","Unknown","Unknown","1955","1935","41280","39260"
"In post","2023","Unknown","West Central Scotland","Outside London","6390","6070","33650","29450"
"In post","2023","Unknown","West Midlands","Outside London","3950","3755","31800","28120"
"In post","2023","Unknown","West Wales and The Valleys","Outside London","1885","1765","29350","25620"
"In post","2023","Unknown","West Yorkshire","Outside London","3920","3755","32310","28130"
"Leaver CS","2023","Declared disabled","Bedfordshire and Hertfordshire","Outside London","60","[c]","31930","29290"
"Leaver CS","2023","Declared disabled","Berkshire, Buckinghamshire and Oxfordshire","Outside London","140","[c]","34720","29290"
"Leaver CS","2023","Declared disabled","Cheshire","Outside London","45","[c]","[c]","[c]"
"Leaver CS","2023","Declared disabled","Cornwall and Isles of Scilly","Outside London","25","[c]","[c]","[c]"
"Leaver CS","2023","Declared disabled","Cumbria","Outside London","25","[c]","[c]","[c]"
"Leaver CS","2023","Declared disabled","Derbyshire and Nottinghamshire","Outside London","155","[c]","28250","27570"
"Leaver CS","2023","Declared disabled","Devon","Outside London","110","[c]","28020","22520"
"Leaver CS","2023","Declared disabled","Dorset and Somerset","Outside London","65","[c]","29190","27570"
"Leaver CS","2023","Declared disabled","East Anglia","Outside London","175","[c]","29970","27570"
"Leaver CS","2023","Declared disabled","East Wales","Outside London","175","[c]","31740","26670"
"Leaver CS","2023","Declared disabled","East Yorkshire and Northern Lincolnshire","Outside London","50","[c]","27740","26930"
"Leaver CS","2023","Declared disabled","Eastern Scotland","Outside London","175","[c]","33860","28120"
"Leaver CS","2023","Declared disabled","Essex","Outside London","75","[c]","30550","29290"
"Leaver CS","2023","Declared disabled","Gloucestershire, Wiltshire and Bath/Bristol area","Outside London","280","[c]","33530","29270"
"Leaver CS","2023","Declared disabled","Greater Manchester","Outside London","235","[c]","28200","24100"
"Leaver CS","2023","Declared disabled","Hampshire and Isle of Wight","Outside London","200","[c]","30200","27570"
"Leaver CS","2023","Declared disabled","Herefordshire, Worcestershire and Warwickshire","Outside London","45","[c]","25010","21780"
"Leaver CS","2023","Declared disabled","Highlands and Islands","Outside London","20","[c]","[c]","[c]"
"Leaver CS","2023","Declared disabled","Inner London - East","London","200","[c]","38050","32520"
"Leaver CS","2023","Declared disabled","Inner London - West","London","460","[c]","46320","40050"
"Leaver CS","2023","Declared disabled","Kent","Outside London","85","[c]","27540","25880"
"Leaver CS","2023","Declared disabled","Lancashire","Outside London","145","[c]","27410","21690"
"Leaver CS","2023","Declared disabled","Leicestershire, Rutland and Northamptonshire","Outside London","80","[c]","26080","26840"
"Leaver CS","2023","Declared disabled","Lincolnshire","Outside London","35","[c]","[c]","[c]"
"Leaver CS","2023","Declared disabled","Merseyside","Outside London","200","[c]","28450","26380"
"Leaver CS","2023","Declared disabled","North Eastern Scotland","Outside London","10","[c]","[c]","[c]"
"Leaver CS","2023","Declared disabled","North Yorkshire","Outside London","50","[c]","28740","27120"
"Leaver CS","2023","Declared disabled","Northern Ireland","Outside London","25","[c]","[c]","[c]"
"Leaver CS","2023","Declared disabled","Northumberland, and Tyne and Wear","Outside London","200","[c]","28680","25830"
"Leaver CS","2023","Declared disabled","Outer London - East and North East","London","65","[c]","30660","31400"
"Leaver CS","2023","Declared disabled","Outer London - South","London","90","[c]","36190","32520"
"Leaver CS","2023","Declared disabled","Outer London - West and North West","London","85","[c]","32910","31060"
"Leaver CS","2023","Declared disabled","Overseas","Overseas","[c]","[c]","[c]","[c]"
"Leaver CS","2023","Declared disabled","Shropshire and Staffordshire","Outside London","140","[c]","27030","27570"
"Leaver CS","2023","Declared disabled","South Yorkshire","Outside London","100","[c]","29970","27570"
"Leaver CS","2023","Declared disabled","Southern Scotland","Outside London","35","[c]","[c]","[c]"
"Leaver CS","2023","Declared disabled","Surrey, East and West Sussex","Outside London","125","[c]","29830","27570"
"Leaver CS","2023","Declared disabled","Tees Valley and Durham","Outside London","115","[c]","27920","27250"
"Leaver CS","2023","Declared disabled","Unknown","Unknown","15","[c]","[c]","[c]"
"Leaver CS","2023","Declared disabled","West Central Scotland","Outside London","155","[c]","30010","26000"
"Leaver CS","2023","Declared disabled","West Midlands","Outside London","225","[c]","28980","27570"
"Leaver CS","2023","Declared disabled","West Wales and The Valleys","Outside London","160","[c]","26230","21840"
"Leaver CS","2023","Declared disabled","West Yorkshire","Outside London","175","[c]","30320","28120"
"Leaver CS","2023","Declared non-disabled","Bedfordshire and Hertfordshire","Outside London","345","[c]","32720","29290"
"Leaver CS","2023","Declared non-disabled","Berkshire, Buckinghamshire and Oxfordshire","Outside London","650","[c]","34110","29290"
"Leaver CS","2023","Declared non-disabled","Cheshire","Outside London","205","[c]","31490","27570"
"Leaver CS","2023","Declared non-disabled","Cornwall and Isles of Scilly","Outside London","110","[c]","29460","27210"
"Leaver CS","2023","Declared non-disabled","Cumbria","Outside London","150","[c]","29660","25640"
"Leaver CS","2023","Declared non-disabled","Derbyshire and Nottinghamshire","Outside London","745","[c]","31740","27570"
"Leaver CS","2023","Declared non-disabled","Devon","Outside London","580","[c]","32880","28080"
"Leaver CS","2023","Declared non-disabled","Dorset and Somerset","Outside London","350","[c]","30560","27570"
"Leaver CS","2023","Declared non-disabled","East Anglia","Outside London","825","[c]","31420","27570"
"Leaver CS","2023","Declared non-disabled","East Wales","Outside London","895","[c]","34200","28120"
"Leaver CS","2023","Declared non-disabled","East Yorkshire and Northern Lincolnshire","Outside London","245","[c]","29220","27580"
"Leaver CS","2023","Declared non-disabled","Eastern Scotland","Outside London","765","[c]","34810","28120"
"Leaver CS","2023","Declared non-disabled","Essex","Outside London","370","[c]","31950","29290"
"Leaver CS","2023","Declared non-disabled","Gloucestershire, Wiltshire and Bath/Bristol area","Outside London","1720","[c]","36320","32550"
"Leaver CS","2023","Declared non-disabled","Greater Manchester","Outside London","1125","[c]","31230","27570"
"Leaver CS","2023","Declared non-disabled","Hampshire and Isle of Wight","Outside London","930","[c]","31580","27190"
"Leaver CS","2023","Declared non-disabled","Herefordshire, Worcestershire and Warwickshire","Outside London","320","[c]","28350","26660"
"Leaver CS","2023","Declared non-disabled","Highlands and Islands","Outside London","120","[c]","27600","26220"
"Leaver CS","2023","Declared non-disabled","Inner London - East","London","1290","[c]","45160","37960"
"Leaver CS","2023","Declared non-disabled","Inner London - West","London","3080","[c]","47050","42530"
"Leaver CS","2023","Declared non-disabled","Kent","Outside London","480","[c]","30910","29290"
"Leaver CS","2023","Declared non-disabled","Lancashire","Outside London","675","[c]","29960","26760"
"Leaver CS","2023","Declared non-disabled","Leicestershire, Rutland and Northamptonshire","Outside London","455","[c]","28010","26830"
"Leaver CS","2023","Declared non-disabled","Lincolnshire","Outside London","220","[c]","29230","27570"
"Leaver CS","2023","Declared non-disabled","Merseyside","Outside London","810","[c]","29800","27320"
"Leaver CS","2023","Declared non-disabled","North Eastern Scotland","Outside London","85","[c]","36580","30830"
"Leaver CS","2023","Declared non-disabled","North Yorkshire","Outside London","260","[c]","33610","27480"
"Leaver CS","2023","Declared non-disabled","Northern Ireland","Outside London","140","[c]","32200","23390"
"Leaver CS","2023","Declared non-disabled","Northumberland, and Tyne and Wear","Outside London","950","[c]","30100","25020"
"Leaver CS","2023","Declared non-disabled","Outer London - East and North East","London","290","[c]","31210","31060"
"Leaver CS","2023","Declared non-disabled","Outer London - South","London","500","[c]","38080","32520"
"Leaver CS","2023","Declared non-disabled","Outer London - West and North West","London","630","[c]","33420","31060"
"Leaver CS","2023","Declared non-disabled","Overseas","Overseas","40","[c]","52370","43750"
"Leaver CS","2023","Declared non-disabled","Shropshire and Staffordshire","Outside London","590","[c]","27990","27570"
"Leaver CS","2023","Declared non-disabled","South Yorkshire","Outside London","435","[c]","31210","26780"
"Leaver CS","2023","Declared non-disabled","Southern Scotland","Outside London","240","[c]","29570","27570"
"Leaver CS","2023","Declared non-disabled","Surrey, East and West Sussex","Outside London","635","[c]","30640","27570"
"Leaver CS","2023","Declared non-disabled","Tees Valley and Durham","Outside London","500","[c]","28270","22740"
"Leaver CS","2023","Declared non-disabled","Unknown","Unknown","70","[c]","32420","28120"
"Leaver CS","2023","Declared non-disabled","West Central Scotland","Outside London","775","[c]","31430","27570"
"Leaver CS","2023","Declared non-disabled","West Midlands","Outside London","945","[c]","32630","27570"
"Leaver CS","2023","Declared non-disabled","West Wales and The Valleys","Outside London","815","[c]","27790","22500"
"Leaver CS","2023","Declared non-disabled","West Yorkshire","Outside London","920","[c]","34190","28120"
"Leaver CS","2023","Undeclared","Bedfordshire and Hertfordshire","Outside London","25","[c]","[c]","[c]"
"Leaver CS","2023","Undeclared","Berkshire, Buckinghamshire and Oxfordshire","Outside London","70","[c]","37380","29480"
"Leaver CS","2023","Undeclared","Cheshire","Outside London","20","[c]","[c]","[c]"
"Leaver CS","2023","Undeclared","Cornwall and Isles of Scilly","Outside London","10","[c]","[c]","[c]"
"Leaver CS","2023","Undeclared","Cumbria","Outside London","15","[c]","[c]","[c]"
"Leaver CS","2023","Undeclared","Derbyshire and Nottinghamshire","Outside London","80","[c]","29870","28120"
"Leaver CS","2023","Undeclared","Devon","Outside London","40","[c]","33420","29150"
"Leaver CS","2023","Undeclared","Dorset and Somerset","Outside London","40","[c]","31550","32290"
"Leaver CS","2023","Undeclared","East Anglia","Outside London","95","[c]","33430","30180"
"Leaver CS","2023","Undeclared","East Wales","Outside London","60","[c]","31470","27450"
"Leaver CS","2023","Undeclared","East Yorkshire and Northern Lincolnshire","Outside London","35","[c]","[c]","[c]"
"Leaver CS","2023","Undeclared","Eastern Scotland","Outside London","40","[c]","[c]","[c]"
"Leaver CS","2023","Undeclared","Essex","Outside London","45","[c]","[c]","[c]"
"Leaver CS","2023","Undeclared","Gloucestershire, Wiltshire and Bath/Bristol area","Outside London","155","[c]","39470","34470"
"Leaver CS","2023","Undeclared","Greater Manchester","Outside London","100","[c]","32080","26410"
"Leaver CS","2023","Undeclared","Hampshire and Isle of Wight","Outside London","100","[c]","32540","27570"
"Leaver CS","2023","Undeclared","Herefordshire, Worcestershire and Warwickshire","Outside London","45","[c]","[c]","[c]"
"Leaver CS","2023","Undeclared","Highlands and Islands","Outside London","[c]","[c]","[c]","[c]"
"Leaver CS","2023","Undeclared","Inner London - East","London","140","[c]","45930","41470"
"Leaver CS","2023","Undeclared","Inner London - West","London","270","[c]","44980","39030"
"Leaver CS","2023","Undeclared","Kent","Outside London","50","[c]","[c]","[c]"
"Leaver CS","2023","Undeclared","Lancashire","Outside London","70","[c]","29530","24230"
"Leaver CS","2023","Undeclared","Leicestershire, Rutland and Northamptonshire","Outside London","40","[c]","[c]","[c]"
"Leaver CS","2023","Undeclared","Lincolnshire","Outside London","30","[c]","[c]","[c]"
"Leaver CS","2023","Undeclared","Merseyside","Outside London","60","[c]","32950","27810"
"Leaver CS","2023","Undeclared","North Eastern Scotland","Outside London","5","[c]","[c]","[c]"
"Leaver CS","2023","Undeclared","North Yorkshire","Outside London","35","[c]","29970","25970"
"Leaver CS","2023","Undeclared","Northern Ireland","Outside London","10","[c]","[c]","[c]"
"Leaver CS","2023","Undeclared","Northumberland, and Tyne and Wear","Outside London","60","[c]","28340","21780"
"Leaver CS","2023","Undeclared","Outer London - East and North East","London","30","[c]","[c]","[c]"
"Leaver CS","2023","Undeclared","Outer London - South","London","35","[c]","[c]","[c]"
"Leaver CS","2023","Undeclared","Outer London - West and North West","London","60","[c]","40880","32750"
"Leaver CS","2023","Undeclared","Overseas","Overseas","[c]","[c]","[c]","[c]"
"Leaver CS","2023","Undeclared","Shropshire and Staffordshire","Outside London","60","[c]","30940","27510"
"Leaver CS","2023","Undeclared","South Yorkshire","Outside London","30","[c]","[c]","[c]"
"Leaver CS","2023","Undeclared","Southern Scotland","Outside London","5","[c]","[c]","[c]"
"Leaver CS","2023","Undeclared","Surrey, East and West Sussex","Outside London","70","[c]","32460","27570"
"Leaver CS","2023","Undeclared","Tees Valley and Durham","Outside London","65","[c]","[c]","[c]"
"Leaver CS","2023","Undeclared","Unknown","Unknown","[c]","[c]","[c]","[c]"
"Leaver CS","2023","Undeclared","West Central Scotland","Outside London","40","[c]","32650","28120"
"Leaver CS","2023","Undeclared","West Midlands","Outside London","65","[c]","28540","24720"
"Leaver CS","2023","Undeclared","West Wales and The Valleys","Outside London","85","[c]","25960","22500"
"Leaver CS","2023","Undeclared","West Yorkshire","Outside London","90","[c]","35300","28120"
"Leaver CS","2023","Unknown","Bedfordshire and Hertfordshire","Outside London","130","[c]","35100","30610"
"Leaver CS","2023","Unknown","Berkshire, Buckinghamshire and Oxfordshire","Outside London","280","[c]","33790","28410"
"Leaver CS","2023","Unknown","Cheshire","Outside London","125","[c]","34660","32540"
"Leaver CS","2023","Unknown","Cornwall and Isles of Scilly","Outside London","25","[c]","[c]","[c]"
"Leaver CS","2023","Unknown","Cumbria","Outside London","25","[c]","[c]","[c]"
"Leaver CS","2023","Unknown","Derbyshire and Nottinghamshire","Outside London","280","[c]","30990","26780"
"Leaver CS","2023","Unknown","Devon","Outside London","155","[c]","29880","26860"
"Leaver CS","2023","Unknown","Dorset and Somerset","Outside London","100","[c]","30920","27190"
"Leaver CS","2023","Unknown","East Anglia","Outside London","235","[c]","32370","26830"
"Leaver CS","2023","Unknown","East Wales","Outside London","410","[c]","33610","28120"
"Leaver CS","2023","Unknown","East Yorkshire and Northern Lincolnshire","Outside London","70","[c]","26970","25680"
"Leaver CS","2023","Unknown","Eastern Scotland","Outside London","630","[c]","34530","31940"
"Leaver CS","2023","Unknown","Essex","Outside London","130","[c]","33660","25920"
"Leaver CS","2023","Unknown","Gloucestershire, Wiltshire and Bath/Bristol area","Outside London","715","[c]","35110","30650"
"Leaver CS","2023","Unknown","Greater Manchester","Outside London","460","[c]","32250","26780"
"Leaver CS","2023","Unknown","Hampshire and Isle of Wight","Outside London","540","[c]","31730","26130"
"Leaver CS","2023","Unknown","Herefordshire, Worcestershire and Warwickshire","Outside London","70","[c]","27670","23590"
"Leaver CS","2023","Unknown","Highlands and Islands","Outside London","45","[c]","27050","26220"
"Leaver CS","2023","Unknown","Inner London - East","London","475","[c]","43980","38070"
"Leaver CS","2023","Unknown","Inner London - West","London","2230","[c]","43670","38630"
"Leaver CS","2023","Unknown","Kent","Outside London","205","[c]","29490","25750"
"Leaver CS","2023","Unknown","Lancashire","Outside London","165","[c]","27520","22190"
"Leaver CS","2023","Unknown","Leicestershire, Rutland and Northamptonshire","Outside London","155","[c]","24040","21780"
"Leaver CS","2023","Unknown","Lincolnshire","Outside London","40","[c]","[c]","[c]"
"Leaver CS","2023","Unknown","Merseyside","Outside London","420","[c]","25570","22400"
"Leaver CS","2023","Unknown","North Eastern Scotland","Outside London","60","[c]","32330","28110"
"Leaver CS","2023","Unknown","North Yorkshire","Outside London","70","[c]","29510","26160"
"Leaver CS","2023","Unknown","Northern Ireland","Outside London","90","[c]","26070","22970"
"Leaver CS","2023","Unknown","Northumberland, and Tyne and Wear","Outside London","355","[c]","32290","26030"
"Leaver CS","2023","Unknown","Outer London - East and North East","London","110","[c]","32040","30830"
"Leaver CS","2023","Unknown","Outer London - South","London","260","[c]","37910","32330"
"Leaver CS","2023","Unknown","Outer London - West and North West","London","230","[c]","31120","29750"
"Leaver CS","2023","Unknown","Overseas","Overseas","105","[c]","49480","48610"
"Leaver CS","2023","Unknown","Shropshire and Staffordshire","Outside London","165","[c]","29140","23390"
"Leaver CS","2023","Unknown","South Yorkshire","Outside London","180","[c]","32250","26750"
"Leaver CS","2023","Unknown","Southern Scotland","Outside London","175","[c]","29930","28600"
"Leaver CS","2023","Unknown","Surrey, East and West Sussex","Outside London","200","[c]","29570","25770"
"Leaver CS","2023","Unknown","Tees Valley and Durham","Outside London","195","[c]","27960","22520"
"Leaver CS","2023","Unknown","Unknown","Unknown","335","[c]","36560","32700"
"Leaver CS","2023","Unknown","West Central Scotland","Outside London","505","[c]","32130","28120"
"Leaver CS","2023","Unknown","West Midlands","Outside London","460","[c]","31150","25750"
"Leaver CS","2023","Unknown","West Wales and The Valleys","Outside London","225","[c]","25330","22400"
"Leaver CS","2023","Unknown","West Yorkshire","Outside London","530","[c]","37180","30450"
"Leaver Dept.","2023","Declared disabled","Bedfordshire and Hertfordshire","Outside London","10","[c]","[c]","[c]"
"Leaver Dept.","2023","Declared disabled","Berkshire, Buckinghamshire and Oxfordshire","Outside London","10","[c]","[c]","[c]"
"Leaver Dept.","2023","Declared disabled","Cheshire","Outside London","5","[c]","[c]","[c]"
"Leaver Dept.","2023","Declared disabled","Cornwall and Isles of Scilly","Outside London","[c]","[c]","[c]","[c]"
"Leaver Dept.","2023","Declared disabled","Cumbria","Outside London","[c]","[c]","[c]","[c]"
"Leaver Dept.","2023","Declared disabled","Derbyshire and Nottinghamshire","Outside London","40","[c]","30720","28120"
"Leaver Dept.","2023","Declared disabled","Devon","Outside London","25","[c]","[c]","[c]"
"Leaver Dept.","2023","Declared disabled","Dorset and Somerset","Outside London","5","[c]","[c]","[c]"
"Leaver Dept.","2023","Declared disabled","East Anglia","Outside London","20","[c]","[c]","[c]"
"Leaver Dept.","2023","Declared disabled","East Wales","Outside London","45","[c]","34950","31160"
"Leaver Dept.","2023","Declared disabled","East Yorkshire and Northern Lincolnshire","Outside London","10","[c]","[c]","[c]"
"Leaver Dept.","2023","Declared disabled","Eastern Scotland","Outside London","45","[c]","28110","27570"
"Leaver Dept.","2023","Declared disabled","Essex","Outside London","10","[c]","[c]","[c]"
"Leaver Dept.","2023","Declared disabled","Gloucestershire, Wiltshire and Bath/Bristol area","Outside London","55","[c]","36900","32500"
"Leaver Dept.","2023","Declared disabled","Greater Manchester","Outside London","75","[c]","35050","29220"
"Leaver Dept.","2023","Declared disabled","Hampshire and Isle of Wight","Outside London","30","[c]","[c]","[c]"
"Leaver Dept.","2023","Declared disabled","Herefordshire, Worcestershire and Warwickshire","Outside London","5","[c]","[c]","[c]"
"Leaver Dept.","2023","Declared disabled","Highlands and Islands","Outside London","[c]","[c]","[c]","[c]"
"Leaver Dept.","2023","Declared disabled","Inner London - East","London","65","[c]","41640","36680"
"Leaver Dept.","2023","Declared disabled","Inner London - West","London","430","[c]","44030","39150"
"Leaver Dept.","2023","Declared disabled","Kent","Outside London","20","[c]","[c]","[c]"
"Leaver Dept.","2023","Declared disabled","Lancashire","Outside London","35","[c]","30990","28120"
"Leaver Dept.","2023","Declared disabled","Leicestershire, Rutland and Northamptonshire","Outside London","10","[c]","[c]","[c]"
"Leaver Dept.","2023","Declared disabled","Lincolnshire","Outside London","10","[c]","[c]","[c]"
"Leaver Dept.","2023","Declared disabled","Merseyside","Outside London","50","[c]","28240","27030"
"Leaver Dept.","2023","Declared disabled","North Eastern Scotland","Outside London","[c]","[c]","[c]","[c]"
"Leaver Dept.","2023","Declared disabled","North Yorkshire","Outside London","20","[c]","[c]","[c]"
"Leaver Dept.","2023","Declared disabled","Northern Ireland","Outside London","5","[c]","[c]","[c]"
"Leaver Dept.","2023","Declared disabled","Northumberland, and Tyne and Wear","Outside London","55","[c]","28780","27260"
"Leaver Dept.","2023","Declared disabled","Outer London - East and North East","London","10","[c]","[c]","[c]"
"Leaver Dept.","2023","Declared disabled","Outer London - South","London","25","[c]","[c]","[c]"
"Leaver Dept.","2023","Declared disabled","Outer London - West and North West","London","25","[c]","[c]","[c]"
"Leaver Dept.","2023","Declared disabled","Overseas","Overseas","[c]","[c]","[c]","[c]"
"Leaver Dept.","2023","Declared disabled","Shropshire and Staffordshire","Outside London","30","[c]","[c]","[c]"
"Leaver Dept.","2023","Declared disabled","South Yorkshire","Outside London","35","[c]","34400","31990"
"Leaver Dept.","2023","Declared disabled","Southern Scotland","Outside London","5","[c]","[c]","[c]"
"Leaver Dept.","2023","Declared disabled","Surrey, East and West Sussex","Outside London","15","[c]","[c]","[c]"
"Leaver Dept.","2023","Declared disabled","Tees Valley and Durham","Outside London","35","[c]","32710","30810"
"Leaver Dept.","2023","Declared disabled","Unknown","Unknown","10","[c]","[c]","[c]"
"Leaver Dept.","2023","Declared disabled","West Central Scotland","Outside London","50","[c]","26760","25120"
"Leaver Dept.","2023","Declared disabled","West Midlands","Outside London","65","[c]","33820","28120"
"Leaver Dept.","2023","Declared disabled","West Wales and The Valleys","Outside London","35","[c]","27120","27570"
"Leaver Dept.","2023","Declared disabled","West Yorkshire","Outside London","45","[c]","[c]","[c]"
"Leaver Dept.","2023","Declared non-disabled","Bedfordshire and Hertfordshire","Outside London","50","[c]","34500","31280"
"Leaver Dept.","2023","Declared non-disabled","Berkshire, Buckinghamshire and Oxfordshire","Outside London","90","[c]","34110","29680"
"Leaver Dept.","2023","Declared non-disabled","Cheshire","Outside London","75","[c]","30100","27140"
"Leaver Dept.","2023","Declared non-disabled","Cornwall and Isles of Scilly","Outside London","10","[c]","[c]","[c]"
"Leaver Dept.","2023","Declared non-disabled","Cumbria","Outside London","15","[c]","[c]","[c]"
"Leaver Dept.","2023","Declared non-disabled","Derbyshire and Nottinghamshire","Outside London","140","[c]","32360","28120"
"Leaver Dept.","2023","Declared non-disabled","Devon","Outside London","95","[c]","29730","27570"
"Leaver Dept.","2023","Declared non-disabled","Dorset and Somerset","Outside London","35","[c]","[c]","[c]"
"Leaver Dept.","2023","Declared non-disabled","East Anglia","Outside London","115","[c]","31530","28120"
"Leaver Dept.","2023","Declared non-disabled","East Wales","Outside London","320","[c]","36720","31560"
"Leaver Dept.","2023","Declared non-disabled","East Yorkshire and Northern Lincolnshire","Outside London","25","[c]","[c]","[c]"
"Leaver Dept.","2023","Declared non-disabled","Eastern Scotland","Outside London","285","[c]","30730","27570"
"Leaver Dept.","2023","Declared non-disabled","Essex","Outside London","35","[c]","[c]","[c]"
"Leaver Dept.","2023","Declared non-disabled","Gloucestershire, Wiltshire and Bath/Bristol area","Outside London","340","[c]","39600","37150"
"Leaver Dept.","2023","Declared non-disabled","Greater Manchester","Outside London","465","[c]","33130","28120"
"Leaver Dept.","2023","Declared non-disabled","Hampshire and Isle of Wight","Outside London","125","[c]","34170","32420"
"Leaver Dept.","2023","Declared non-disabled","Herefordshire, Worcestershire and Warwickshire","Outside London","40","[c]","[c]","[c]"
"Leaver Dept.","2023","Declared non-disabled","Highlands and Islands","Outside London","15","[c]","[c]","[c]"
"Leaver Dept.","2023","Declared non-disabled","Inner London - East","London","410","[c]","42330","35410"
"Leaver Dept.","2023","Declared non-disabled","Inner London - West","London","2650","[c]","46690","41870"
"Leaver Dept.","2023","Declared non-disabled","Kent","Outside London","95","[c]","29240","29440"
"Leaver Dept.","2023","Declared non-disabled","Lancashire","Outside London","135","[c]","31550","28120"
"Leaver Dept.","2023","Declared non-disabled","Leicestershire, Rutland and Northamptonshire","Outside London","55","[c]","24750","21780"
"Leaver Dept.","2023","Declared non-disabled","Lincolnshire","Outside London","25","[c]","[c]","[c]"
"Leaver Dept.","2023","Declared non-disabled","Merseyside","Outside London","310","[c]","29130","28120"
"Leaver Dept.","2023","Declared non-disabled","North Eastern Scotland","Outside London","10","[c]","[c]","[c]"
"Leaver Dept.","2023","Declared non-disabled","North Yorkshire","Outside London","90","[c]","36260","34020"
"Leaver Dept.","2023","Declared non-disabled","Northern Ireland","Outside London","40","[c]","[c]","[c]"
"Leaver Dept.","2023","Declared non-disabled","Northumberland, and Tyne and Wear","Outside London","410","[c]","30720","28120"
"Leaver Dept.","2023","Declared non-disabled","Outer London - East and North East","London","60","[c]","31900","32520"
"Leaver Dept.","2023","Declared non-disabled","Outer London - South","London","170","[c]","43400","36180"
"Leaver Dept.","2023","Declared non-disabled","Outer London - West and North West","London","125","[c]","33830","32520"
"Leaver Dept.","2023","Declared non-disabled","Overseas","Overseas","20","[c]","[c]","[c]"
"Leaver Dept.","2023","Declared non-disabled","Shropshire and Staffordshire","Outside London","125","[c]","27630","27570"
"Leaver Dept.","2023","Declared non-disabled","South Yorkshire","Outside London","165","[c]","34260","28120"
"Leaver Dept.","2023","Declared non-disabled","Southern Scotland","Outside London","70","[c]","29080","27570"
"Leaver Dept.","2023","Declared non-disabled","Surrey, East and West Sussex","Outside London","105","[c]","32510","28120"
"Leaver Dept.","2023","Declared non-disabled","Tees Valley and Durham","Outside London","135","[c]","32930","28120"
"Leaver Dept.","2023","Declared non-disabled","Unknown","Unknown","45","[c]","34080","32520"
"Leaver Dept.","2023","Declared non-disabled","West Central Scotland","Outside London","360","[c]","28740","27570"
"Leaver Dept.","2023","Declared non-disabled","West Midlands","Outside London","400","[c]","33190","28120"
"Leaver Dept.","2023","Declared non-disabled","West Wales and The Valleys","Outside London","255","[c]","31110","28120"
"Leaver Dept.","2023","Declared non-disabled","West Yorkshire","Outside London","320","[c]","33460","28120"
"Leaver Dept.","2023","Undeclared","Bedfordshire and Hertfordshire","Outside London","[c]","[c]","[c]","[c]"
"Leaver Dept.","2023","Undeclared","Berkshire, Buckinghamshire and Oxfordshire","Outside London","5","[c]","[c]","[c]"
"Leaver Dept.","2023","Undeclared","Cheshire","Outside London","10","[c]","[c]","[c]"
"Leaver Dept.","2023","Undeclared","Cornwall and Isles of Scilly","Outside London","[c]","[c]","[c]","[c]"
"Leaver Dept.","2023","Undeclared","Derbyshire and Nottinghamshire","Outside London","15","[c]","[c]","[c]"
"Leaver Dept.","2023","Undeclared","Devon","Outside London","5","[c]","[c]","[c]"
"Leaver Dept.","2023","Undeclared","Dorset and Somerset","Outside London","[c]","[c]","[c]","[c]"
"Leaver Dept.","2023","Undeclared","East Anglia","Outside London","10","[c]","[c]","[c]"
"Leaver Dept.","2023","Undeclared","East Wales","Outside London","20","[c]","[c]","[c]"
"Leaver Dept.","2023","Undeclared","East Yorkshire and Northern Lincolnshire","Outside London","[c]","[c]","[c]","[c]"
"Leaver Dept.","2023","Undeclared","Eastern Scotland","Outside London","20","[c]","[c]","[c]"
"Leaver Dept.","2023","Undeclared","Essex","Outside London","[c]","[c]","[c]","[c]"
"Leaver Dept.","2023","Undeclared","Gloucestershire, Wiltshire and Bath/Bristol area","Outside London","25","[c]","[c]","[c]"
"Leaver Dept.","2023","Undeclared","Greater Manchester","Outside London","40","[c]","32060","28120"
"Leaver Dept.","2023","Undeclared","Hampshire and Isle of Wight","Outside London","10","[c]","[c]","[c]"
"Leaver Dept.","2023","Undeclared","Herefordshire, Worcestershire and Warwickshire","Outside London","5","[c]","[c]","[c]"
"Leaver Dept.","2023","Undeclared","Inner London - East","London","30","[c]","[c]","[c]"
"Leaver Dept.","2023","Undeclared","Inner London - West","London","220","[c]","46020","41810"
"Leaver Dept.","2023","Undeclared","Kent","Outside London","15","[c]","[c]","[c]"
"Leaver Dept.","2023","Undeclared","Lancashire","Outside London","10","[c]","[c]","[c]"
"Leaver Dept.","2023","Undeclared","Leicestershire, Rutland and Northamptonshire","Outside London","5","[c]","[c]","[c]"
"Leaver Dept.","2023","Undeclared","Merseyside","Outside London","15","[c]","[c]","[c]"
"Leaver Dept.","2023","Undeclared","North Yorkshire","Outside London","[c]","[c]","[c]","[c]"
"Leaver Dept.","2023","Undeclared","Northern Ireland","Outside London","[c]","[c]","[c]","[c]"
"Leaver Dept.","2023","Undeclared","Northumberland, and Tyne and Wear","Outside London","35","[c]","32390","31990"
"Leaver Dept.","2023","Undeclared","Outer London - East and North East","London","[c]","[c]","[c]","[c]"
"Leaver Dept.","2023","Undeclared","Outer London - South","London","10","[c]","[c]","[c]"
"Leaver Dept.","2023","Undeclared","Outer London - West and North West","London","10","[c]","[c]","[c]"
"Leaver Dept.","2023","Undeclared","Overseas","Overseas","[c]","[c]","[c]","[c]"
"Leaver Dept.","2023","Undeclared","Shropshire and Staffordshire","Outside London","15","[c]","[c]","[c]"
"Leaver Dept.","2023","Undeclared","South Yorkshire","Outside London","15","[c]","[c]","[c]"
"Leaver Dept.","2023","Undeclared","Southern Scotland","Outside London","5","[c]","[c]","[c]"
"Leaver Dept.","2023","Undeclared","Surrey, East and West Sussex","Outside London","10","[c]","[c]","[c]"
"Leaver Dept.","2023","Undeclared","Tees Valley and Durham","Outside London","10","[c]","[c]","[c]"
"Leaver Dept.","2023","Undeclared","Unknown","Unknown","[c]","[c]","[c]","[c]"
"Leaver Dept.","2023","Undeclared","West Central Scotland","Outside London","20","[c]","[c]","[c]"
"Leaver Dept.","2023","Undeclared","West Midlands","Outside London","30","[c]","[c]","[c]"
"Leaver Dept.","2023","Undeclared","West Wales and The Valleys","Outside London","25","[c]","[c]","[c]"
"Leaver Dept.","2023","Undeclared","West Yorkshire","Outside London","25","[c]","[c]","[c]"
"Leaver Dept.","2023","Unknown","Bedfordshire and Hertfordshire","Outside London","15","[c]","[c]","[c]"
"Leaver Dept.","2023","Unknown","Berkshire, Buckinghamshire and Oxfordshire","Outside London","35","[c]","[c]","[c]"
"Leaver Dept.","2023","Unknown","Cheshire","Outside London","15","[c]","[c]","[c]"
"Leaver Dept.","2023","Unknown","Cornwall and Isles of Scilly","Outside London","[c]","[c]","[c]","[c]"
"Leaver Dept.","2023","Unknown","Cumbria","Outside London","[c]","[c]","[c]","[c]"
"Leaver Dept.","2023","Unknown","Derbyshire and Nottinghamshire","Outside London","45","[c]","[c]","[c]"
"Leaver Dept.","2023","Unknown","Devon","Outside London","20","[c]","[c]","[c]"
"Leaver Dept.","2023","Unknown","Dorset and Somerset","Outside London","10","[c]","[c]","[c]"
"Leaver Dept.","2023","Unknown","East Anglia","Outside London","25","[c]","[c]","[c]"
"Leaver Dept.","2023","Unknown","East Wales","Outside London","145","[c]","33170","31220"
"Leaver Dept.","2023","Unknown","East Yorkshire and Northern Lincolnshire","Outside London","[c]","[c]","[c]","[c]"
"Leaver Dept.","2023","Unknown","Eastern Scotland","Outside London","90","[c]","40680","32000"
"Leaver Dept.","2023","Unknown","Essex","Outside London","10","[c]","[c]","[c]"
"Leaver Dept.","2023","Unknown","Gloucestershire, Wiltshire and Bath/Bristol area","Outside London","125","[c]","39670","37410"
"Leaver Dept.","2023","Unknown","Greater Manchester","Outside London","175","[c]","35150","32000"
"Leaver Dept.","2023","Unknown","Hampshire and Isle of Wight","Outside London","80","[c]","33960","31060"
"Leaver Dept.","2023","Unknown","Herefordshire, Worcestershire and Warwickshire","Outside London","5","[c]","[c]","[c]"
"Leaver Dept.","2023","Unknown","Inner London - East","London","230","[c]","39500","33250"
"Leaver Dept.","2023","Unknown","Inner London - West","London","1915","[c]","42060","35760"
"Leaver Dept.","2023","Unknown","Kent","Outside London","35","[c]","[c]","[c]"
"Leaver Dept.","2023","Unknown","Lancashire","Outside London","30","[c]","[c]","[c]"
"Leaver Dept.","2023","Unknown","Leicestershire, Rutland and Northamptonshire","Outside London","20","[c]","[c]","[c]"
"Leaver Dept.","2023","Unknown","Lincolnshire","Outside London","[c]","[c]","[c]","[c]"
"Leaver Dept.","2023","Unknown","Merseyside","Outside London","135","[c]","32170","26750"
"Leaver Dept.","2023","Unknown","North Eastern Scotland","Outside London","[c]","[c]","[c]","[c]"
"Leaver Dept.","2023","Unknown","North Yorkshire","Outside London","20","[c]","[c]","[c]"
"Leaver Dept.","2023","Unknown","Northern Ireland","Outside London","30","[c]","[c]","[c]"
"Leaver Dept.","2023","Unknown","Northumberland, and Tyne and Wear","Outside London","135","[c]","29120","27100"
"Leaver Dept.","2023","Unknown","Outer London - East and North East","London","15","[c]","[c]","[c]"
"Leaver Dept.","2023","Unknown","Outer London - South","London","105","[c]","35560","32000"
"Leaver Dept.","2023","Unknown","Outer London - West and North West","London","25","[c]","[c]","[c]"
"Leaver Dept.","2023","Unknown","Overseas","Overseas","30","[c]","[c]","[c]"
"Leaver Dept.","2023","Unknown","Shropshire and Staffordshire","Outside London","25","[c]","[c]","[c]"
"Leaver Dept.","2023","Unknown","South Yorkshire","Outside London","75","[c]","32740","30330"
"Leaver Dept.","2023","Unknown","Southern Scotland","Outside London","50","[c]","[c]","[c]"
"Leaver Dept.","2023","Unknown","Surrey, East and West Sussex","Outside London","15","[c]","[c]","[c]"
"Leaver Dept.","2023","Unknown","Tees Valley and Durham","Outside London","50","[c]","33060","28120"
"Leaver Dept.","2023","Unknown","Unknown","Unknown","100","[c]","33500","32000"
"Leaver Dept.","2023","Unknown","West Central Scotland","Outside London","90","[c]","31060","27650"
"Leaver Dept.","2023","Unknown","West Midlands","Outside London","150","[c]","31960","30260"
"Leaver Dept.","2023","Unknown","West Wales and The Valleys","Outside London","40","[c]","33030","27570"
"Leaver Dept.","2023","Unknown","West Yorkshire","Outside London","225","[c]","34230","32000"
"New entrant CS","2023","Declared disabled","Bedfordshire and Hertfordshire","Outside London","30","[c]","25320","23640"
"New entrant CS","2023","Declared disabled","Berkshire, Buckinghamshire and Oxfordshire","Outside London","60","[c]","29080","28120"
"New entrant CS","2023","Declared disabled","Cheshire","Outside London","35","[c]","27150","23640"
"New entrant CS","2023","Declared disabled","Cornwall and Isles of Scilly","Outside London","5","[c]","[c]","[c]"
"New entrant CS","2023","Declared disabled","Cumbria","Outside London","35","[c]","24750","22150"
"New entrant CS","2023","Declared disabled","Derbyshire and Nottinghamshire","Outside London","125","[c]","26640","23640"
"New entrant CS","2023","Declared disabled","Devon","Outside London","80","[c]","26970","24150"
"New entrant CS","2023","Declared disabled","Dorset and Somerset","Outside London","50","[c]","26970","23850"
"New entrant CS","2023","Declared disabled","East Anglia","Outside London","125","[c]","27030","23640"
"New entrant CS","2023","Declared disabled","East Wales","Outside London","155","[c]","29040","24840"
"New entrant CS","2023","Declared disabled","East Yorkshire and Northern Lincolnshire","Outside London","40","[c]","25230","23640"
"New entrant CS","2023","Declared disabled","Eastern Scotland","Outside London","140","[c]","30370","29100"
"New entrant CS","2023","Declared disabled","Essex","Outside London","30","[c]","25130","23640"
"New entrant CS","2023","Declared disabled","Gloucestershire, Wiltshire and Bath/Bristol area","Outside London","225","[c]","31560","28840"
"New entrant CS","2023","Declared disabled","Greater Manchester","Outside London","195","[c]","28890","24780"
"New entrant CS","2023","Declared disabled","Hampshire and Isle of Wight","Outside London","140","[c]","28370","25100"
"New entrant CS","2023","Declared disabled","Herefordshire, Worcestershire and Warwickshire","Outside London","30","[c]","[c]","[c]"
"New entrant CS","2023","Declared disabled","Highlands and Islands","Outside London","15","[c]","[c]","[c]"
"New entrant CS","2023","Declared disabled","Inner London - East","London","120","[c]","35090","32120"
"New entrant CS","2023","Declared disabled","Inner London - West","London","405","[c]","35990","32940"
"New entrant CS","2023","Declared disabled","Kent","Outside London","70","[c]","26480","25610"
"New entrant CS","2023","Declared disabled","Lancashire","Outside London","105","[c]","24960","23230"
"New entrant CS","2023","Declared disabled","Leicestershire, Rutland and Northamptonshire","Outside London","50","[c]","24090","21780"
"New entrant CS","2023","Declared disabled","Lincolnshire","Outside London","30","[c]","24570","23230"
"New entrant CS","2023","Declared disabled","Merseyside","Outside London","115","[c]","25370","22520"
"New entrant CS","2023","Declared disabled","North Eastern Scotland","Outside London","5","[c]","[c]","[c]"
"New entrant CS","2023","Declared disabled","North Yorkshire","Outside London","65","[c]","29050","26530"
"New entrant CS","2023","Declared disabled","Northern Ireland","Outside London","25","[c]","[c]","[c]"
"New entrant CS","2023","Declared disabled","Northumberland, and Tyne and Wear","Outside London","145","[c]","29280","25460"
"New entrant CS","2023","Declared disabled","Outer London - East and North East","London","10","[c]","[c]","[c]"
"New entrant CS","2023","Declared disabled","Outer London - South","London","45","[c]","32260","27640"
"New entrant CS","2023","Declared disabled","Outer London - West and North West","London","35","[c]","31310","29860"
"New entrant CS","2023","Declared disabled","Overseas","Overseas","[c]","[c]","[c]","[c]"
"New entrant CS","2023","Declared disabled","Shropshire and Staffordshire","Outside London","65","[c]","29420","24070"
"New entrant CS","2023","Declared disabled","South Yorkshire","Outside London","70","[c]","30480","28120"
"New entrant CS","2023","Declared disabled","Southern Scotland","Outside London","25","[c]","[c]","[c]"
"New entrant CS","2023","Declared disabled","Surrey, East and West Sussex","Outside London","80","[c]","29770","26630"
"New entrant CS","2023","Declared disabled","Tees Valley and Durham","Outside London","105","[c]","28490","25660"
"New entrant CS","2023","Declared disabled","Unknown","Unknown","15","[c]","[c]","[c]"
"New entrant CS","2023","Declared disabled","West Central Scotland","Outside London","225","[c]","27620","23450"
"New entrant CS","2023","Declared disabled","West Midlands","Outside London","185","[c]","26680","22520"
"New entrant CS","2023","Declared disabled","West Wales and The Valleys","Outside London","125","[c]","25750","23640"
"New entrant CS","2023","Declared disabled","West Yorkshire","Outside London","155","[c]","27910","24250"
"New entrant CS","2023","Declared non-disabled","Bedfordshire and Hertfordshire","Outside London","250","[c]","29070","26670"
"New entrant CS","2023","Declared non-disabled","Berkshire, Buckinghamshire and Oxfordshire","Outside London","395","[c]","29250","28120"
"New entrant CS","2023","Declared non-disabled","Cheshire","Outside London","205","[c]","29840","28120"
"New entrant CS","2023","Declared non-disabled","Cornwall and Isles of Scilly","Outside London","55","[c]","31670","25920"
"New entrant CS","2023","Declared non-disabled","Cumbria","Outside London","185","[c]","27250","22150"
"New entrant CS","2023","Declared non-disabled","Derbyshire and Nottinghamshire","Outside London","775","[c]","27950","23640"
"New entrant CS","2023","Declared non-disabled","Devon","Outside London","495","[c]","29310","26650"
"New entrant CS","2023","Declared non-disabled","Dorset and Somerset","Outside London","275","[c]","28490","25970"
"New entrant CS","2023","Declared non-disabled","East Anglia","Outside London","700","[c]","28550","27320"
"New entrant CS","2023","Declared non-disabled","East Wales","Outside London","1195","[c]","30600","27500"
"New entrant CS","2023","Declared non-disabled","East Yorkshire and Northern Lincolnshire","Outside London","300","[c]","26980","28880"
"New entrant CS","2023","Declared non-disabled","Eastern Scotland","Outside London","805","[c]","32820","29100"
"New entrant CS","2023","Declared non-disabled","Essex","Outside London","180","[c]","26510","23640"
"New entrant CS","2023","Declared non-disabled","Gloucestershire, Wiltshire and Bath/Bristol area","Outside London","1230","[c]","32530","28880"
"New entrant CS","2023","Declared non-disabled","Greater Manchester","Outside London","1200","[c]","30970","26960"
"New entrant CS","2023","Declared non-disabled","Hampshire and Isle of Wight","Outside London","695","[c]","28020","23640"
"New entrant CS","2023","Declared non-disabled","Herefordshire, Worcestershire and Warwickshire","Outside London","190","[c]","28010","23640"
"New entrant CS","2023","Declared non-disabled","Highlands and Islands","Outside London","70","[c]","26900","22700"
"New entrant CS","2023","Declared non-disabled","Inner London - East","London","940","[c]","40080","34110"
"New entrant CS","2023","Declared non-disabled","Inner London - West","London","2125","[c]","38770","34550"
"New entrant CS","2023","Declared non-disabled","Kent","Outside London","425","[c]","28200","25750"
"New entrant CS","2023","Declared non-disabled","Lancashire","Outside London","655","[c]","27830","24070"
"New entrant CS","2023","Declared non-disabled","Leicestershire, Rutland and Northamptonshire","Outside London","420","[c]","25430","23640"
"New entrant CS","2023","Declared non-disabled","Lincolnshire","Outside London","180","[c]","29820","28120"
"New entrant CS","2023","Declared non-disabled","Merseyside","Outside London","610","[c]","27600","23640"
"New entrant CS","2023","Declared non-disabled","North Eastern Scotland","Outside London","50","[c]","29970","24450"
"New entrant CS","2023","Declared non-disabled","North Yorkshire","Outside London","280","[c]","31920","26350"
"New entrant CS","2023","Declared non-disabled","Northern Ireland","Outside London","140","[c]","29700","22520"
"New entrant CS","2023","Declared non-disabled","Northumberland, and Tyne and Wear","Outside London","1030","[c]","28850","23640"
"New entrant CS","2023","Declared non-disabled","Outer London - East and North East","London","120","[c]","31810","29660"
"New entrant CS","2023","Declared non-disabled","Outer London - South","London","195","[c]","32810","27640"
"New entrant CS","2023","Declared non-disabled","Outer London - West and North West","London","190","[c]","32600","30960"
"New entrant CS","2023","Declared non-disabled","Overseas","Overseas","[c]","[c]","[c]","[c]"
"New entrant CS","2023","Declared non-disabled","Shropshire and Staffordshire","Outside London","530","[c]","31270","28880"
"New entrant CS","2023","Declared non-disabled","South Yorkshire","Outside London","380","[c]","30070","27140"
"New entrant CS","2023","Declared non-disabled","Southern Scotland","Outside London","260","[c]","24900","22520"
"New entrant CS","2023","Declared non-disabled","Surrey, East and West Sussex","Outside London","520","[c]","31910","28880"
"New entrant CS","2023","Declared non-disabled","Tees Valley and Durham","Outside London","695","[c]","29570","28880"
"New entrant CS","2023","Declared non-disabled","Unknown","Unknown","70","[c]","31510","28880"
"New entrant CS","2023","Declared non-disabled","West Central Scotland","Outside London","1065","[c]","30460","27650"
"New entrant CS","2023","Declared non-disabled","West Midlands","Outside London","1200","[c]","28940","23640"
"New entrant CS","2023","Declared non-disabled","West Wales and The Valleys","Outside London","880","[c]","25360","22500"
"New entrant CS","2023","Declared non-disabled","West Yorkshire","Outside London","1120","[c]","30240","27650"
"New entrant CS","2023","Undeclared","Bedfordshire and Hertfordshire","Outside London","15","[c]","[c]","[c]"
"New entrant CS","2023","Undeclared","Berkshire, Buckinghamshire and Oxfordshire","Outside London","10","[c]","[c]","[c]"
"New entrant CS","2023","Undeclared","Cheshire","Outside London","10","[c]","[c]","[c]"
"New entrant CS","2023","Undeclared","Cornwall and Isles of Scilly","Outside London","[c]","[c]","[c]","[c]"
"New entrant CS","2023","Undeclared","Cumbria","Outside London","5","[c]","[c]","[c]"
"New entrant CS","2023","Undeclared","Derbyshire and Nottinghamshire","Outside London","35","[c]","26500","23230"
"New entrant CS","2023","Undeclared","Devon","Outside London","10","[c]","[c]","[c]"
"New entrant CS","2023","Undeclared","Dorset and Somerset","Outside London","10","[c]","[c]","[c]"
"New entrant CS","2023","Undeclared","East Anglia","Outside London","25","[c]","[c]","[c]"
"New entrant CS","2023","Undeclared","East Wales","Outside London","55","[c]","29920","26900"
"New entrant CS","2023","Undeclared","East Yorkshire and Northern Lincolnshire","Outside London","10","[c]","[c]","[c]"
"New entrant CS","2023","Undeclared","Eastern Scotland","Outside London","30","[c]","[c]","[c]"
"New entrant CS","2023","Undeclared","Essex","Outside London","10","[c]","[c]","[c]"
"New entrant CS","2023","Undeclared","Gloucestershire, Wiltshire and Bath/Bristol area","Outside London","70","[c]","32400","30480"
"New entrant CS","2023","Undeclared","Greater Manchester","Outside London","65","[c]","27370","23640"
"New entrant CS","2023","Undeclared","Hampshire and Isle of Wight","Outside London","30","[c]","[c]","[c]"
"New entrant CS","2023","Undeclared","Herefordshire, Worcestershire and Warwickshire","Outside London","10","[c]","[c]","[c]"
"New entrant CS","2023","Undeclared","Inner London - East","London","45","[c]","36040","33800"
"New entrant CS","2023","Undeclared","Inner London - West","London","170","[c]","35950","33800"
"New entrant CS","2023","Undeclared","Kent","Outside London","25","[c]","[c]","[c]"
"New entrant CS","2023","Undeclared","Lancashire","Outside London","20","[c]","[c]","[c]"
"New entrant CS","2023","Undeclared","Leicestershire, Rutland and Northamptonshire","Outside London","25","[c]","[c]","[c]"
"New entrant CS","2023","Undeclared","Lincolnshire","Outside London","10","[c]","[c]","[c]"
"New entrant CS","2023","Undeclared","Merseyside","Outside London","30","[c]","[c]","[c]"
"New entrant CS","2023","Undeclared","North Yorkshire","Outside London","25","[c]","[c]","[c]"
"New entrant CS","2023","Undeclared","Northern Ireland","Outside London","10","[c]","[c]","[c]"
"New entrant CS","2023","Undeclared","Northumberland, and Tyne and Wear","Outside London","40","[c]","27690","22700"
"New entrant CS","2023","Undeclared","Outer London - East and North East","London","[c]","[c]","[c]","[c]"
"New entrant CS","2023","Undeclared","Outer London - South","London","15","[c]","[c]","[c]"
"New entrant CS","2023","Undeclared","Outer London - West and North West","London","10","[c]","[c]","[c]"
"New entrant CS","2023","Undeclared","Shropshire and Staffordshire","Outside London","25","[c]","[c]","[c]"
"New entrant CS","2023","Undeclared","South Yorkshire","Outside London","30","[c]","[c]","[c]"
"New entrant CS","2023","Undeclared","Southern Scotland","Outside London","5","[c]","[c]","[c]"
"New entrant CS","2023","Undeclared","Surrey, East and West Sussex","Outside London","30","[c]","[c]","[c]"
"New entrant CS","2023","Undeclared","Tees Valley and Durham","Outside London","30","[c]","28130","24820"
"New entrant CS","2023","Undeclared","Unknown","Unknown","5","[c]","[c]","[c]"
"New entrant CS","2023","Undeclared","West Central Scotland","Outside London","50","[c]","29090","27570"
"New entrant CS","2023","Undeclared","West Midlands","Outside London","70","[c]","26930","22500"
"New entrant CS","2023","Undeclared","West Wales and The Valleys","Outside London","45","[c]","23940","22500"
"New entrant CS","2023","Undeclared","West Yorkshire","Outside London","45","[c]","27300","26300"
"New entrant CS","2023","Unknown","Bedfordshire and Hertfordshire","Outside London","245","[c]","29550","26560"
"New entrant CS","2023","Unknown","Berkshire, Buckinghamshire and Oxfordshire","Outside London","490","[c]","31670","27880"
"New entrant CS","2023","Unknown","Cheshire","Outside London","270","[c]","31530","28880"
"New entrant CS","2023","Unknown","Cornwall and Isles of Scilly","Outside London","70","[c]","29720","22500"
"New entrant CS","2023","Unknown","Cumbria","Outside London","100","[c]","28130","23640"
"New entrant CS","2023","Unknown","Derbyshire and Nottinghamshire","Outside London","670","[c]","27670","23390"
"New entrant CS","2023","Unknown","Devon","Outside London","395","[c]","28140","25750"
"New entrant CS","2023","Unknown","Dorset and Somerset","Outside London","265","[c]","27450","25750"
"New entrant CS","2023","Unknown","East Anglia","Outside London","615","[c]","27640","23390"
"New entrant CS","2023","Unknown","East Wales","Outside London","810","[c]","28360","25750"
"New entrant CS","2023","Unknown","East Yorkshire and Northern Lincolnshire","Outside London","170","[c]","26610","25750"
"New entrant CS","2023","Unknown","Eastern Scotland","Outside London","1540","[c]","31720","29100"
"New entrant CS","2023","Unknown","Essex","Outside London","265","[c]","27210","25750"
"New entrant CS","2023","Unknown","Gloucestershire, Wiltshire and Bath/Bristol area","Outside London","2060","[c]","31550","27500"
"New entrant CS","2023","Unknown","Greater Manchester","Outside London","1050","[c]","29290","25830"
"New entrant CS","2023","Unknown","Hampshire and Isle of Wight","Outside London","1230","[c]","29620","26780"
"New entrant CS","2023","Unknown","Herefordshire, Worcestershire and Warwickshire","Outside London","200","[c]","26330","24070"
"New entrant CS","2023","Unknown","Highlands and Islands","Outside London","115","[c]","26910","24710"
"New entrant CS","2023","Unknown","Inner London - East","London","825","[c]","36180","32980"
"New entrant CS","2023","Unknown","Inner London - West","London","2490","[c]","36840","33800"
"New entrant CS","2023","Unknown","Kent","Outside London","770","[c]","25960","25750"
"New entrant CS","2023","Unknown","Lancashire","Outside London","395","[c]","26720","23640"
"New entrant CS","2023","Unknown","Leicestershire, Rutland and Northamptonshire","Outside London","320","[c]","25840","23230"
"New entrant CS","2023","Unknown","Lincolnshire","Outside London","170","[c]","28100","26780"
"New entrant CS","2023","Unknown","Merseyside","Outside London","2160","[c]","24270","22400"
"New entrant CS","2023","Unknown","North Eastern Scotland","Outside London","100","[c]","30260","29100"
"New entrant CS","2023","Unknown","North Yorkshire","Outside London","210","[c]","30390","27110"
"New entrant CS","2023","Unknown","Northern Ireland","Outside London","370","[c]","26070","22520"
"New entrant CS","2023","Unknown","Northumberland, and Tyne and Wear","Outside London","605","[c]","28160","23640"
"New entrant CS","2023","Unknown","Outer London - East and North East","London","175","[c]","31050","30780"
"New entrant CS","2023","Unknown","Outer London - South","London","940","[c]","31110","29750"
"New entrant CS","2023","Unknown","Outer London - West and North West","London","885","[c]","31350","29750"
"New entrant CS","2023","Unknown","Overseas","Overseas","65","[c]","48990","45690"
"New entrant CS","2023","Unknown","Shropshire and Staffordshire","Outside London","500","[c]","30800","27500"
"New entrant CS","2023","Unknown","South Yorkshire","Outside London","1070","[c]","26400","25750"
"New entrant CS","2023","Unknown","Southern Scotland","Outside London","310","[c]","26120","23190"
"New entrant CS","2023","Unknown","Surrey, East and West Sussex","Outside London","380","[c]","30170","26750"
"New entrant CS","2023","Unknown","Tees Valley and Durham","Outside London","675","[c]","26610","23390"
"New entrant CS","2023","Unknown","Unknown","Unknown","270","[c]","25080","22400"
"New entrant CS","2023","Unknown","West Central Scotland","Outside London","1835","[c]","27930","24710"
"New entrant CS","2023","Unknown","West Midlands","Outside London","1090","[c]","27110","23230"
"New entrant CS","2023","Unknown","West Wales and The Valleys","Outside London","395","[c]","25000","22500"
"New entrant CS","2023","Unknown","West Yorkshire","Outside London","940","[c]","28530","25750"
"Notes","Summary figures are suppressed when information relates to less than 5 civil servants for FTE or Headcount, and less than 10 civil servants for median and mean salary (shown as [c]). Zero responses and salaries for less than 30 civil servants have been suppressed for GPDR special category data. FTE figures are not shown for entrants or leavers due to data quality concerns for these groups. Figures are rounded to the nearest 5, or 10 as appropriate.","","","","","","",""
"Data source","All figures are aggregated from the Cabinet Office Annual Civil Service Employment Survey collection. https://www.gov.uk/government/collections/civil-service-statistics","","","","","","",""
"Version","Generated on 2023-07-26, with GIT d545f65.","","","","","","",""
"Data column","Description","","","","","","",""
"Status","Employment status of the civil servants.","","","","","","",""
"","In post - includes staff that were in post on the reference date (31 March).","","","","","","",""
"","New entrant CS - includes new entrants to the Civil Service over the year (1 April to 31 March).","","","","","","",""
"","Leaver CS - includes leavers from the Civil Service over the year (1 April to 31 March). This includes employees who have an Unknown leaving cause.","","","","","","",""
"","Leaver Dept. - includes leavers from the department over the year (1 April to 31 March), who did not leave the Civil Service.","","","","","","",""
"","Four organisations do not report when their employees first entered the Civil Service and so entrants data for these organisations is not available . These are as follows: Foreign Commonwealth and Development Office (excl. agencies), Foreign Commonwealth and Development Office Services, Scottish Forestry and Forest and Land Scotland. A further three organisations also could not provide entrants data in 2021. These are as follows: Department for International Development, Foreign and Commonwealth Office (excl. agencies) and Royal Fleet Auxiliary.","","","","","","",""
"Year","Year of data collection (as at 31 March).","","","","","","",""
"Region_london","Workplace postcode data are used to derive geographical information using the International Territorial Level (ITL) classification standard.","","","","","","",""
"","Region_london groups the ITL classifications into ""London"", ""Outside London"": all UK regions excluding London, ""Overseas"", and ""Unknown"".","","","","","","",""
"Region_ITL2","Workplace postcode data are used to derive geographical information using the International Territorial Level (ITL) classification standard.","","","","","","",""
"","Following the UK's withdrawal from the EU, a new UK-managed international statistical geography - International Territorial Levels (ITL) - was introduced from 1st January 2021, replacing the former NUTS classification. They align with international standards, enabling comparability both over time and internationally. To ensure continued alignment, the ITLs mirror the NUTS system. They also follow a similar review timetable - every three years.","","","","","","",""
"","ITL 2 divides into Northern Ireland, counties in England (most grouped), groups of districts in Greater London, groups of unitary authorities in Wales, groups of council areas in Scotland.","","","","","","",""
"Disability","Self reported disability.","","","","","","",""
"","""Undeclared"" accounts for employees who have actively declared that they do not want to disclose their disability status and ""Unknown"" accounts for employees who have not made an active declaration about their disability status.","","","","","","",""
"Headcount","Total number of civil servants (rounded to nearest 5).","","","","","","",""
"FTE","Total full-time equivalent (FTE) employment numbers (rounded to nearest 5).","","","","","","",""
"","FTE figures are not shown for entrants or leavers due to data quality concerns for these groups.","","","","","","",""
"Mean_salary","Average salary (mean, rounded to nearest 10). For part-time employees, salaries represent the full-time equivalent earnings, while for full-time employees they are the actual annual gross salaries.","","","","","","",""
"","These figures should be interpreted with caution when the total number of employees in a group is small, as they will tend to show more variability than larger groups (i.e. may be much higher or lower than can be explained by the data shown).","","","","","","",""
"Median_salary","Median salary (rounded to nearest 10). For part-time employees, salaries represent the full-time equivalent earnings, while for full-time employees they are the actual annual gross salaries.","","","","","","",""
"","These figures should be interpreted with caution when the total number of employees in a group is small, as they will tend to show more variability than larger groups (i.e. may be much higher or lower than can be explained by the data shown).","","","","","","",""
