"Status","Year","Parent_department","Responsibility_level_ungrouped","Headcount","FTE","Mean_salary","Median_salary"
"In post","2023","Attorney General's Departments","AA","10","10","20610","21050"
"In post","2023","Attorney General's Departments","AO","1640","1515","23240","22870"
"In post","2023","Attorney General's Departments","EO","1995","1880","28570","28200"
"In post","2023","Attorney General's Departments","G6","1195","1105","70510","68520"
"In post","2023","Attorney General's Departments","G7","3930","3650","56320","55170"
"In post","2023","Attorney General's Departments","HEO","915","885","34620","33300"
"In post","2023","Attorney General's Departments","SCS level","330","315","89360","84730"
"In post","2023","Attorney General's Departments","SEO","710","695","40510","40080"
"In post","2023","Cabinet Office","AO","440","410","22560","21720"
"In post","2023","Cabinet Office","EO","875","835","27000","27110"
"In post","2023","Cabinet Office","G6","1125","1110","70340","66530"
"In post","2023","Cabinet Office","G7","2730","2670","57970","56430"
"In post","2023","Cabinet Office","HEO","3030","2990","32360","32960"
"In post","2023","Cabinet Office","SCS level","725","710","103430","95360"
"In post","2023","Cabinet Office","SEO","1300","1275","40720","41200"
"In post","2023","Chancellor's other departments","AO","5","5","[c]","[c]"
"In post","2023","Chancellor's other departments","EO","50","50","29520","30090"
"In post","2023","Chancellor's other departments","G6","130","115","89570","82510"
"In post","2023","Chancellor's other departments","G7","85","85","56030","56500"
"In post","2023","Chancellor's other departments","HEO","65","60","37320","37690"
"In post","2023","Chancellor's other departments","SCS level","15","15","117080","113910"
"In post","2023","Chancellor's other departments","SEO","75","75","46920","46700"
"In post","2023","Charity Commission","AO","20","20","21520","21100"
"In post","2023","Charity Commission","EO","120","115","25720","25300"
"In post","2023","Charity Commission","G6","25","25","64840","63870"
"In post","2023","Charity Commission","G7","55","55","53170","52240"
"In post","2023","Charity Commission","HEO","170","160","30490","30170"
"In post","2023","Charity Commission","SCS level","5","5","[c]","[c]"
"In post","2023","Charity Commission","SEO","105","100","39420","38800"
"In post","2023","Competition and Markets Authority","AO","25","25","23310","23200"
"In post","2023","Competition and Markets Authority","EO","60","60","28730","28760"
"In post","2023","Competition and Markets Authority","G6","225","220","77260","76720"
"In post","2023","Competition and Markets Authority","G7","245","235","58310","57540"
"In post","2023","Competition and Markets Authority","HEO","160","155","35460","34620"
"In post","2023","Competition and Markets Authority","SCS level","125","120","109770","102320"
"In post","2023","Competition and Markets Authority","SEO","65","65","44850","44000"
"In post","2023","Department for Business, Energy and Industrial Strategy","AA","110","105","19710","20200"
"In post","2023","Department for Business, Energy and Industrial Strategy","AO","1265","1155","22710","22180"
"In post","2023","Department for Business, Energy and Industrial Strategy","EO","1830","1735","27110","26180"
"In post","2023","Department for Business, Energy and Industrial Strategy","G6","1130","1085","67540","66790"
"In post","2023","Department for Business, Energy and Industrial Strategy","G7","3305","3210","55440","55120"
"In post","2023","Department for Business, Energy and Industrial Strategy","HEO","2975","2865","34410","34410"
"In post","2023","Department for Business, Energy and Industrial Strategy","SCS level","415","395","85990","78230"
"In post","2023","Department for Business, Energy and Industrial Strategy","SEO","3390","3280","42310","41360"
"In post","2023","Department for Digital, Culture, Media and Sport","AO","5","5","[c]","[c]"
"In post","2023","Department for Digital, Culture, Media and Sport","EO","170","170","27860","27780"
"In post","2023","Department for Digital, Culture, Media and Sport","G6","230","225","65410","64440"
"In post","2023","Department for Digital, Culture, Media and Sport","G7","705","695","54680","53030"
"In post","2023","Department for Digital, Culture, Media and Sport","HEO","705","700","36810","35620"
"In post","2023","Department for Digital, Culture, Media and Sport","SCS level","120","110","87060","78670"
"In post","2023","Department for Education","AO","95","85","22840","22020"
"In post","2023","Department for Education","EO","785","755","27490","26940"
"In post","2023","Department for Education","G6","980","945","66240","65780"
"In post","2023","Department for Education","G7","2310","2230","53610","52150"
"In post","2023","Department for Education","HEO","1630","1570","32170","31080"
"In post","2023","Department for Education","SCS level","300","285","85020","76800"
"In post","2023","Department for Education","SEO","2375","2295","39960","38070"
"In post","2023","Department for Education","Unknown","10","10","[c]","[c]"
"In post","2023","Department for Environment, Food and Rural Affairs","AA","5","5","[c]","[c]"
"In post","2023","Department for Environment, Food and Rural Affairs","AO","2530","2330","22530","22150"
"In post","2023","Department for Environment, Food and Rural Affairs","EO","2240","2120","26820","25920"
"In post","2023","Department for Environment, Food and Rural Affairs","G6","765","740","62700","62360"
"In post","2023","Department for Environment, Food and Rural Affairs","G7","2225","2150","51950","50340"
"In post","2023","Department for Environment, Food and Rural Affairs","HEO","2400","2320","31760","30810"
"In post","2023","Department for Environment, Food and Rural Affairs","SCS level","235","230","83710","78170"
"In post","2023","Department for Environment, Food and Rural Affairs","SEO","2630","2525","38940","37710"
"In post","2023","Department for Environment, Food and Rural Affairs","Unknown","35","30","[c]","[c]"
"In post","2023","Department for International Trade","AO","25","25","27960","28660"
"In post","2023","Department for International Trade","EO","300","295","29030","29280"
"In post","2023","Department for International Trade","G6","350","345","67810","65980"
"In post","2023","Department for International Trade","G7","1010","995","56260","55390"
"In post","2023","Department for International Trade","HEO","700","695","35010","35010"
"In post","2023","Department for International Trade","SCS level","190","185","88250","78430"
"In post","2023","Department for International Trade","SEO","960","950","42070","41550"
"In post","2023","Department for Levelling Up, Housing and Communities","AA","5","5","[c]","[c]"
"In post","2023","Department for Levelling Up, Housing and Communities","AO","190","175","23400","23250"
"In post","2023","Department for Levelling Up, Housing and Communities","EO","350","335","28600","28850"
"In post","2023","Department for Levelling Up, Housing and Communities","G6","705","660","66410","64970"
"In post","2023","Department for Levelling Up, Housing and Communities","G7","1225","1185","53400","54630"
"In post","2023","Department for Levelling Up, Housing and Communities","HEO","795","770","33740","33880"
"In post","2023","Department for Levelling Up, Housing and Communities","SCS level","185","175","87600","79290"
"In post","2023","Department for Levelling Up, Housing and Communities","SEO","725","710","40700","40800"
"In post","2023","Department for Transport","AA","1160","925","19310","19000"
"In post","2023","Department for Transport","AO","4410","3935","23580","22500"
"In post","2023","Department for Transport","EO","4135","3875","28450","27450"
"In post","2023","Department for Transport","G6","645","625","70980","68020"
"In post","2023","Department for Transport","G7","1585","1550","57330","55740"
"In post","2023","Department for Transport","HEO","2340","2275","34130","32950"
"In post","2023","Department for Transport","SCS level","275","265","89770","81850"
"In post","2023","Department for Transport","SEO","1835","1795","43260","43160"
"In post","2023","Department for Work and Pensions","AA","250","205","21310","21250"
"In post","2023","Department for Work and Pensions","AO","25610","21985","22030","21690"
"In post","2023","Department for Work and Pensions","EO","43345","38780","28800","28120"
"In post","2023","Department for Work and Pensions","G6","1145","1100","70640","68600"
"In post","2023","Department for Work and Pensions","G7","3275","3150","54550","53700"
"In post","2023","Department for Work and Pensions","HEO","9050","8525","35100","34170"
"In post","2023","Department for Work and Pensions","SCS level","320","310","90720","82350"
"In post","2023","Department for Work and Pensions","SEO","4780","4555","42080","38470"
"In post","2023","Department of Health and Social Care","AA","80","65","21750","21320"
"In post","2023","Department of Health and Social Care","AO","545","490","22850","22820"
"In post","2023","Department of Health and Social Care","EO","1215","1165","27590","27960"
"In post","2023","Department of Health and Social Care","G6","1215","1155","69940","67890"
"In post","2023","Department of Health and Social Care","G7","2470","2380","54290","54660"
"In post","2023","Department of Health and Social Care","HEO","1785","1725","33350","33710"
"In post","2023","Department of Health and Social Care","SCS level","730","680","99220","95140"
"In post","2023","Department of Health and Social Care","SEO","2230","2155","41280","41480"
"In post","2023","Estyn","AO","15","10","24680","25620"
"In post","2023","Estyn","EO","25","20","29990","30610"
"In post","2023","Estyn","G6","70","65","78150","78500"
"In post","2023","Estyn","G7","[c]","[c]","[c]","[c]"
"In post","2023","Estyn","HEO","5","5","[c]","[c]"
"In post","2023","Estyn","SCS level","[c]","[c]","[c]","[c]"
"In post","2023","Estyn","SEO","5","5","[c]","[c]"
"In post","2023","Food Standards Agency","AO","10","10","[c]","[c]"
"In post","2023","Food Standards Agency","EO","435","410","28330","28090"
"In post","2023","Food Standards Agency","G6","70","65","64750","62430"
"In post","2023","Food Standards Agency","G7","235","230","54490","53110"
"In post","2023","Food Standards Agency","HEO","370","365","32310","31730"
"In post","2023","Food Standards Agency","SCS level","30","25","89040","84460"
"In post","2023","Food Standards Agency","SEO","435","425","39880","38670"
"In post","2023","Foreign, Commonwealth and Development Office","AA","[c]","[c]","[c]","[c]"
"In post","2023","Foreign, Commonwealth and Development Office","AO","495","485","27000","26100"
"In post","2023","Foreign, Commonwealth and Development Office","EO","885","860","30610","30030"
"In post","2023","Foreign, Commonwealth and Development Office","G6","1145","1120","68800","68200"
"In post","2023","Foreign, Commonwealth and Development Office","G7","2340","2270","57070","56640"
"In post","2023","Foreign, Commonwealth and Development Office","HEO","2210","2180","36880","36620"
"In post","2023","Foreign, Commonwealth and Development Office","SCS level","590","585","87460","79320"
"In post","2023","Foreign, Commonwealth and Development Office","SEO","1065","1050","44570","44450"
"In post","2023","Foreign, Commonwealth and Development Office","Unknown","65","65","24490","23800"
"In post","2023","HM Land Registry","AA","25","25","21500","20380"
"In post","2023","HM Land Registry","AO","1570","1460","23500","23390"
"In post","2023","HM Land Registry","EO","2460","2195","28430","28080"
"In post","2023","HM Land Registry","G6","65","65","72160","70990"
"In post","2023","HM Land Registry","G7","260","240","59940","58140"
"In post","2023","HM Land Registry","HEO","1460","1285","35670","34850"
"In post","2023","HM Land Registry","SCS level","30","30","88760","83000"
"In post","2023","HM Land Registry","SEO","850","795","42850","41680"
"In post","2023","HM Revenue and Customs","AA","620","465","22580","22520"
"In post","2023","HM Revenue and Customs","AO","19645","17400","22760","22520"
"In post","2023","HM Revenue and Customs","EO","16285","15210","28790","28130"
"In post","2023","HM Revenue and Customs","G6","2345","2245","73230","71300"
"In post","2023","HM Revenue and Customs","G7","6935","6685","59040","57970"
"In post","2023","HM Revenue and Customs","HEO","16720","16005","35680","35000"
"In post","2023","HM Revenue and Customs","SCS level","530","520","88190","81750"
"In post","2023","HM Revenue and Customs","SEO","9300","8940","43330","42510"
"In post","2023","HM Treasury","AO","50","50","23300","23210"
"In post","2023","HM Treasury","EO","270","265","27480","27820"
"In post","2023","HM Treasury","G6","380","370","67160","64950"
"In post","2023","HM Treasury","G7","820","800","55350","54090"
"In post","2023","HM Treasury","HEO","695","685","34170","33630"
"In post","2023","HM Treasury","SCS level","175","170","88220","79270"
"In post","2023","HM Treasury","SEO","310","295","42830","42700"
"In post","2023","Home Office","AA","715","620","21120","19500"
"In post","2023","Home Office","AO","8765","7945","23210","22400"
"In post","2023","Home Office","EO","17440","16260","27560","26180"
"In post","2023","Home Office","G6","1115","1090","71320","70840"
"In post","2023","Home Office","G7","3275","3210","58710","59290"
"In post","2023","Home Office","HEO","6780","6540","34120","32610"
"In post","2023","Home Office","SCS level","345","340","91010","83460"
"In post","2023","Home Office","SEO","4505","4400","42060","43000"
"In post","2023","Home Office","Unknown","190","185","[c]","[c]"
"In post","2023","Ministry of Defence","AA","4695","4530","21450","21380"
"In post","2023","Ministry of Defence","AO","11175","10680","25580","22220"
"In post","2023","Ministry of Defence","EO","8450","8190","29150","27470"
"In post","2023","Ministry of Defence","G6","1840","1740","72520","70550"
"In post","2023","Ministry of Defence","G7","5975","5785","55150","55110"
"In post","2023","Ministry of Defence","HEO","11620","11265","35000","34300"
"In post","2023","Ministry of Defence","SCS level","520","500","94680","88370"
"In post","2023","Ministry of Defence","SEO","10060","9755","43000","41800"
"In post","2023","Ministry of Defence","Unknown","3850","3790","42750","40690"
"In post","2023","Ministry of Justice","AA","7940","7225","22880","23230"
"In post","2023","Ministry of Justice","AO","32130","29880","28190","28880"
"In post","2023","Ministry of Justice","EO","11490","10955","30950","29660"
"In post","2023","Ministry of Justice","G6","1040","1020","73950","70250"
"In post","2023","Ministry of Justice","G7","2815","2740","58880","56980"
"In post","2023","Ministry of Justice","HEO","8120","7785","35590","35410"
"In post","2023","Ministry of Justice","SCS level","340","335","91780","85800"
"In post","2023","Ministry of Justice","SEO","6430","6180","45780","43650"
"In post","2023","Ministry of Justice","Unknown","21570","20060","30510","29050"
"In post","2023","National Crime Agency","AO","215","200","26070","26550"
"In post","2023","National Crime Agency","EO","2410","2335","36190","36040"
"In post","2023","National Crime Agency","G6","110","110","75420","73770"
"In post","2023","National Crime Agency","G7","315","310","63160","62890"
"In post","2023","National Crime Agency","HEO","1670","1630","43520","43350"
"In post","2023","National Crime Agency","SCS level","35","35","106040","94730"
"In post","2023","National Crime Agency","SEO","810","800","49620","49180"
"In post","2023","Northern Ireland Office","AO","10","10","[c]","[c]"
"In post","2023","Northern Ireland Office","EO","10","10","27970","28420"
"In post","2023","Northern Ireland Office","G6","5","5","[c]","[c]"
"In post","2023","Northern Ireland Office","G7","40","40","55460","55720"
"In post","2023","Northern Ireland Office","HEO","25","25","33030","31270"
"In post","2023","Northern Ireland Office","SCS level","20","20","89660","77680"
"In post","2023","Northern Ireland Office","SEO","55","55","40440","37680"
"In post","2023","Office for Standards in Education, Children's Services and Skills","AO","205","185","22460","22490"
"In post","2023","Office for Standards in Education, Children's Services and Skills","EO","215","210","27530","27140"
"In post","2023","Office for Standards in Education, Children's Services and Skills","G6","170","170","83420","87570"
"In post","2023","Office for Standards in Education, Children's Services and Skills","G7","550","540","72250","77470"
"In post","2023","Office for Standards in Education, Children's Services and Skills","HEO","225","215","33730","33130"
"In post","2023","Office for Standards in Education, Children's Services and Skills","SCS level","30","30","109210","99160"
"In post","2023","Office for Standards in Education, Children's Services and Skills","SEO","640","620","48440","52750"
"In post","2023","Office of Gas and Electricity Markets","AO","40","40","21680","20970"
"In post","2023","Office of Gas and Electricity Markets","EO","385","380","26420","25750"
"In post","2023","Office of Gas and Electricity Markets","G6","295","290","67870","66300"
"In post","2023","Office of Gas and Electricity Markets","G7","370","360","51660","49400"
"In post","2023","Office of Gas and Electricity Markets","HEO","260","255","34260","33400"
"In post","2023","Office of Gas and Electricity Markets","SCS level","60","60","97940","90980"
"In post","2023","Office of Gas and Electricity Markets","SEO","155","150","40780","41500"
"In post","2023","Office of Qualifications and Examinations Regulation","AO","5","5","[c]","[c]"
"In post","2023","Office of Qualifications and Examinations Regulation","EO","25","25","24750","24000"
"In post","2023","Office of Qualifications and Examinations Regulation","G6","30","30","65750","64580"
"In post","2023","Office of Qualifications and Examinations Regulation","G7","95","95","50440","49310"
"In post","2023","Office of Qualifications and Examinations Regulation","HEO","85","80","32890","32020"
"In post","2023","Office of Qualifications and Examinations Regulation","SCS level","20","20","93430","87430"
"In post","2023","Office of Qualifications and Examinations Regulation","SEO","85","80","40160","39140"
"In post","2023","Office of Rail and Road","AO","15","15","23540","23720"
"In post","2023","Office of Rail and Road","EO","30","30","30260","30720"
"In post","2023","Office of Rail and Road","G6","45","40","73790","74850"
"In post","2023","Office of Rail and Road","G7","165","155","59670","58270"
"In post","2023","Office of Rail and Road","HEO","40","40","34900","35630"
"In post","2023","Office of Rail and Road","SCS level","20","20","108370","98760"
"In post","2023","Office of Rail and Road","SEO","55","55","43720","43970"
"In post","2023","Office of the Secretary of State for Scotland","AA","5","5","[c]","[c]"
"In post","2023","Office of the Secretary of State for Scotland","AO","[c]","[c]","[c]","[c]"
"In post","2023","Office of the Secretary of State for Scotland","EO","10","10","30450","29660"
"In post","2023","Office of the Secretary of State for Scotland","G6","15","15","70680","68540"
"In post","2023","Office of the Secretary of State for Scotland","G7","40","40","57780","55720"
"In post","2023","Office of the Secretary of State for Scotland","HEO","20","20","36180","35410"
"In post","2023","Office of the Secretary of State for Scotland","SCS level","10","10","85060","82710"
"In post","2023","Office of the Secretary of State for Scotland","SEO","20","20","46600","44140"
"In post","2023","Office of the Secretary of State for Wales","EO","5","5","[c]","[c]"
"In post","2023","Office of the Secretary of State for Wales","G6","[c]","[c]","[c]","[c]"
"In post","2023","Office of the Secretary of State for Wales","G7","10","10","56070","55790"
"In post","2023","Office of the Secretary of State for Wales","HEO","10","10","33350","33390"
"In post","2023","Office of the Secretary of State for Wales","SCS level","5","5","[c]","[c]"
"In post","2023","Office of the Secretary of State for Wales","SEO","10","10","[c]","[c]"
"In post","2023","Scottish Government","AA","2770","2555","23290","22920"
"In post","2023","Scottish Government","AO","4585","4320","26370","25710"
"In post","2023","Scottish Government","EO","7040","6715","32400","31940"
"In post","2023","Scottish Government","G6","1540","1485","76400","79110"
"In post","2023","Scottish Government","G7","2900","2775","60030","58850"
"In post","2023","Scottish Government","HEO","4755","4555","37280","37940"
"In post","2023","Scottish Government","SCS level","310","300","91060","85200"
"In post","2023","Scottish Government","SEO","3730","3555","47080","48140"
"In post","2023","The National Archives","AA","[c]","[c]","[c]","[c]"
"In post","2023","The National Archives","AO","85","75","23520","23460"
"In post","2023","The National Archives","EO","75","70","26410","25680"
"In post","2023","The National Archives","G6","30","30","62690","60680"
"In post","2023","The National Archives","G7","75","75","50520","48960"
"In post","2023","The National Archives","HEO","155","150","32020","30600"
"In post","2023","The National Archives","SCS level","10","10","[c]","[c]"
"In post","2023","The National Archives","SEO","155","150","41530","40000"
"In post","2023","UK Export Finance","AA","[c]","[c]","[c]","[c]"
"In post","2023","UK Export Finance","AO","[c]","[c]","[c]","[c]"
"In post","2023","UK Export Finance","EO","65","60","32380","32300"
"In post","2023","UK Export Finance","G6","70","70","77610","77510"
"In post","2023","UK Export Finance","G7","140","135","59320","58040"
"In post","2023","UK Export Finance","HEO","80","80","36260","35200"
"In post","2023","UK Export Finance","SCS level","35","35","112620","103480"
"In post","2023","UK Export Finance","SEO","135","130","46600","45130"
"In post","2023","UK Statistics Authority","AA","295","175","20850","20150"
"In post","2023","UK Statistics Authority","AO","1215","900","21610","21200"
"In post","2023","UK Statistics Authority","EO","715","665","25420","24840"
"In post","2023","UK Statistics Authority","G6","240","235","63440","61560"
"In post","2023","UK Statistics Authority","G7","975","945","53030","51460"
"In post","2023","UK Statistics Authority","HEO","1310","1260","31810","31560"
"In post","2023","UK Statistics Authority","SCS level","95","90","86210","78240"
"In post","2023","UK Statistics Authority","SEO","1285","1240","38990","38610"
"In post","2023","UK Supreme Court","AO","[c]","[c]","[c]","[c]"
"In post","2023","UK Supreme Court","EO","20","20","27900","27880"
"In post","2023","UK Supreme Court","G6","[c]","[c]","[c]","[c]"
"In post","2023","UK Supreme Court","G7","5","5","[c]","[c]"
"In post","2023","UK Supreme Court","HEO","10","10","[c]","[c]"
"In post","2023","UK Supreme Court","SCS level","[c]","[c]","[c]","[c]"
"In post","2023","UK Supreme Court","SEO","15","15","37280","37230"
"In post","2023","Water Services Regulation Authority","AO","5","5","[c]","[c]"
"In post","2023","Water Services Regulation Authority","EO","40","40","30410","29000"
"In post","2023","Water Services Regulation Authority","G6","25","25","97200","95000"
"In post","2023","Water Services Regulation Authority","G7","45","45","73790","74000"
"In post","2023","Water Services Regulation Authority","HEO","95","90","42700","42340"
"In post","2023","Water Services Regulation Authority","SCS level","10","5","[c]","[c]"
"In post","2023","Water Services Regulation Authority","SEO","45","40","58840","59240"
"In post","2023","Welsh Government","AO","845","775","25130","25620"
"In post","2023","Welsh Government","EO","1080","1015","29860","30610"
"In post","2023","Welsh Government","G6","230","220","75000","76990"
"In post","2023","Welsh Government","G7","950","905","61970","63900"
"In post","2023","Welsh Government","HEO","1470","1385","38440","39690"
"In post","2023","Welsh Government","SCS level","195","185","90070","81600"
"In post","2023","Welsh Government","SEO","1285","1230","47750","49370"
"Leaver CS","2023","Attorney General's Departments","AA","[c]","[c]","[c]","[c]"
"Leaver CS","2023","Attorney General's Departments","AO","170","[c]","22910","22870"
"Leaver CS","2023","Attorney General's Departments","EO","130","[c]","28300","28060"
"Leaver CS","2023","Attorney General's Departments","G6","95","[c]","69790","68280"
"Leaver CS","2023","Attorney General's Departments","G7","250","[c]","55900","55000"
"Leaver CS","2023","Attorney General's Departments","HEO","60","[c]","35370","33810"
"Leaver CS","2023","Attorney General's Departments","SCS level","20","[c]","91140","86010"
"Leaver CS","2023","Attorney General's Departments","SEO","65","[c]","40610","40540"
"Leaver CS","2023","Cabinet Office","AA","[c]","[c]","[c]","[c]"
"Leaver CS","2023","Cabinet Office","AO","110","[c]","20430","21050"
"Leaver CS","2023","Cabinet Office","EO","115","[c]","26780","27500"
"Leaver CS","2023","Cabinet Office","G6","120","[c]","70120","66530"
"Leaver CS","2023","Cabinet Office","G7","300","[c]","58210","56430"
"Leaver CS","2023","Cabinet Office","HEO","280","[c]","32880","33020"
"Leaver CS","2023","Cabinet Office","SCS level","85","[c]","112110","103000"
"Leaver CS","2023","Cabinet Office","SEO","130","[c]","40570","40600"
"Leaver CS","2023","Chancellor's other departments","AO","[c]","[c]","[c]","[c]"
"Leaver CS","2023","Chancellor's other departments","EO","10","[c]","[c]","[c]"
"Leaver CS","2023","Chancellor's other departments","G6","10","[c]","89320","83000"
"Leaver CS","2023","Chancellor's other departments","G7","10","[c]","[c]","[c]"
"Leaver CS","2023","Chancellor's other departments","HEO","20","[c]","37410","37690"
"Leaver CS","2023","Chancellor's other departments","SCS level","[c]","[c]","[c]","[c]"
"Leaver CS","2023","Chancellor's other departments","SEO","10","[c]","43690","44880"
"Leaver CS","2023","Charity Commission","AO","5","[c]","[c]","[c]"
"Leaver CS","2023","Charity Commission","EO","10","[c]","[c]","[c]"
"Leaver CS","2023","Charity Commission","G6","[c]","[c]","[c]","[c]"
"Leaver CS","2023","Charity Commission","G7","5","[c]","[c]","[c]"
"Leaver CS","2023","Charity Commission","HEO","15","[c]","29550","30170"
"Leaver CS","2023","Charity Commission","SEO","10","[c]","38840","38800"
"Leaver CS","2023","Competition and Markets Authority","AO","15","[c]","23180","22770"
"Leaver CS","2023","Competition and Markets Authority","EO","10","[c]","28010","27550"
"Leaver CS","2023","Competition and Markets Authority","G6","25","[c]","75450","74960"
"Leaver CS","2023","Competition and Markets Authority","G7","30","[c]","56760","55860"
"Leaver CS","2023","Competition and Markets Authority","HEO","20","[c]","35480","34620"
"Leaver CS","2023","Competition and Markets Authority","SCS level","10","[c]","119760","102080"
"Leaver CS","2023","Competition and Markets Authority","SEO","15","[c]","44020","43560"
"Leaver CS","2023","Department for Business, Energy and Industrial Strategy","AA","20","[c]","18990","19080"
"Leaver CS","2023","Department for Business, Energy and Industrial Strategy","AO","130","[c]","22380","22180"
"Leaver CS","2023","Department for Business, Energy and Industrial Strategy","EO","150","[c]","26780","26290"
"Leaver CS","2023","Department for Business, Energy and Industrial Strategy","G6","95","[c]","66740","65180"
"Leaver CS","2023","Department for Business, Energy and Industrial Strategy","G7","235","[c]","53560","53380"
"Leaver CS","2023","Department for Business, Energy and Industrial Strategy","HEO","235","[c]","33640","33570"
"Leaver CS","2023","Department for Business, Energy and Industrial Strategy","SCS level","45","[c]","84940","77020"
"Leaver CS","2023","Department for Business, Energy and Industrial Strategy","SEO","230","[c]","41360","40050"
"Leaver CS","2023","Department for Digital, Culture, Media and Sport","AO","10","[c]","[c]","[c]"
"Leaver CS","2023","Department for Digital, Culture, Media and Sport","EO","20","[c]","27230","26180"
"Leaver CS","2023","Department for Digital, Culture, Media and Sport","G6","25","[c]","65560","64790"
"Leaver CS","2023","Department for Digital, Culture, Media and Sport","G7","80","[c]","54560","53030"
"Leaver CS","2023","Department for Digital, Culture, Media and Sport","HEO","100","[c]","35620","35040"
"Leaver CS","2023","Department for Digital, Culture, Media and Sport","SCS level","10","[c]","[c]","[c]"
"Leaver CS","2023","Department for Education","AO","20","[c]","22270","22020"
"Leaver CS","2023","Department for Education","EO","80","[c]","25140","25900"
"Leaver CS","2023","Department for Education","G6","55","[c]","67370","65910"
"Leaver CS","2023","Department for Education","G7","120","[c]","54320","52150"
"Leaver CS","2023","Department for Education","HEO","105","[c]","31430","30710"
"Leaver CS","2023","Department for Education","SCS level","15","[c]","96990","97680"
"Leaver CS","2023","Department for Education","SEO","150","[c]","40330","39130"
"Leaver CS","2023","Department for Education","Unknown","[c]","[c]","[c]","[c]"
"Leaver CS","2023","Department for Environment, Food and Rural Affairs","AA","[c]","[c]","[c]","[c]"
"Leaver CS","2023","Department for Environment, Food and Rural Affairs","AO","280","[c]","22210","22150"
"Leaver CS","2023","Department for Environment, Food and Rural Affairs","EO","275","[c]","26180","25920"
"Leaver CS","2023","Department for Environment, Food and Rural Affairs","G6","40","[c]","[c]","[c]"
"Leaver CS","2023","Department for Environment, Food and Rural Affairs","G7","130","[c]","52910","52790"
"Leaver CS","2023","Department for Environment, Food and Rural Affairs","HEO","195","[c]","31330","30450"
"Leaver CS","2023","Department for Environment, Food and Rural Affairs","SCS level","20","[c]","[c]","[c]"
"Leaver CS","2023","Department for Environment, Food and Rural Affairs","SEO","175","[c]","39380","38610"
"Leaver CS","2023","Department for Environment, Food and Rural Affairs","Unknown","5","[c]","[c]","[c]"
"Leaver CS","2023","Department for International Trade","AO","5","[c]","[c]","[c]"
"Leaver CS","2023","Department for International Trade","EO","65","[c]","23390","26250"
"Leaver CS","2023","Department for International Trade","G6","20","[c]","65900","65220"
"Leaver CS","2023","Department for International Trade","G7","75","[c]","54440","54200"
"Leaver CS","2023","Department for International Trade","HEO","45","[c]","32510","31800"
"Leaver CS","2023","Department for International Trade","SCS level","10","[c]","[c]","[c]"
"Leaver CS","2023","Department for International Trade","SEO","45","[c]","39930","38880"
"Leaver CS","2023","Department for Levelling Up, Housing and Communities","AA","20","[c]","18300","18300"
"Leaver CS","2023","Department for Levelling Up, Housing and Communities","AO","35","[c]","23600","23320"
"Leaver CS","2023","Department for Levelling Up, Housing and Communities","EO","45","[c]","27830","27850"
"Leaver CS","2023","Department for Levelling Up, Housing and Communities","G6","40","[c]","65280","64970"
"Leaver CS","2023","Department for Levelling Up, Housing and Communities","G7","80","[c]","52430","53130"
"Leaver CS","2023","Department for Levelling Up, Housing and Communities","HEO","85","[c]","33080","33210"
"Leaver CS","2023","Department for Levelling Up, Housing and Communities","SCS level","20","[c]","91460","79380"
"Leaver CS","2023","Department for Levelling Up, Housing and Communities","SEO","65","[c]","39970","40300"
"Leaver CS","2023","Department for Transport","AA","150","[c]","18910","19000"
"Leaver CS","2023","Department for Transport","AO","575","[c]","23100","22500"
"Leaver CS","2023","Department for Transport","EO","460","[c]","27900","26960"
"Leaver CS","2023","Department for Transport","G6","40","[c]","75060","69890"
"Leaver CS","2023","Department for Transport","G7","115","[c]","56280","55740"
"Leaver CS","2023","Department for Transport","HEO","160","[c]","33140","32810"
"Leaver CS","2023","Department for Transport","SCS level","20","[c]","90720","85530"
"Leaver CS","2023","Department for Transport","SEO","130","[c]","43000","42850"
"Leaver CS","2023","Department for Work and Pensions","AA","30","[c]","21140","21250"
"Leaver CS","2023","Department for Work and Pensions","AO","3185","[c]","21860","21690"
"Leaver CS","2023","Department for Work and Pensions","EO","4190","[c]","28630","28120"
"Leaver CS","2023","Department for Work and Pensions","G6","80","[c]","70350","70360"
"Leaver CS","2023","Department for Work and Pensions","G7","210","[c]","55700","55150"
"Leaver CS","2023","Department for Work and Pensions","HEO","385","[c]","35120","34290"
"Leaver CS","2023","Department for Work and Pensions","SCS level","25","[c]","94450","90180"
"Leaver CS","2023","Department for Work and Pensions","SEO","325","[c]","42600","40380"
"Leaver CS","2023","Department of Health and Social Care","AA","55","[c]","20810","20100"
"Leaver CS","2023","Department of Health and Social Care","AO","205","[c]","21630","20880"
"Leaver CS","2023","Department of Health and Social Care","EO","420","[c]","26310","26880"
"Leaver CS","2023","Department of Health and Social Care","G6","215","[c]","67000","66230"
"Leaver CS","2023","Department of Health and Social Care","G7","405","[c]","52990","53360"
"Leaver CS","2023","Department of Health and Social Care","HEO","595","[c]","32270","32370"
"Leaver CS","2023","Department of Health and Social Care","SCS level","175","[c]","97910","93000"
"Leaver CS","2023","Department of Health and Social Care","SEO","565","[c]","40180","40650"
"Leaver CS","2023","Estyn","AO","[c]","[c]","[c]","[c]"
"Leaver CS","2023","Estyn","EO","[c]","[c]","[c]","[c]"
"Leaver CS","2023","Estyn","G6","5","[c]","[c]","[c]"
"Leaver CS","2023","Estyn","HEO","[c]","[c]","[c]","[c]"
"Leaver CS","2023","Food Standards Agency","AO","10","[c]","[c]","[c]"
"Leaver CS","2023","Food Standards Agency","EO","30","[c]","27140","26910"
"Leaver CS","2023","Food Standards Agency","G6","[c]","[c]","[c]","[c]"
"Leaver CS","2023","Food Standards Agency","G7","10","[c]","[c]","[c]"
"Leaver CS","2023","Food Standards Agency","HEO","20","[c]","31890","31260"
"Leaver CS","2023","Food Standards Agency","SCS level","[c]","[c]","[c]","[c]"
"Leaver CS","2023","Food Standards Agency","SEO","25","[c]","40450","40350"
"Leaver CS","2023","Foreign, Commonwealth and Development Office","AA","[c]","[c]","[c]","[c]"
"Leaver CS","2023","Foreign, Commonwealth and Development Office","AO","60","[c]","24510","23950"
"Leaver CS","2023","Foreign, Commonwealth and Development Office","EO","50","[c]","28230","28170"
"Leaver CS","2023","Foreign, Commonwealth and Development Office","G6","55","[c]","[c]","[c]"
"Leaver CS","2023","Foreign, Commonwealth and Development Office","G7","90","[c]","[c]","[c]"
"Leaver CS","2023","Foreign, Commonwealth and Development Office","HEO","85","[c]","33640","33110"
"Leaver CS","2023","Foreign, Commonwealth and Development Office","SCS level","35","[c]","[c]","[c]"
"Leaver CS","2023","Foreign, Commonwealth and Development Office","SEO","50","[c]","43700","43750"
"Leaver CS","2023","Foreign, Commonwealth and Development Office","Unknown","5","[c]","[c]","[c]"
"Leaver CS","2023","HM Land Registry","AA","5","[c]","[c]","[c]"
"Leaver CS","2023","HM Land Registry","AO","125","[c]","23510","23390"
"Leaver CS","2023","HM Land Registry","EO","145","[c]","28970","28080"
"Leaver CS","2023","HM Land Registry","G6","10","[c]","[c]","[c]"
"Leaver CS","2023","HM Land Registry","G7","25","[c]","58880","57880"
"Leaver CS","2023","HM Land Registry","HEO","100","[c]","35890","34850"
"Leaver CS","2023","HM Land Registry","SCS level","[c]","[c]","[c]","[c]"
"Leaver CS","2023","HM Land Registry","SEO","85","[c]","43670","42100"
"Leaver CS","2023","HM Revenue and Customs","AA","65","[c]","[c]","[c]"
"Leaver CS","2023","HM Revenue and Customs","AO","2150","[c]","22600","22520"
"Leaver CS","2023","HM Revenue and Customs","EO","900","[c]","27610","27000"
"Leaver CS","2023","HM Revenue and Customs","G6","120","[c]","[c]","[c]"
"Leaver CS","2023","HM Revenue and Customs","G7","275","[c]","58140","58170"
"Leaver CS","2023","HM Revenue and Customs","HEO","640","[c]","34730","34000"
"Leaver CS","2023","HM Revenue and Customs","SCS level","45","[c]","[c]","[c]"
"Leaver CS","2023","HM Revenue and Customs","SEO","400","[c]","46660","46800"
"Leaver CS","2023","HM Treasury","AO","50","[c]","22340","22750"
"Leaver CS","2023","HM Treasury","EO","40","[c]","27000","27310"
"Leaver CS","2023","HM Treasury","G6","30","[c]","66830","64900"
"Leaver CS","2023","HM Treasury","G7","95","[c]","54330","54090"
"Leaver CS","2023","HM Treasury","HEO","90","[c]","34230","33630"
"Leaver CS","2023","HM Treasury","SCS level","20","[c]","101500","93310"
"Leaver CS","2023","HM Treasury","SEO","40","[c]","41770","39980"
"Leaver CS","2023","Home Office","AA","110","[c]","21720","22460"
"Leaver CS","2023","Home Office","AO","665","[c]","23050","22400"
"Leaver CS","2023","Home Office","EO","920","[c]","27520","26750"
"Leaver CS","2023","Home Office","G6","70","[c]","71300","70840"
"Leaver CS","2023","Home Office","G7","185","[c]","58870","59290"
"Leaver CS","2023","Home Office","HEO","310","[c]","35040","35490"
"Leaver CS","2023","Home Office","SCS level","30","[c]","95220","85230"
"Leaver CS","2023","Home Office","SEO","220","[c]","42610","43000"
"Leaver CS","2023","Home Office","Unknown","10","[c]","[c]","[c]"
"Leaver CS","2023","Ministry of Defence","AA","570","[c]","21610","21380"
"Leaver CS","2023","Ministry of Defence","AO","1215","[c]","25340","22220"
"Leaver CS","2023","Ministry of Defence","EO","750","[c]","29520","27740"
"Leaver CS","2023","Ministry of Defence","G6","130","[c]","74910","71250"
"Leaver CS","2023","Ministry of Defence","G7","340","[c]","56040","55200"
"Leaver CS","2023","Ministry of Defence","HEO","1000","[c]","35720","34300"
"Leaver CS","2023","Ministry of Defence","SCS level","50","[c]","105570","98010"
"Leaver CS","2023","Ministry of Defence","SEO","750","[c]","43390","42620"
"Leaver CS","2023","Ministry of Defence","Unknown","380","[c]","38610","35010"
"Leaver CS","2023","Ministry of Justice","AA","1345","[c]","20170","19930"
"Leaver CS","2023","Ministry of Justice","AO","4660","[c]","22390","21780"
"Leaver CS","2023","Ministry of Justice","EO","865","[c]","27540","26900"
"Leaver CS","2023","Ministry of Justice","G6","55","[c]","70060","68790"
"Leaver CS","2023","Ministry of Justice","G7","210","[c]","58910","58200"
"Leaver CS","2023","Ministry of Justice","HEO","480","[c]","33480","34260"
"Leaver CS","2023","Ministry of Justice","SCS level","20","[c]","95150","85770"
"Leaver CS","2023","Ministry of Justice","SEO","415","[c]","43240","43650"
"Leaver CS","2023","Ministry of Justice","Unknown","1970","[c]","35430","28340"
"Leaver CS","2023","National Crime Agency","AO","40","[c]","26180","24730"
"Leaver CS","2023","National Crime Agency","EO","150","[c]","35810","36090"
"Leaver CS","2023","National Crime Agency","G6","10","[c]","[c]","[c]"
"Leaver CS","2023","National Crime Agency","G7","25","[c]","63820","63040"
"Leaver CS","2023","National Crime Agency","HEO","90","[c]","43060","43710"
"Leaver CS","2023","National Crime Agency","SCS level","5","[c]","[c]","[c]"
"Leaver CS","2023","National Crime Agency","SEO","45","[c]","49990","49190"
"Leaver CS","2023","Northern Ireland Office","EO","[c]","[c]","[c]","[c]"
"Leaver CS","2023","Northern Ireland Office","G7","[c]","[c]","[c]","[c]"
"Leaver CS","2023","Northern Ireland Office","HEO","[c]","[c]","[c]","[c]"
"Leaver CS","2023","Northern Ireland Office","SCS level","[c]","[c]","[c]","[c]"
"Leaver CS","2023","Northern Ireland Office","SEO","[c]","[c]","[c]","[c]"
"Leaver CS","2023","Office for Standards in Education, Children's Services and Skills","AA","5","[c]","[c]","[c]"
"Leaver CS","2023","Office for Standards in Education, Children's Services and Skills","AO","25","[c]","21670","22490"
"Leaver CS","2023","Office for Standards in Education, Children's Services and Skills","EO","15","[c]","27560","27140"
"Leaver CS","2023","Office for Standards in Education, Children's Services and Skills","G6","20","[c]","84530","87570"
"Leaver CS","2023","Office for Standards in Education, Children's Services and Skills","G7","70","[c]","74940","77470"
"Leaver CS","2023","Office for Standards in Education, Children's Services and Skills","HEO","20","[c]","34060","33130"
"Leaver CS","2023","Office for Standards in Education, Children's Services and Skills","SCS level","[c]","[c]","[c]","[c]"
"Leaver CS","2023","Office for Standards in Education, Children's Services and Skills","SEO","70","[c]","48800","52290"
"Leaver CS","2023","Office of Gas and Electricity Markets","AO","15","[c]","19820","19750"
"Leaver CS","2023","Office of Gas and Electricity Markets","EO","55","[c]","27110","26400"
"Leaver CS","2023","Office of Gas and Electricity Markets","G6","40","[c]","70260","68830"
"Leaver CS","2023","Office of Gas and Electricity Markets","G7","55","[c]","54900","54190"
"Leaver CS","2023","Office of Gas and Electricity Markets","HEO","55","[c]","35690","34900"
"Leaver CS","2023","Office of Gas and Electricity Markets","SCS level","10","[c]","[c]","[c]"
"Leaver CS","2023","Office of Gas and Electricity Markets","SEO","30","[c]","39200","39490"
"Leaver CS","2023","Office of Qualifications and Examinations Regulation","EO","5","[c]","[c]","[c]"
"Leaver CS","2023","Office of Qualifications and Examinations Regulation","G6","[c]","[c]","[c]","[c]"
"Leaver CS","2023","Office of Qualifications and Examinations Regulation","G7","[c]","[c]","[c]","[c]"
"Leaver CS","2023","Office of Qualifications and Examinations Regulation","HEO","5","[c]","[c]","[c]"
"Leaver CS","2023","Office of Qualifications and Examinations Regulation","SCS level","5","[c]","[c]","[c]"
"Leaver CS","2023","Office of Qualifications and Examinations Regulation","SEO","[c]","[c]","[c]","[c]"
"Leaver CS","2023","Office of Rail and Road","AO","[c]","[c]","[c]","[c]"
"Leaver CS","2023","Office of Rail and Road","EO","[c]","[c]","[c]","[c]"
"Leaver CS","2023","Office of Rail and Road","G6","5","[c]","[c]","[c]"
"Leaver CS","2023","Office of Rail and Road","G7","15","[c]","60710","60020"
"Leaver CS","2023","Office of Rail and Road","HEO","[c]","[c]","[c]","[c]"
"Leaver CS","2023","Office of Rail and Road","SEO","5","[c]","[c]","[c]"
"Leaver CS","2023","Office of the Secretary of State for Scotland","AA","[c]","[c]","[c]","[c]"
"Leaver CS","2023","Office of the Secretary of State for Scotland","AO","[c]","[c]","[c]","[c]"
"Leaver CS","2023","Office of the Secretary of State for Scotland","EO","5","[c]","[c]","[c]"
"Leaver CS","2023","Office of the Secretary of State for Scotland","G6","[c]","[c]","[c]","[c]"
"Leaver CS","2023","Office of the Secretary of State for Scotland","HEO","[c]","[c]","[c]","[c]"
"Leaver CS","2023","Office of the Secretary of State for Scotland","SEO","[c]","[c]","[c]","[c]"
"Leaver CS","2023","Office of the Secretary of State for Wales","AA","[c]","[c]","[c]","[c]"
"Leaver CS","2023","Office of the Secretary of State for Wales","AO","[c]","[c]","[c]","[c]"
"Leaver CS","2023","Office of the Secretary of State for Wales","EO","[c]","[c]","[c]","[c]"
"Leaver CS","2023","Office of the Secretary of State for Wales","HEO","[c]","[c]","[c]","[c]"
"Leaver CS","2023","Office of the Secretary of State for Wales","SEO","[c]","[c]","[c]","[c]"
"Leaver CS","2023","Scottish Government","AA","290","[c]","23030","22920"
"Leaver CS","2023","Scottish Government","AO","385","[c]","25950","25060"
"Leaver CS","2023","Scottish Government","EO","390","[c]","33170","31940"
"Leaver CS","2023","Scottish Government","G6","80","[c]","76410","79110"
"Leaver CS","2023","Scottish Government","G7","105","[c]","60230","60510"
"Leaver CS","2023","Scottish Government","HEO","260","[c]","37510","37940"
"Leaver CS","2023","Scottish Government","SCS level","15","[c]","97340","85200"
"Leaver CS","2023","Scottish Government","SEO","190","[c]","47040","48640"
"Leaver CS","2023","The National Archives","AA","[c]","[c]","[c]","[c]"
"Leaver CS","2023","The National Archives","AO","25","[c]","23340","23460"
"Leaver CS","2023","The National Archives","EO","10","[c]","25200","24990"
"Leaver CS","2023","The National Archives","G6","[c]","[c]","[c]","[c]"
"Leaver CS","2023","The National Archives","G7","[c]","[c]","[c]","[c]"
"Leaver CS","2023","The National Archives","HEO","25","[c]","31390","29990"
"Leaver CS","2023","The National Archives","SCS level","[c]","[c]","[c]","[c]"
"Leaver CS","2023","The National Archives","SEO","20","[c]","41450","42000"
"Leaver CS","2023","UK Export Finance","EO","10","[c]","31790","32300"
"Leaver CS","2023","UK Export Finance","G6","5","[c]","[c]","[c]"
"Leaver CS","2023","UK Export Finance","G7","15","[c]","57520","57120"
"Leaver CS","2023","UK Export Finance","HEO","10","[c]","34360","34000"
"Leaver CS","2023","UK Export Finance","SCS level","5","[c]","[c]","[c]"
"Leaver CS","2023","UK Export Finance","SEO","25","[c]","43180","42000"
"Leaver CS","2023","UK Statistics Authority","AA","75","[c]","20480","20150"
"Leaver CS","2023","UK Statistics Authority","AO","290","[c]","20760","21200"
"Leaver CS","2023","UK Statistics Authority","EO","60","[c]","25290","24840"
"Leaver CS","2023","UK Statistics Authority","G6","25","[c]","63290","61920"
"Leaver CS","2023","UK Statistics Authority","G7","55","[c]","53220","52490"
"Leaver CS","2023","UK Statistics Authority","HEO","100","[c]","31750","31440"
"Leaver CS","2023","UK Statistics Authority","SCS level","10","[c]","82780","77250"
"Leaver CS","2023","UK Statistics Authority","SEO","80","[c]","38390","37760"
"Leaver CS","2023","UK Supreme Court","EO","5","[c]","[c]","[c]"
"Leaver CS","2023","UK Supreme Court","G6","[c]","[c]","[c]","[c]"
"Leaver CS","2023","UK Supreme Court","G7","[c]","[c]","[c]","[c]"
"Leaver CS","2023","UK Supreme Court","HEO","[c]","[c]","[c]","[c]"
"Leaver CS","2023","UK Supreme Court","SEO","10","[c]","[c]","[c]"
"Leaver CS","2023","Water Services Regulation Authority","AO","[c]","[c]","[c]","[c]"
"Leaver CS","2023","Water Services Regulation Authority","EO","5","[c]","[c]","[c]"
"Leaver CS","2023","Water Services Regulation Authority","G6","[c]","[c]","[c]","[c]"
"Leaver CS","2023","Water Services Regulation Authority","G7","[c]","[c]","[c]","[c]"
"Leaver CS","2023","Water Services Regulation Authority","HEO","15","[c]","42370","42000"
"Leaver CS","2023","Water Services Regulation Authority","SEO","10","[c]","[c]","[c]"
"Leaver CS","2023","Welsh Government","AO","45","[c]","23380","24630"
"Leaver CS","2023","Welsh Government","EO","40","[c]","28300","29430"
"Leaver CS","2023","Welsh Government","G6","10","[c]","74770","75480"
"Leaver CS","2023","Welsh Government","G7","25","[c]","60070","61440"
"Leaver CS","2023","Welsh Government","HEO","35","[c]","36250","38160"
"Leaver CS","2023","Welsh Government","SCS level","10","[c]","99490","92110"
"Leaver CS","2023","Welsh Government","SEO","40","[c]","46300","47470"
"Leaver Dept.","2023","Attorney General's Departments","AO","35","[c]","24120","24480"
"Leaver Dept.","2023","Attorney General's Departments","EO","65","[c]","27720","27760"
"Leaver Dept.","2023","Attorney General's Departments","G6","35","[c]","67820","66090"
"Leaver Dept.","2023","Attorney General's Departments","G7","75","[c]","53820","52670"
"Leaver Dept.","2023","Attorney General's Departments","HEO","40","[c]","33100","32090"
"Leaver Dept.","2023","Attorney General's Departments","SCS level","10","[c]","88650","84080"
"Leaver Dept.","2023","Attorney General's Departments","SEO","20","[c]","40510","40540"
"Leaver Dept.","2023","Cabinet Office","AO","55","[c]","22190","21720"
"Leaver Dept.","2023","Cabinet Office","EO","175","[c]","26890","27500"
"Leaver Dept.","2023","Cabinet Office","G6","115","[c]","66580","66530"
"Leaver Dept.","2023","Cabinet Office","G7","290","[c]","55210","55470"
"Leaver Dept.","2023","Cabinet Office","HEO","805","[c]","32780","32000"
"Leaver Dept.","2023","Cabinet Office","SCS level","80","[c]","83820","77410"
"Leaver Dept.","2023","Cabinet Office","SEO","185","[c]","40880","40600"
"Leaver Dept.","2023","Chancellor's other departments","AO","[c]","[c]","[c]","[c]"
"Leaver Dept.","2023","Chancellor's other departments","EO","[c]","[c]","[c]","[c]"
"Leaver Dept.","2023","Chancellor's other departments","G6","[c]","[c]","[c]","[c]"
"Leaver Dept.","2023","Chancellor's other departments","G7","[c]","[c]","[c]","[c]"
"Leaver Dept.","2023","Chancellor's other departments","HEO","[c]","[c]","[c]","[c]"
"Leaver Dept.","2023","Chancellor's other departments","SEO","[c]","[c]","[c]","[c]"
"Leaver Dept.","2023","Charity Commission","EO","[c]","[c]","[c]","[c]"
"Leaver Dept.","2023","Charity Commission","G7","[c]","[c]","[c]","[c]"
"Leaver Dept.","2023","Charity Commission","HEO","15","[c]","29200","29250"
"Leaver Dept.","2023","Charity Commission","SEO","[c]","[c]","[c]","[c]"
"Leaver Dept.","2023","Competition and Markets Authority","AO","[c]","[c]","[c]","[c]"
"Leaver Dept.","2023","Competition and Markets Authority","EO","[c]","[c]","[c]","[c]"
"Leaver Dept.","2023","Competition and Markets Authority","G6","5","[c]","[c]","[c]"
"Leaver Dept.","2023","Competition and Markets Authority","G7","5","[c]","[c]","[c]"
"Leaver Dept.","2023","Competition and Markets Authority","HEO","10","[c]","35240","34590"
"Leaver Dept.","2023","Competition and Markets Authority","SCS level","[c]","[c]","[c]","[c]"
"Leaver Dept.","2023","Competition and Markets Authority","SEO","[c]","[c]","[c]","[c]"
"Leaver Dept.","2023","Department for Business, Energy and Industrial Strategy","AA","[c]","[c]","[c]","[c]"
"Leaver Dept.","2023","Department for Business, Energy and Industrial Strategy","AO","55","[c]","22340","22180"
"Leaver Dept.","2023","Department for Business, Energy and Industrial Strategy","EO","85","[c]","26360","25610"
"Leaver Dept.","2023","Department for Business, Energy and Industrial Strategy","G6","40","[c]","67650","64700"
"Leaver Dept.","2023","Department for Business, Energy and Industrial Strategy","G7","165","[c]","53970","53600"
"Leaver Dept.","2023","Department for Business, Energy and Industrial Strategy","HEO","175","[c]","32940","33570"
"Leaver Dept.","2023","Department for Business, Energy and Industrial Strategy","SCS level","25","[c]","87190","75680"
"Leaver Dept.","2023","Department for Business, Energy and Industrial Strategy","SEO","160","[c]","40900","40050"
"Leaver Dept.","2023","Department for Digital, Culture, Media and Sport","EO","20","[c]","27330","27780"
"Leaver Dept.","2023","Department for Digital, Culture, Media and Sport","G6","20","[c]","63400","62260"
"Leaver Dept.","2023","Department for Digital, Culture, Media and Sport","G7","70","[c]","53730","53030"
"Leaver Dept.","2023","Department for Digital, Culture, Media and Sport","HEO","125","[c]","35970","35620"
"Leaver Dept.","2023","Department for Digital, Culture, Media and Sport","SCS level","15","[c]","87200","79260"
"Leaver Dept.","2023","Department for Education","AO","[c]","[c]","[c]","[c]"
"Leaver Dept.","2023","Department for Education","EO","55","[c]","27600","26940"
"Leaver Dept.","2023","Department for Education","G6","30","[c]","66370","65780"
"Leaver Dept.","2023","Department for Education","G7","115","[c]","54300","54530"
"Leaver Dept.","2023","Department for Education","HEO","130","[c]","32690","31830"
"Leaver Dept.","2023","Department for Education","SCS level","20","[c]","91760","77440"
"Leaver Dept.","2023","Department for Education","SEO","180","[c]","40560","40380"
"Leaver Dept.","2023","Department for Education","Unknown","[c]","[c]","[c]","[c]"
"Leaver Dept.","2023","Department for Environment, Food and Rural Affairs","AO","75","[c]","21920","22150"
"Leaver Dept.","2023","Department for Environment, Food and Rural Affairs","EO","80","[c]","25970","25920"
"Leaver Dept.","2023","Department for Environment, Food and Rural Affairs","G6","30","[c]","[c]","[c]"
"Leaver Dept.","2023","Department for Environment, Food and Rural Affairs","G7","85","[c]","[c]","[c]"
"Leaver Dept.","2023","Department for Environment, Food and Rural Affairs","HEO","180","[c]","30960","30540"
"Leaver Dept.","2023","Department for Environment, Food and Rural Affairs","SCS level","10","[c]","[c]","[c]"
"Leaver Dept.","2023","Department for Environment, Food and Rural Affairs","SEO","120","[c]","37960","37300"
"Leaver Dept.","2023","Department for Environment, Food and Rural Affairs","Unknown","[c]","[c]","[c]","[c]"
"Leaver Dept.","2023","Department for International Trade","EO","25","[c]","26160","26250"
"Leaver Dept.","2023","Department for International Trade","G6","20","[c]","64820","64500"
"Leaver Dept.","2023","Department for International Trade","G7","45","[c]","53730","52780"
"Leaver Dept.","2023","Department for International Trade","HEO","65","[c]","32640","32120"
"Leaver Dept.","2023","Department for International Trade","SCS level","10","[c]","[c]","[c]"
"Leaver Dept.","2023","Department for International Trade","SEO","55","[c]","39640","38940"
"Leaver Dept.","2023","Department for Levelling Up, Housing and Communities","AA","[c]","[c]","[c]","[c]"
"Leaver Dept.","2023","Department for Levelling Up, Housing and Communities","AO","5","[c]","[c]","[c]"
"Leaver Dept.","2023","Department for Levelling Up, Housing and Communities","EO","60","[c]","27840","27850"
"Leaver Dept.","2023","Department for Levelling Up, Housing and Communities","G6","30","[c]","64810","64480"
"Leaver Dept.","2023","Department for Levelling Up, Housing and Communities","G7","100","[c]","54290","54630"
"Leaver Dept.","2023","Department for Levelling Up, Housing and Communities","HEO","160","[c]","33170","33210"
"Leaver Dept.","2023","Department for Levelling Up, Housing and Communities","SCS level","15","[c]","87680","76060"
"Leaver Dept.","2023","Department for Levelling Up, Housing and Communities","SEO","85","[c]","40330","40050"
"Leaver Dept.","2023","Department for Transport","AA","10","[c]","18870","19000"
"Leaver Dept.","2023","Department for Transport","AO","110","[c]","22500","22500"
"Leaver Dept.","2023","Department for Transport","EO","120","[c]","27920","26960"
"Leaver Dept.","2023","Department for Transport","G6","25","[c]","68400","68100"
"Leaver Dept.","2023","Department for Transport","G7","60","[c]","54420","54380"
"Leaver Dept.","2023","Department for Transport","HEO","170","[c]","33360","32670"
"Leaver Dept.","2023","Department for Transport","SCS level","10","[c]","[c]","[c]"
"Leaver Dept.","2023","Department for Transport","SEO","100","[c]","41750","42050"
"Leaver Dept.","2023","Department for Work and Pensions","AO","575","[c]","21720","21690"
"Leaver Dept.","2023","Department for Work and Pensions","EO","1560","[c]","28740","28120"
"Leaver Dept.","2023","Department for Work and Pensions","G6","30","[c]","69920","69560"
"Leaver Dept.","2023","Department for Work and Pensions","G7","95","[c]","54010","53880"
"Leaver Dept.","2023","Department for Work and Pensions","HEO","315","[c]","34690","34170"
"Leaver Dept.","2023","Department for Work and Pensions","SCS level","15","[c]","94170","82570"
"Leaver Dept.","2023","Department for Work and Pensions","SEO","150","[c]","39510","38470"
"Leaver Dept.","2023","Department of Health and Social Care","AA","[c]","[c]","[c]","[c]"
"Leaver Dept.","2023","Department of Health and Social Care","AO","10","[c]","[c]","[c]"
"Leaver Dept.","2023","Department of Health and Social Care","EO","90","[c]","26030","26260"
"Leaver Dept.","2023","Department of Health and Social Care","G6","60","[c]","67180","66940"
"Leaver Dept.","2023","Department of Health and Social Care","G7","135","[c]","53380","53360"
"Leaver Dept.","2023","Department of Health and Social Care","HEO","170","[c]","31920","32640"
"Leaver Dept.","2023","Department of Health and Social Care","SCS level","35","[c]","91030","76740"
"Leaver Dept.","2023","Department of Health and Social Care","SEO","135","[c]","39410","40340"
"Leaver Dept.","2023","Estyn","EO","[c]","[c]","[c]","[c]"
"Leaver Dept.","2023","Estyn","G6","[c]","[c]","[c]","[c]"
"Leaver Dept.","2023","Food Standards Agency","EO","10","[c]","28460","28090"
"Leaver Dept.","2023","Food Standards Agency","G6","[c]","[c]","[c]","[c]"
"Leaver Dept.","2023","Food Standards Agency","G7","5","[c]","[c]","[c]"
"Leaver Dept.","2023","Food Standards Agency","HEO","20","[c]","32350","32350"
"Leaver Dept.","2023","Food Standards Agency","SCS level","[c]","[c]","[c]","[c]"
"Leaver Dept.","2023","Food Standards Agency","SEO","20","[c]","40010","40960"
"Leaver Dept.","2023","Foreign, Commonwealth and Development Office","AA","[c]","[c]","[c]","[c]"
"Leaver Dept.","2023","Foreign, Commonwealth and Development Office","AO","10","[c]","[c]","[c]"
"Leaver Dept.","2023","Foreign, Commonwealth and Development Office","EO","25","[c]","[c]","[c]"
"Leaver Dept.","2023","Foreign, Commonwealth and Development Office","G6","25","[c]","[c]","[c]"
"Leaver Dept.","2023","Foreign, Commonwealth and Development Office","G7","70","[c]","[c]","[c]"
"Leaver Dept.","2023","Foreign, Commonwealth and Development Office","HEO","55","[c]","[c]","[c]"
"Leaver Dept.","2023","Foreign, Commonwealth and Development Office","SCS level","20","[c]","[c]","[c]"
"Leaver Dept.","2023","Foreign, Commonwealth and Development Office","SEO","30","[c]","[c]","[c]"
"Leaver Dept.","2023","HM Revenue and Customs","AO","605","[c]","22400","22520"
"Leaver Dept.","2023","HM Revenue and Customs","EO","285","[c]","26670","26020"
"Leaver Dept.","2023","HM Revenue and Customs","G6","35","[c]","[c]","[c]"
"Leaver Dept.","2023","HM Revenue and Customs","G7","90","[c]","[c]","[c]"
"Leaver Dept.","2023","HM Revenue and Customs","HEO","225","[c]","34240","34000"
"Leaver Dept.","2023","HM Revenue and Customs","SCS level","20","[c]","[c]","[c]"
"Leaver Dept.","2023","HM Revenue and Customs","SEO","155","[c]","44330","46300"
"Leaver Dept.","2023","HM Treasury","AO","[c]","[c]","[c]","[c]"
"Leaver Dept.","2023","HM Treasury","EO","25","[c]","27080","27030"
"Leaver Dept.","2023","HM Treasury","G6","30","[c]","65510","65540"
"Leaver Dept.","2023","HM Treasury","G7","80","[c]","54810","54090"
"Leaver Dept.","2023","HM Treasury","HEO","85","[c]","33770","33630"
"Leaver Dept.","2023","HM Treasury","SCS level","20","[c]","92940","77590"
"Leaver Dept.","2023","HM Treasury","SEO","40","[c]","39110","39050"
"Leaver Dept.","2023","Home Office","AA","[c]","[c]","[c]","[c]"
"Leaver Dept.","2023","Home Office","AO","155","[c]","23130","22400"
"Leaver Dept.","2023","Home Office","EO","345","[c]","27470","26750"
"Leaver Dept.","2023","Home Office","G6","55","[c]","71060","70840"
"Leaver Dept.","2023","Home Office","G7","130","[c]","58760","59290"
"Leaver Dept.","2023","Home Office","HEO","285","[c]","34730","35350"
"Leaver Dept.","2023","Home Office","SCS level","30","[c]","90620","84160"
"Leaver Dept.","2023","Home Office","SEO","195","[c]","42310","43210"
"Leaver Dept.","2023","Home Office","Unknown","[c]","[c]","[c]","[c]"
"Leaver Dept.","2023","Ministry of Defence","AA","40","[c]","23140","21810"
"Leaver Dept.","2023","Ministry of Defence","AO","115","[c]","22810","22220"
"Leaver Dept.","2023","Ministry of Defence","EO","90","[c]","27990","27140"
"Leaver Dept.","2023","Ministry of Defence","G6","25","[c]","70220","70550"
"Leaver Dept.","2023","Ministry of Defence","G7","90","[c]","53220","54540"
"Leaver Dept.","2023","Ministry of Defence","HEO","155","[c]","34800","34300"
"Leaver Dept.","2023","Ministry of Defence","SCS level","5","[c]","[c]","[c]"
"Leaver Dept.","2023","Ministry of Defence","SEO","175","[c]","43110","42700"
"Leaver Dept.","2023","Ministry of Defence","Unknown","25","[c]","39820","38790"
"Leaver Dept.","2023","Ministry of Justice","AA","75","[c]","20290","19930"
"Leaver Dept.","2023","Ministry of Justice","AO","635","[c]","22320","21780"
"Leaver Dept.","2023","Ministry of Justice","EO","270","[c]","27230","26900"
"Leaver Dept.","2023","Ministry of Justice","G6","25","[c]","68160","68770"
"Leaver Dept.","2023","Ministry of Justice","G7","110","[c]","56900","55720"
"Leaver Dept.","2023","Ministry of Justice","HEO","275","[c]","33690","34260"
"Leaver Dept.","2023","Ministry of Justice","SCS level","20","[c]","89350","86460"
"Leaver Dept.","2023","Ministry of Justice","SEO","250","[c]","41890","41750"
"Leaver Dept.","2023","Ministry of Justice","Unknown","145","[c]","[c]","[c]"
"Leaver Dept.","2023","National Crime Agency","AO","15","[c]","27420","24650"
"Leaver Dept.","2023","National Crime Agency","EO","30","[c]","35180","34670"
"Leaver Dept.","2023","National Crime Agency","G6","[c]","[c]","[c]","[c]"
"Leaver Dept.","2023","National Crime Agency","G7","5","[c]","[c]","[c]"
"Leaver Dept.","2023","National Crime Agency","HEO","30","[c]","40910","40340"
"Leaver Dept.","2023","National Crime Agency","SCS level","[c]","[c]","[c]","[c]"
"Leaver Dept.","2023","National Crime Agency","SEO","20","[c]","49350","49520"
"Leaver Dept.","2023","Northern Ireland Office","EO","[c]","[c]","[c]","[c]"
"Leaver Dept.","2023","Northern Ireland Office","G6","[c]","[c]","[c]","[c]"
"Leaver Dept.","2023","Northern Ireland Office","G7","5","[c]","[c]","[c]"
"Leaver Dept.","2023","Northern Ireland Office","HEO","5","[c]","[c]","[c]"
"Leaver Dept.","2023","Northern Ireland Office","SCS level","[c]","[c]","[c]","[c]"
"Leaver Dept.","2023","Northern Ireland Office","SEO","15","[c]","[c]","[c]"
"Leaver Dept.","2023","Office for Standards in Education, Children's Services and Skills","AO","5","[c]","[c]","[c]"
"Leaver Dept.","2023","Office for Standards in Education, Children's Services and Skills","EO","10","[c]","[c]","[c]"
"Leaver Dept.","2023","Office for Standards in Education, Children's Services and Skills","G6","[c]","[c]","[c]","[c]"
"Leaver Dept.","2023","Office for Standards in Education, Children's Services and Skills","G7","10","[c]","[c]","[c]"
"Leaver Dept.","2023","Office for Standards in Education, Children's Services and Skills","HEO","10","[c]","33900","33130"
"Leaver Dept.","2023","Office for Standards in Education, Children's Services and Skills","SCS level","[c]","[c]","[c]","[c]"
"Leaver Dept.","2023","Office for Standards in Education, Children's Services and Skills","SEO","5","[c]","[c]","[c]"
"Leaver Dept.","2023","Office of Gas and Electricity Markets","AO","[c]","[c]","[c]","[c]"
"Leaver Dept.","2023","Office of Gas and Electricity Markets","EO","30","[c]","26110","25750"
"Leaver Dept.","2023","Office of Gas and Electricity Markets","G6","[c]","[c]","[c]","[c]"
"Leaver Dept.","2023","Office of Gas and Electricity Markets","G7","10","[c]","49960","48330"
"Leaver Dept.","2023","Office of Gas and Electricity Markets","HEO","30","[c]","33790","33400"
"Leaver Dept.","2023","Office of Gas and Electricity Markets","SCS level","[c]","[c]","[c]","[c]"
"Leaver Dept.","2023","Office of Gas and Electricity Markets","SEO","5","[c]","[c]","[c]"
"Leaver Dept.","2023","Office of Qualifications and Examinations Regulation","G7","[c]","[c]","[c]","[c]"
"Leaver Dept.","2023","Office of Qualifications and Examinations Regulation","HEO","5","[c]","[c]","[c]"
"Leaver Dept.","2023","Office of Qualifications and Examinations Regulation","SCS level","[c]","[c]","[c]","[c]"
"Leaver Dept.","2023","Office of Qualifications and Examinations Regulation","SEO","[c]","[c]","[c]","[c]"
"Leaver Dept.","2023","Office of Rail and Road","AO","[c]","[c]","[c]","[c]"
"Leaver Dept.","2023","Office of Rail and Road","EO","[c]","[c]","[c]","[c]"
"Leaver Dept.","2023","Office of Rail and Road","G7","5","[c]","[c]","[c]"
"Leaver Dept.","2023","Office of Rail and Road","HEO","[c]","[c]","[c]","[c]"
"Leaver Dept.","2023","Office of Rail and Road","SCS level","[c]","[c]","[c]","[c]"
"Leaver Dept.","2023","Office of Rail and Road","SEO","[c]","[c]","[c]","[c]"
"Leaver Dept.","2023","Office of the Secretary of State for Scotland","AO","[c]","[c]","[c]","[c]"
"Leaver Dept.","2023","Office of the Secretary of State for Scotland","EO","[c]","[c]","[c]","[c]"
"Leaver Dept.","2023","Office of the Secretary of State for Scotland","G7","[c]","[c]","[c]","[c]"
"Leaver Dept.","2023","Office of the Secretary of State for Scotland","HEO","[c]","[c]","[c]","[c]"
"Leaver Dept.","2023","Office of the Secretary of State for Scotland","SEO","[c]","[c]","[c]","[c]"
"Leaver Dept.","2023","Office of the Secretary of State for Wales","AO","[c]","[c]","[c]","[c]"
"Leaver Dept.","2023","Office of the Secretary of State for Wales","EO","[c]","[c]","[c]","[c]"
"Leaver Dept.","2023","Office of the Secretary of State for Wales","HEO","[c]","[c]","[c]","[c]"
"Leaver Dept.","2023","Scottish Government","AA","10","[c]","[c]","[c]"
"Leaver Dept.","2023","Scottish Government","AO","30","[c]","26170","26220"
"Leaver Dept.","2023","Scottish Government","EO","35","[c]","30950","31180"
"Leaver Dept.","2023","Scottish Government","G6","10","[c]","77830","79110"
"Leaver Dept.","2023","Scottish Government","G7","20","[c]","60060","58850"
"Leaver Dept.","2023","Scottish Government","HEO","40","[c]","37200","37250"
"Leaver Dept.","2023","Scottish Government","SCS level","[c]","[c]","[c]","[c]"
"Leaver Dept.","2023","Scottish Government","SEO","25","[c]","47070","48030"
"Leaver Dept.","2023","The National Archives","EO","[c]","[c]","[c]","[c]"
"Leaver Dept.","2023","The National Archives","HEO","5","[c]","[c]","[c]"
"Leaver Dept.","2023","The National Archives","SEO","[c]","[c]","[c]","[c]"
"Leaver Dept.","2023","UK Export Finance","EO","5","[c]","[c]","[c]"
"Leaver Dept.","2023","UK Export Finance","G7","[c]","[c]","[c]","[c]"
"Leaver Dept.","2023","UK Export Finance","HEO","[c]","[c]","[c]","[c]"
"Leaver Dept.","2023","UK Export Finance","SEO","[c]","[c]","[c]","[c]"
"Leaver Dept.","2023","UK Statistics Authority","AA","10","[c]","21750","21200"
"Leaver Dept.","2023","UK Statistics Authority","AO","30","[c]","21260","21200"
"Leaver Dept.","2023","UK Statistics Authority","EO","25","[c]","25090","24840"
"Leaver Dept.","2023","UK Statistics Authority","G6","5","[c]","[c]","[c]"
"Leaver Dept.","2023","UK Statistics Authority","G7","25","[c]","52120","51460"
"Leaver Dept.","2023","UK Statistics Authority","HEO","85","[c]","31640","31190"
"Leaver Dept.","2023","UK Statistics Authority","SCS level","[c]","[c]","[c]","[c]"
"Leaver Dept.","2023","UK Statistics Authority","SEO","55","[c]","38810","37880"
"Leaver Dept.","2023","UK Supreme Court","AO","[c]","[c]","[c]","[c]"
"Leaver Dept.","2023","UK Supreme Court","EO","[c]","[c]","[c]","[c]"
"Leaver Dept.","2023","UK Supreme Court","HEO","[c]","[c]","[c]","[c]"
"Leaver Dept.","2023","Water Services Regulation Authority","EO","[c]","[c]","[c]","[c]"
"Leaver Dept.","2023","Water Services Regulation Authority","G6","[c]","[c]","[c]","[c]"
"Leaver Dept.","2023","Water Services Regulation Authority","HEO","[c]","[c]","[c]","[c]"
"Leaver Dept.","2023","Water Services Regulation Authority","SEO","[c]","[c]","[c]","[c]"
"Leaver Dept.","2023","Welsh Government","AO","5","[c]","[c]","[c]"
"Leaver Dept.","2023","Welsh Government","EO","15","[c]","27230","26820"
"Leaver Dept.","2023","Welsh Government","G6","[c]","[c]","[c]","[c]"
"Leaver Dept.","2023","Welsh Government","G7","10","[c]","60820","61440"
"Leaver Dept.","2023","Welsh Government","HEO","15","[c]","36210","38160"
"Leaver Dept.","2023","Welsh Government","SCS level","5","[c]","[c]","[c]"
"Leaver Dept.","2023","Welsh Government","SEO","15","[c]","45120","47470"
"New entrant CS","2023","Attorney General's Departments","AA","[c]","[c]","[c]","[c]"
"New entrant CS","2023","Attorney General's Departments","AO","485","[c]","21790","21120"
"New entrant CS","2023","Attorney General's Departments","EO","275","[c]","27720","27760"
"New entrant CS","2023","Attorney General's Departments","G6","15","[c]","70350","65650"
"New entrant CS","2023","Attorney General's Departments","G7","230","[c]","53000","52020"
"New entrant CS","2023","Attorney General's Departments","HEO","105","[c]","37320","32660"
"New entrant CS","2023","Attorney General's Departments","SCS level","[c]","[c]","[c]","[c]"
"New entrant CS","2023","Attorney General's Departments","SEO","155","[c]","39500","38760"
"New entrant CS","2023","Cabinet Office","AO","140","[c]","21230","21720"
"New entrant CS","2023","Cabinet Office","EO","130","[c]","25680","24610"
"New entrant CS","2023","Cabinet Office","G6","50","[c]","73060","66570"
"New entrant CS","2023","Cabinet Office","G7","180","[c]","58640","56430"
"New entrant CS","2023","Cabinet Office","HEO","640","[c]","29860","28840"
"New entrant CS","2023","Cabinet Office","SCS level","40","[c]","121670","115000"
"New entrant CS","2023","Cabinet Office","SEO","90","[c]","39800","39860"
"New entrant CS","2023","Chancellor's other departments","AO","[c]","[c]","[c]","[c]"
"New entrant CS","2023","Chancellor's other departments","EO","15","[c]","28960","30090"
"New entrant CS","2023","Chancellor's other departments","G6","10","[c]","80680","75750"
"New entrant CS","2023","Chancellor's other departments","G7","10","[c]","[c]","[c]"
"New entrant CS","2023","Chancellor's other departments","HEO","15","[c]","36340","34270"
"New entrant CS","2023","Chancellor's other departments","SEO","10","[c]","[c]","[c]"
"New entrant CS","2023","Charity Commission","AO","[c]","[c]","[c]","[c]"
"New entrant CS","2023","Charity Commission","EO","30","[c]","25300","25300"
"New entrant CS","2023","Charity Commission","G6","[c]","[c]","[c]","[c]"
"New entrant CS","2023","Charity Commission","G7","5","[c]","[c]","[c]"
"New entrant CS","2023","Charity Commission","HEO","25","[c]","30320","30170"
"New entrant CS","2023","Charity Commission","SEO","15","[c]","39550","38800"
"New entrant CS","2023","Competition and Markets Authority","AO","25","[c]","23100","23200"
"New entrant CS","2023","Competition and Markets Authority","EO","20","[c]","27690","27550"
"New entrant CS","2023","Competition and Markets Authority","G6","15","[c]","75850","76000"
"New entrant CS","2023","Competition and Markets Authority","G7","35","[c]","57580","57000"
"New entrant CS","2023","Competition and Markets Authority","HEO","40","[c]","34520","34110"
"New entrant CS","2023","Competition and Markets Authority","SCS level","5","[c]","[c]","[c]"
"New entrant CS","2023","Competition and Markets Authority","SEO","15","[c]","45000","44910"
"New entrant CS","2023","Department for Business, Energy and Industrial Strategy","AA","40","[c]","18570","19080"
"New entrant CS","2023","Department for Business, Energy and Industrial Strategy","AO","245","[c]","21810","21380"
"New entrant CS","2023","Department for Business, Energy and Industrial Strategy","EO","265","[c]","27070","25610"
"New entrant CS","2023","Department for Business, Energy and Industrial Strategy","G6","20","[c]","66890","66790"
"New entrant CS","2023","Department for Business, Energy and Industrial Strategy","G7","105","[c]","52390","50930"
"New entrant CS","2023","Department for Business, Energy and Industrial Strategy","HEO","335","[c]","33640","32700"
"New entrant CS","2023","Department for Business, Energy and Industrial Strategy","SCS level","10","[c]","[c]","[c]"
"New entrant CS","2023","Department for Business, Energy and Industrial Strategy","SEO","220","[c]","41870","41060"
"New entrant CS","2023","Department for Digital, Culture, Media and Sport","AO","5","[c]","[c]","[c]"
"New entrant CS","2023","Department for Digital, Culture, Media and Sport","EO","55","[c]","26400","27230"
"New entrant CS","2023","Department for Digital, Culture, Media and Sport","G6","[c]","[c]","[c]","[c]"
"New entrant CS","2023","Department for Digital, Culture, Media and Sport","G7","20","[c]","52990","52760"
"New entrant CS","2023","Department for Digital, Culture, Media and Sport","HEO","110","[c]","35430","35040"
"New entrant CS","2023","Department for Digital, Culture, Media and Sport","SCS level","[c]","[c]","[c]","[c]"
"New entrant CS","2023","Department for Education","AO","20","[c]","21220","22020"
"New entrant CS","2023","Department for Education","EO","145","[c]","25830","25900"
"New entrant CS","2023","Department for Education","G6","15","[c]","66520","65980"
"New entrant CS","2023","Department for Education","G7","65","[c]","53150","51450"
"New entrant CS","2023","Department for Education","HEO","140","[c]","31740","30330"
"New entrant CS","2023","Department for Education","SCS level","5","[c]","[c]","[c]"
"New entrant CS","2023","Department for Education","SEO","110","[c]","38910","37590"
"New entrant CS","2023","Department for Environment, Food and Rural Affairs","AO","705","[c]","22410","22150"
"New entrant CS","2023","Department for Environment, Food and Rural Affairs","EO","370","[c]","26500","25920"
"New entrant CS","2023","Department for Environment, Food and Rural Affairs","G6","50","[c]","63670","64110"
"New entrant CS","2023","Department for Environment, Food and Rural Affairs","G7","215","[c]","52030","51290"
"New entrant CS","2023","Department for Environment, Food and Rural Affairs","HEO","335","[c]","31820","30350"
"New entrant CS","2023","Department for Environment, Food and Rural Affairs","SCS level","15","[c]","86490","81530"
"New entrant CS","2023","Department for Environment, Food and Rural Affairs","SEO","290","[c]","38860","37300"
"New entrant CS","2023","Department for Environment, Food and Rural Affairs","Unknown","[c]","[c]","[c]","[c]"
"New entrant CS","2023","Department for International Trade","AO","5","[c]","[c]","[c]"
"New entrant CS","2023","Department for International Trade","EO","170","[c]","26500","27420"
"New entrant CS","2023","Department for International Trade","G6","20","[c]","70460","70360"
"New entrant CS","2023","Department for International Trade","G7","110","[c]","55450","55370"
"New entrant CS","2023","Department for International Trade","HEO","205","[c]","33940","35010"
"New entrant CS","2023","Department for International Trade","SCS level","5","[c]","[c]","[c]"
"New entrant CS","2023","Department for International Trade","SEO","265","[c]","41790","41910"
"New entrant CS","2023","Department for Levelling Up, Housing and Communities","AA","20","[c]","18300","18300"
"New entrant CS","2023","Department for Levelling Up, Housing and Communities","AO","55","[c]","22770","21960"
"New entrant CS","2023","Department for Levelling Up, Housing and Communities","EO","40","[c]","27470","27120"
"New entrant CS","2023","Department for Levelling Up, Housing and Communities","G6","30","[c]","65280","60050"
"New entrant CS","2023","Department for Levelling Up, Housing and Communities","G7","95","[c]","47070","43740"
"New entrant CS","2023","Department for Levelling Up, Housing and Communities","HEO","105","[c]","32670","33880"
"New entrant CS","2023","Department for Levelling Up, Housing and Communities","SCS level","[c]","[c]","[c]","[c]"
"New entrant CS","2023","Department for Levelling Up, Housing and Communities","SEO","35","[c]","40860","40800"
"New entrant CS","2023","Department for Transport","AA","140","[c]","19080","19000"
"New entrant CS","2023","Department for Transport","AO","820","[c]","23720","22500"
"New entrant CS","2023","Department for Transport","EO","465","[c]","27450","26780"
"New entrant CS","2023","Department for Transport","G6","20","[c]","68460","67420"
"New entrant CS","2023","Department for Transport","G7","50","[c]","55400","55190"
"New entrant CS","2023","Department for Transport","HEO","195","[c]","32920","31940"
"New entrant CS","2023","Department for Transport","SCS level","10","[c]","[c]","[c]"
"New entrant CS","2023","Department for Transport","SEO","120","[c]","41810","40290"
"New entrant CS","2023","Department for Work and Pensions","AO","1835","[c]","21900","21690"
"New entrant CS","2023","Department for Work and Pensions","EO","975","[c]","28020","28120"
"New entrant CS","2023","Department for Work and Pensions","G6","30","[c]","72990","73190"
"New entrant CS","2023","Department for Work and Pensions","G7","180","[c]","55750","55710"
"New entrant CS","2023","Department for Work and Pensions","HEO","420","[c]","35020","34170"
"New entrant CS","2023","Department for Work and Pensions","SCS level","5","[c]","[c]","[c]"
"New entrant CS","2023","Department for Work and Pensions","SEO","250","[c]","41950","40500"
"New entrant CS","2023","Department of Health and Social Care","AA","30","[c]","21240","20100"
"New entrant CS","2023","Department of Health and Social Care","AO","155","[c]","22400","22480"
"New entrant CS","2023","Department of Health and Social Care","EO","305","[c]","26860","27690"
"New entrant CS","2023","Department of Health and Social Care","G6","95","[c]","71150","67160"
"New entrant CS","2023","Department of Health and Social Care","G7","220","[c]","53390","53400"
"New entrant CS","2023","Department of Health and Social Care","HEO","320","[c]","33020","33500"
"New entrant CS","2023","Department of Health and Social Care","SCS level","70","[c]","101220","95000"
"New entrant CS","2023","Department of Health and Social Care","SEO","270","[c]","40490","40880"
"New entrant CS","2023","Estyn","AO","10","[c]","[c]","[c]"
"New entrant CS","2023","Estyn","EO","[c]","[c]","[c]","[c]"
"New entrant CS","2023","Estyn","G6","10","[c]","[c]","[c]"
"New entrant CS","2023","Estyn","HEO","[c]","[c]","[c]","[c]"
"New entrant CS","2023","Estyn","SEO","[c]","[c]","[c]","[c]"
"New entrant CS","2023","Food Standards Agency","AO","5","[c]","[c]","[c]"
"New entrant CS","2023","Food Standards Agency","EO","50","[c]","26450","26910"
"New entrant CS","2023","Food Standards Agency","G6","[c]","[c]","[c]","[c]"
"New entrant CS","2023","Food Standards Agency","G7","5","[c]","[c]","[c]"
"New entrant CS","2023","Food Standards Agency","HEO","55","[c]","31540","31260"
"New entrant CS","2023","Food Standards Agency","SEO","45","[c]","38960","38100"
"New entrant CS","2023","Foreign, Commonwealth and Development Office","AO","5","[c]","[c]","[c]"
"New entrant CS","2023","Foreign, Commonwealth and Development Office","EO","5","[c]","[c]","[c]"
"New entrant CS","2023","Foreign, Commonwealth and Development Office","G7","[c]","[c]","[c]","[c]"
"New entrant CS","2023","HM Land Registry","AA","10","[c]","[c]","[c]"
"New entrant CS","2023","HM Land Registry","AO","220","[c]","23530","23390"
"New entrant CS","2023","HM Land Registry","EO","65","[c]","28760","28080"
"New entrant CS","2023","HM Land Registry","G6","[c]","[c]","[c]","[c]"
"New entrant CS","2023","HM Land Registry","G7","20","[c]","56560","56190"
"New entrant CS","2023","HM Land Registry","HEO","30","[c]","36330","34850"
"New entrant CS","2023","HM Land Registry","SEO","20","[c]","43450","43150"
"New entrant CS","2023","HM Revenue and Customs","AO","3430","[c]","22810","22520"
"New entrant CS","2023","HM Revenue and Customs","EO","625","[c]","28220","27650"
"New entrant CS","2023","HM Revenue and Customs","G6","35","[c]","68820","68000"
"New entrant CS","2023","HM Revenue and Customs","G7","195","[c]","55030","52800"
"New entrant CS","2023","HM Revenue and Customs","HEO","605","[c]","35460","34400"
"New entrant CS","2023","HM Revenue and Customs","SCS level","10","[c]","99280","92500"
"New entrant CS","2023","HM Revenue and Customs","SEO","270","[c]","43270","42140"
"New entrant CS","2023","HM Treasury","AO","55","[c]","22150","21700"
"New entrant CS","2023","HM Treasury","EO","80","[c]","26510","27180"
"New entrant CS","2023","HM Treasury","G6","10","[c]","72620","65630"
"New entrant CS","2023","HM Treasury","G7","30","[c]","55510","54090"
"New entrant CS","2023","HM Treasury","HEO","140","[c]","31810","32360"
"New entrant CS","2023","HM Treasury","SCS level","5","[c]","[c]","[c]"
"New entrant CS","2023","HM Treasury","SEO","25","[c]","43330","42250"
"New entrant CS","2023","Home Office","AA","120","[c]","21540","22460"
"New entrant CS","2023","Home Office","AO","3710","[c]","23080","22400"
"New entrant CS","2023","Home Office","EO","3280","[c]","27080","25750"
"New entrant CS","2023","Home Office","G6","20","[c]","69890","70840"
"New entrant CS","2023","Home Office","G7","85","[c]","57760","59000"
"New entrant CS","2023","Home Office","HEO","385","[c]","34070","32670"
"New entrant CS","2023","Home Office","SCS level","25","[c]","92830","84310"
"New entrant CS","2023","Home Office","SEO","155","[c]","41110","40300"
"New entrant CS","2023","Home Office","Unknown","[c]","[c]","[c]","[c]"
"New entrant CS","2023","Ministry of Defence","AA","640","[c]","23100","21380"
"New entrant CS","2023","Ministry of Defence","AO","1600","[c]","23490","22220"
"New entrant CS","2023","Ministry of Defence","EO","940","[c]","27820","27080"
"New entrant CS","2023","Ministry of Defence","G6","95","[c]","75050","70550"
"New entrant CS","2023","Ministry of Defence","G7","285","[c]","54560","54440"
"New entrant CS","2023","Ministry of Defence","HEO","1375","[c]","33410","33830"
"New entrant CS","2023","Ministry of Defence","SCS level","25","[c]","103110","107500"
"New entrant CS","2023","Ministry of Defence","SEO","665","[c]","42430","41000"
"New entrant CS","2023","Ministry of Defence","Unknown","420","[c]","29610","26000"
"New entrant CS","2023","Ministry of Justice","AA","2200","[c]","22940","23230"
"New entrant CS","2023","Ministry of Justice","AO","6665","[c]","27430","28880"
"New entrant CS","2023","Ministry of Justice","EO","675","[c]","28070","28480"
"New entrant CS","2023","Ministry of Justice","G6","10","[c]","66330","63190"
"New entrant CS","2023","Ministry of Justice","G7","115","[c]","55290","55720"
"New entrant CS","2023","Ministry of Justice","HEO","575","[c]","33470","33200"
"New entrant CS","2023","Ministry of Justice","SCS level","[c]","[c]","[c]","[c]"
"New entrant CS","2023","Ministry of Justice","SEO","295","[c]","41600","41510"
"New entrant CS","2023","Ministry of Justice","Unknown","4065","[c]","23100","23640"
"New entrant CS","2023","National Crime Agency","AO","45","[c]","24030","22950"
"New entrant CS","2023","National Crime Agency","EO","305","[c]","34240","34340"
"New entrant CS","2023","National Crime Agency","G6","10","[c]","74650","71980"
"New entrant CS","2023","National Crime Agency","G7","20","[c]","63100","61570"
"New entrant CS","2023","National Crime Agency","HEO","90","[c]","41610","41170"
"New entrant CS","2023","National Crime Agency","SCS level","[c]","[c]","[c]","[c]"
"New entrant CS","2023","National Crime Agency","SEO","45","[c]","49520","49180"
"New entrant CS","2023","Northern Ireland Office","AO","[c]","[c]","[c]","[c]"
"New entrant CS","2023","Northern Ireland Office","EO","[c]","[c]","[c]","[c]"
"New entrant CS","2023","Northern Ireland Office","G6","[c]","[c]","[c]","[c]"
"New entrant CS","2023","Northern Ireland Office","HEO","[c]","[c]","[c]","[c]"
"New entrant CS","2023","Northern Ireland Office","SEO","5","[c]","[c]","[c]"
"New entrant CS","2023","Office for Standards in Education, Children's Services and Skills","AO","65","[c]","22260","22260"
"New entrant CS","2023","Office for Standards in Education, Children's Services and Skills","EO","40","[c]","27900","27140"
"New entrant CS","2023","Office for Standards in Education, Children's Services and Skills","G6","[c]","[c]","[c]","[c]"
"New entrant CS","2023","Office for Standards in Education, Children's Services and Skills","G7","145","[c]","75210","77470"
"New entrant CS","2023","Office for Standards in Education, Children's Services and Skills","HEO","45","[c]","33970","33130"
"New entrant CS","2023","Office for Standards in Education, Children's Services and Skills","SCS level","[c]","[c]","[c]","[c]"
"New entrant CS","2023","Office for Standards in Education, Children's Services and Skills","SEO","160","[c]","48650","47750"
"New entrant CS","2023","Office of Gas and Electricity Markets","AO","30","[c]","21140","20970"
"New entrant CS","2023","Office of Gas and Electricity Markets","EO","170","[c]","26150","25750"
"New entrant CS","2023","Office of Gas and Electricity Markets","G6","40","[c]","73600","72000"
"New entrant CS","2023","Office of Gas and Electricity Markets","G7","90","[c]","53750","53000"
"New entrant CS","2023","Office of Gas and Electricity Markets","HEO","75","[c]","36030","34790"
"New entrant CS","2023","Office of Gas and Electricity Markets","SCS level","10","[c]","[c]","[c]"
"New entrant CS","2023","Office of Gas and Electricity Markets","SEO","60","[c]","40920","41000"
"New entrant CS","2023","Office of Qualifications and Examinations Regulation","AO","[c]","[c]","[c]","[c]"
"New entrant CS","2023","Office of Qualifications and Examinations Regulation","EO","15","[c]","24160","23760"
"New entrant CS","2023","Office of Qualifications and Examinations Regulation","G6","[c]","[c]","[c]","[c]"
"New entrant CS","2023","Office of Qualifications and Examinations Regulation","G7","15","[c]","50430","49000"
"New entrant CS","2023","Office of Qualifications and Examinations Regulation","HEO","30","[c]","32090","31310"
"New entrant CS","2023","Office of Qualifications and Examinations Regulation","SCS level","[c]","[c]","[c]","[c]"
"New entrant CS","2023","Office of Qualifications and Examinations Regulation","SEO","20","[c]","39770","39000"
"New entrant CS","2023","Office of Rail and Road","AO","5","[c]","[c]","[c]"
"New entrant CS","2023","Office of Rail and Road","EO","5","[c]","[c]","[c]"
"New entrant CS","2023","Office of Rail and Road","G6","[c]","[c]","[c]","[c]"
"New entrant CS","2023","Office of Rail and Road","G7","15","[c]","54910","55990"
"New entrant CS","2023","Office of Rail and Road","HEO","10","[c]","[c]","[c]"
"New entrant CS","2023","Office of Rail and Road","SCS level","[c]","[c]","[c]","[c]"
"New entrant CS","2023","Office of Rail and Road","SEO","10","[c]","[c]","[c]"
"New entrant CS","2023","Office of the Secretary of State for Scotland","AA","[c]","[c]","[c]","[c]"
"New entrant CS","2023","Office of the Secretary of State for Scotland","AO","[c]","[c]","[c]","[c]"
"New entrant CS","2023","Office of the Secretary of State for Scotland","EO","5","[c]","[c]","[c]"
"New entrant CS","2023","Office of the Secretary of State for Scotland","G6","[c]","[c]","[c]","[c]"
"New entrant CS","2023","Office of the Secretary of State for Scotland","G7","10","[c]","53610","52360"
"New entrant CS","2023","Office of the Secretary of State for Scotland","HEO","[c]","[c]","[c]","[c]"
"New entrant CS","2023","Office of the Secretary of State for Scotland","SEO","[c]","[c]","[c]","[c]"
"New entrant CS","2023","Office of the Secretary of State for Wales","AO","[c]","[c]","[c]","[c]"
"New entrant CS","2023","Office of the Secretary of State for Wales","EO","[c]","[c]","[c]","[c]"
"New entrant CS","2023","Office of the Secretary of State for Wales","G7","[c]","[c]","[c]","[c]"
"New entrant CS","2023","Office of the Secretary of State for Wales","HEO","[c]","[c]","[c]","[c]"
"New entrant CS","2023","Scottish Government","AA","1070","[c]","22360","22180"
"New entrant CS","2023","Scottish Government","AO","710","[c]","24460","24710"
"New entrant CS","2023","Scottish Government","EO","1045","[c]","29500","29100"
"New entrant CS","2023","Scottish Government","G6","60","[c]","73170","70920"
"New entrant CS","2023","Scottish Government","G7","230","[c]","55800","52360"
"New entrant CS","2023","Scottish Government","HEO","585","[c]","34910","33520"
"New entrant CS","2023","Scottish Government","SCS level","20","[c]","90360","81890"
"New entrant CS","2023","Scottish Government","SEO","320","[c]","44380","42860"
"New entrant CS","2023","The National Archives","AO","25","[c]","23290","23460"
"New entrant CS","2023","The National Archives","EO","20","[c]","25610","24990"
"New entrant CS","2023","The National Archives","G6","[c]","[c]","[c]","[c]"
"New entrant CS","2023","The National Archives","G7","[c]","[c]","[c]","[c]"
"New entrant CS","2023","The National Archives","HEO","30","[c]","32260","29920"
"New entrant CS","2023","The National Archives","SEO","20","[c]","41960","41000"
"New entrant CS","2023","UK Export Finance","AO","[c]","[c]","[c]","[c]"
"New entrant CS","2023","UK Export Finance","EO","25","[c]","32300","32300"
"New entrant CS","2023","UK Export Finance","G6","10","[c]","77420","77520"
"New entrant CS","2023","UK Export Finance","G7","15","[c]","59690","60600"
"New entrant CS","2023","UK Export Finance","HEO","20","[c]","35280","34000"
"New entrant CS","2023","UK Export Finance","SCS level","[c]","[c]","[c]","[c]"
"New entrant CS","2023","UK Export Finance","SEO","20","[c]","45620","44500"
"New entrant CS","2023","UK Statistics Authority","AA","40","[c]","20910","21200"
"New entrant CS","2023","UK Statistics Authority","AO","435","[c]","21440","21200"
"New entrant CS","2023","UK Statistics Authority","EO","145","[c]","25170","24840"
"New entrant CS","2023","UK Statistics Authority","G6","10","[c]","62620","61240"
"New entrant CS","2023","UK Statistics Authority","G7","75","[c]","53360","51460"
"New entrant CS","2023","UK Statistics Authority","HEO","245","[c]","31540","31060"
"New entrant CS","2023","UK Statistics Authority","SCS level","15","[c]","85690","80820"
"New entrant CS","2023","UK Statistics Authority","SEO","130","[c]","38640","37760"
"New entrant CS","2023","UK Supreme Court","AO","[c]","[c]","[c]","[c]"
"New entrant CS","2023","UK Supreme Court","EO","10","[c]","[c]","[c]"
"New entrant CS","2023","UK Supreme Court","G7","[c]","[c]","[c]","[c]"
"New entrant CS","2023","UK Supreme Court","HEO","[c]","[c]","[c]","[c]"
"New entrant CS","2023","UK Supreme Court","SEO","10","[c]","37230","37230"
"New entrant CS","2023","Water Services Regulation Authority","EO","15","[c]","28630","29000"
"New entrant CS","2023","Water Services Regulation Authority","G6","[c]","[c]","[c]","[c]"
"New entrant CS","2023","Water Services Regulation Authority","G7","10","[c]","[c]","[c]"
"New entrant CS","2023","Water Services Regulation Authority","HEO","20","[c]","46590","46370"
"New entrant CS","2023","Water Services Regulation Authority","SEO","[c]","[c]","[c]","[c]"
"New entrant CS","2023","Welsh Government","AO","105","[c]","22180","22150"
"New entrant CS","2023","Welsh Government","EO","40","[c]","27180","26900"
"New entrant CS","2023","Welsh Government","G6","[c]","[c]","[c]","[c]"
"New entrant CS","2023","Welsh Government","G7","35","[c]","54580","53440"
"New entrant CS","2023","Welsh Government","HEO","75","[c]","33850","32460"
"New entrant CS","2023","Welsh Government","SCS level","[c]","[c]","[c]","[c]"
"New entrant CS","2023","Welsh Government","SEO","55","[c]","43190","41700"
"Notes","Summary figures are suppressed when information relates to less than 5 civil servants for FTE or Headcount, and less than 10 civil servants for median and mean salary (shown as [c]). Zero responses and salaries for less than 30 civil servants have been suppressed for GPDR special category data. FTE figures are not shown for entrants or leavers due to data quality concerns for these groups. Figures are rounded to the nearest 5, or 10 as appropriate.","","","","","",""
"Data source","All figures are aggregated from the Cabinet Office Annual Civil Service Employment Survey collection. https://www.gov.uk/government/collections/civil-service-statistics","","","","","",""
"Version","Generated on 2023-07-26, with GIT d545f65.","","","","","",""
"Data column","Description","","","","","",""
"Status","Employment status of the civil servants.","","","","","",""
"","In post - includes staff that were in post on the reference date (31 March).","","","","","",""
"","New entrant CS - includes new entrants to the Civil Service over the year (1 April to 31 March).","","","","","",""
"","Leaver CS - includes leavers from the Civil Service over the year (1 April to 31 March). This includes employees who have an Unknown leaving cause.","","","","","",""
"","Leaver Dept. - includes leavers from the department over the year (1 April to 31 March), who did not leave the Civil Service.","","","","","",""
"","Four organisations do not report when their employees first entered the Civil Service and so entrants data for these organisations is not available . These are as follows: Foreign Commonwealth and Development Office (excl. agencies), Foreign Commonwealth and Development Office Services, Scottish Forestry and Forest and Land Scotland. A further three organisations also could not provide entrants data in 2021. These are as follows: Department for International Development, Foreign and Commonwealth Office (excl. agencies) and Royal Fleet Auxiliary.","","","","","",""
"Year","Year of data collection (as at 31 March).","","","","","",""
"Parent_department","Government Department, total figures for both Ministerial and Non-Ministerial Departments include all of their Executive Agencies.","","","","","",""
"Responsibility_level_ungrouped","With the exception of the centrally managed Senior Civil Service, government departments have delegated pay and grading. For statistical purposes departments are asked to map their grades to a common framework by responsibility level.","","","","","",""
"","This table shows staff in their substantive responsibility level unless on temporary promotion in which case staff are recorded at the higher responsibility level.","","","","","",""
"","Responsibility_level_ungrouped shows the mapped grades at a higher level of detail, however not all Government Departments / bodies have distinct grades that map exactly to these levels so figures should be considered as approximations and treated with caution.","","","","","",""
"Headcount","Total number of civil servants (rounded to nearest 5).","","","","","",""
"FTE","Total full-time equivalent (FTE) employment numbers (rounded to nearest 5).","","","","","",""
"","FTE figures are not shown for entrants or leavers due to data quality concerns for these groups.","","","","","",""
"Mean_salary","Average salary (mean, rounded to nearest 10). For part-time employees, salaries represent the full-time equivalent earnings, while for full-time employees they are the actual annual gross salaries.","","","","","",""
"","These figures should be interpreted with caution when the total number of employees in a group is small, as they will tend to show more variability than larger groups (i.e. may be much higher or lower than can be explained by the data shown).","","","","","",""
"Median_salary","Median salary (rounded to nearest 10). For part-time employees, salaries represent the full-time equivalent earnings, while for full-time employees they are the actual annual gross salaries.","","","","","",""
"","These figures should be interpreted with caution when the total number of employees in a group is small, as they will tend to show more variability than larger groups (i.e. may be much higher or lower than can be explained by the data shown).","","","","","",""
