"Status","Year","Disability","Function_of_post","Sexual_orientation","Headcount","FTE","Mean_salary","Median_salary"
"In post","2023","Declared disabled","Analysis","Heterosexual / straight","690","650","43840","39890"
"In post","2023","Declared disabled","Analysis","LGBO","170","160","40410","38300"
"In post","2023","Declared disabled","Analysis","Undeclared","85","80","42760","38980"
"In post","2023","Declared disabled","Analysis","Unknown","95","90","41520","39890"
"In post","2023","Declared disabled","Commercial","Heterosexual / straight","530","510","46990","41690"
"In post","2023","Declared disabled","Commercial","LGBO","50","50","46240","40450"
"In post","2023","Declared disabled","Commercial","Undeclared","70","70","45270","42700"
"In post","2023","Declared disabled","Commercial","Unknown","105","105","49490","42800"
"In post","2023","Declared disabled","Communications","Heterosexual / straight","250","235","41580","38470"
"In post","2023","Declared disabled","Communications","LGBO","50","45","41770","39300"
"In post","2023","Declared disabled","Communications","Undeclared","35","30","39990","34370"
"In post","2023","Declared disabled","Communications","Unknown","15","15","[c]","[c]"
"In post","2023","Declared disabled","Counter Fraud","Heterosexual / straight","1615","1465","32690","28980"
"In post","2023","Declared disabled","Counter Fraud","LGBO","185","175","32460","29320"
"In post","2023","Declared disabled","Counter Fraud","Undeclared","240","215","31500","28120"
"In post","2023","Declared disabled","Counter Fraud","Unknown","170","150","32120","29730"
"In post","2023","Declared disabled","Debt","Heterosexual / straight","700","605","24680","22520"
"In post","2023","Declared disabled","Debt","LGBO","75","70","24290","22520"
"In post","2023","Declared disabled","Debt","Undeclared","80","65","23810","21690"
"In post","2023","Declared disabled","Debt","Unknown","70","60","23930","22520"
"In post","2023","Declared disabled","Digital, Data & Technology","Heterosexual / straight","1870","1800","41500","38460"
"In post","2023","Declared disabled","Digital, Data & Technology","LGBO","290","285","41410","37680"
"In post","2023","Declared disabled","Digital, Data & Technology","Undeclared","295","285","41820","38790"
"In post","2023","Declared disabled","Digital, Data & Technology","Unknown","145","135","38860","34400"
"In post","2023","Declared disabled","Finance","Heterosexual / straight","1000","930","39660","36600"
"In post","2023","Declared disabled","Finance","LGBO","90","90","37990","34170"
"In post","2023","Declared disabled","Finance","Undeclared","100","95","35820","34080"
"In post","2023","Declared disabled","Finance","Unknown","75","65","32330","29730"
"In post","2023","Declared disabled","Grants Management","Heterosexual / straight","315","285","26040","22150"
"In post","2023","Declared disabled","Grants Management","LGBO","45","45","24960","22150"
"In post","2023","Declared disabled","Grants Management","Undeclared","45","40","25160","22150"
"In post","2023","Declared disabled","Grants Management","Unknown","5","5","[c]","[c]"
"In post","2023","Declared disabled","Human Resources","Heterosexual / straight","1610","1520","39600","35010"
"In post","2023","Declared disabled","Human Resources","LGBO","205","205","39650","35410"
"In post","2023","Declared disabled","Human Resources","Undeclared","160","150","36240","34170"
"In post","2023","Declared disabled","Human Resources","Unknown","60","55","40580","36990"
"In post","2023","Declared disabled","Internal Audit","Heterosexual / straight","65","60","46080","42930"
"In post","2023","Declared disabled","Internal Audit","LGBO","15","10","[c]","[c]"
"In post","2023","Declared disabled","Internal Audit","Undeclared","10","10","[c]","[c]"
"In post","2023","Declared disabled","Internal Audit","Unknown","[c]","[c]","[c]","[c]"
"In post","2023","Declared disabled","Legal","Heterosexual / straight","1020","945","45030","42430"
"In post","2023","Declared disabled","Legal","LGBO","135","130","45190","42760"
"In post","2023","Declared disabled","Legal","Undeclared","95","90","51030","53600"
"In post","2023","Declared disabled","Legal","Unknown","125","110","42860","36890"
"In post","2023","Declared disabled","No function","Heterosexual / straight","30935","28040","31440","28120"
"In post","2023","Declared disabled","No function","LGBO","3680","3530","32310","28130"
"In post","2023","Declared disabled","No function","Undeclared","4115","3675","30810","28120"
"In post","2023","Declared disabled","No function","Unknown","2290","1990","30050","28120"
"In post","2023","Declared disabled","Project Delivery","Heterosexual / straight","1770","1690","43690","41000"
"In post","2023","Declared disabled","Project Delivery","LGBO","220","215","42740","38790"
"In post","2023","Declared disabled","Project Delivery","Undeclared","195","190","44650","41780"
"In post","2023","Declared disabled","Project Delivery","Unknown","190","180","39780","35000"
"In post","2023","Declared disabled","Property","Heterosexual / straight","590","560","38110","34300"
"In post","2023","Declared disabled","Property","LGBO","60","60","40740","35410"
"In post","2023","Declared disabled","Property","Undeclared","80","75","38570","35340"
"In post","2023","Declared disabled","Property","Unknown","60","60","35990","32930"
"In post","2023","Declared disabled","Security","Heterosexual / straight","655","635","34280","31020"
"In post","2023","Declared disabled","Security","LGBO","55","50","36530","34210"
"In post","2023","Declared disabled","Security","Undeclared","85","85","36910","34320"
"In post","2023","Declared disabled","Security","Unknown","60","55","39470","36930"
"In post","2023","Declared disabled","Unknown","Heterosexual / straight","1765","1670","41130","38330"
"In post","2023","Declared disabled","Unknown","LGBO","395","380","38600","34170"
"In post","2023","Declared disabled","Unknown","Undeclared","175","165","40900","36020"
"In post","2023","Declared disabled","Unknown","Unknown","360","350","37710","30650"
"In post","2023","Declared non-disabled","Analysis","Heterosexual / straight","5100","4895","47560","43650"
"In post","2023","Declared non-disabled","Analysis","LGBO","435","430","44200","39430"
"In post","2023","Declared non-disabled","Analysis","Undeclared","330","320","46830","43000"
"In post","2023","Declared non-disabled","Analysis","Unknown","440","420","41520","38030"
"In post","2023","Declared non-disabled","Commercial","Heterosexual / straight","3815","3700","49030","42700"
"In post","2023","Declared non-disabled","Commercial","LGBO","165","165","44170","40560"
"In post","2023","Declared non-disabled","Commercial","Undeclared","265","250","45080","42210"
"In post","2023","Declared non-disabled","Commercial","Unknown","360","355","57940","56000"
"In post","2023","Declared non-disabled","Communications","Heterosexual / straight","2050","1965","44990","41480"
"In post","2023","Declared non-disabled","Communications","LGBO","160","155","46390","43350"
"In post","2023","Declared non-disabled","Communications","Undeclared","150","145","43300","40790"
"In post","2023","Declared non-disabled","Communications","Unknown","135","125","43550","41130"
"In post","2023","Declared non-disabled","Counter Fraud","Heterosexual / straight","9080","8500","34580","32520"
"In post","2023","Declared non-disabled","Counter Fraud","LGBO","440","425","33990","32260"
"In post","2023","Declared non-disabled","Counter Fraud","Undeclared","705","635","33460","29730"
"In post","2023","Declared non-disabled","Counter Fraud","Unknown","1205","1060","31700","28130"
"In post","2023","Declared non-disabled","Debt","Heterosexual / straight","3685","3305","25000","22520"
"In post","2023","Declared non-disabled","Debt","LGBO","260","250","24830","22520"
"In post","2023","Declared non-disabled","Debt","Undeclared","280","245","24500","22520"
"In post","2023","Declared non-disabled","Debt","Unknown","520","445","24830","22520"
"In post","2023","Declared non-disabled","Digital, Data & Technology","Heterosexual / straight","13665","13290","44130","41130"
"In post","2023","Declared non-disabled","Digital, Data & Technology","LGBO","750","740","43720","40020"
"In post","2023","Declared non-disabled","Digital, Data & Technology","Undeclared","1360","1310","43120","40490"
"In post","2023","Declared non-disabled","Digital, Data & Technology","Unknown","995","945","42200","38470"
"In post","2023","Declared non-disabled","Finance","Heterosexual / straight","7065","6720","42150","38470"
"In post","2023","Declared non-disabled","Finance","LGBO","290","285","42530","38470"
"In post","2023","Declared non-disabled","Finance","Undeclared","575","540","40830","38470"
"In post","2023","Declared non-disabled","Finance","Unknown","630","580","38090","34170"
"In post","2023","Declared non-disabled","Grants Management","Heterosexual / straight","1220","1125","26740","22150"
"In post","2023","Declared non-disabled","Grants Management","LGBO","90","90","27600","22150"
"In post","2023","Declared non-disabled","Grants Management","Undeclared","95","85","25790","22150"
"In post","2023","Declared non-disabled","Grants Management","Unknown","10","5","[c]","[c]"
"In post","2023","Declared non-disabled","Human Resources","Heterosexual / straight","7860","7500","39910","35000"
"In post","2023","Declared non-disabled","Human Resources","LGBO","385","375","42290","37680"
"In post","2023","Declared non-disabled","Human Resources","Undeclared","460","440","37450","34170"
"In post","2023","Declared non-disabled","Human Resources","Unknown","360","335","39000","35000"
"In post","2023","Declared non-disabled","Internal Audit","Heterosexual / straight","420","395","48800","46150"
"In post","2023","Declared non-disabled","Internal Audit","LGBO","20","20","[c]","[c]"
"In post","2023","Declared non-disabled","Internal Audit","Undeclared","45","40","49950","45570"
"In post","2023","Declared non-disabled","Internal Audit","Unknown","15","15","[c]","[c]"
"In post","2023","Declared non-disabled","Legal","Heterosexual / straight","7090","6650","48600","52020"
"In post","2023","Declared non-disabled","Legal","LGBO","430","420","48820","52020"
"In post","2023","Declared non-disabled","Legal","Undeclared","365","345","52610","54100"
"In post","2023","Declared non-disabled","Legal","Unknown","1160","1030","49660","54800"
"In post","2023","Declared non-disabled","No function","Heterosexual / straight","167560","156210","33880","29570"
"In post","2023","Declared non-disabled","No function","LGBO","9485","9205","34870","30740"
"In post","2023","Declared non-disabled","No function","Undeclared","14455","13115","33010","28120"
"In post","2023","Declared non-disabled","No function","Unknown","15355","13225","30410","28120"
"In post","2023","Declared non-disabled","Project Delivery","Heterosexual / straight","12005","11545","47040","42510"
"In post","2023","Declared non-disabled","Project Delivery","LGBO","565","555","47230","42510"
"In post","2023","Declared non-disabled","Project Delivery","Undeclared","840","800","48300","42510"
"In post","2023","Declared non-disabled","Project Delivery","Unknown","715","675","45210","41380"
"In post","2023","Declared non-disabled","Property","Heterosexual / straight","4770","4570","39030","35020"
"In post","2023","Declared non-disabled","Property","LGBO","185","180","36230","32970"
"In post","2023","Declared non-disabled","Property","Undeclared","355","330","38290","34810"
"In post","2023","Declared non-disabled","Property","Unknown","315","285","35910","33070"
"In post","2023","Declared non-disabled","Security","Heterosexual / straight","4995","4865","34570","30700"
"In post","2023","Declared non-disabled","Security","LGBO","195","195","34350","30700"
"In post","2023","Declared non-disabled","Security","Undeclared","405","385","36170","34320"
"In post","2023","Declared non-disabled","Security","Unknown","235","225","37740","36180"
"In post","2023","Declared non-disabled","Unknown","Heterosexual / straight","13530","12945","44250","39690"
"In post","2023","Declared non-disabled","Unknown","LGBO","910","890","41770","38330"
"In post","2023","Declared non-disabled","Unknown","Undeclared","910","865","44140","39690"
"In post","2023","Declared non-disabled","Unknown","Unknown","1500","1400","42140","38210"
"In post","2023","Undeclared","Analysis","Heterosexual / straight","180","175","46290","43690"
"In post","2023","Undeclared","Analysis","LGBO","30","30","42440","38660"
"In post","2023","Undeclared","Analysis","Undeclared","140","135","45600","42140"
"In post","2023","Undeclared","Analysis","Unknown","25","25","[c]","[c]"
"In post","2023","Undeclared","Commercial","Heterosexual / straight","195","185","49860","43320"
"In post","2023","Undeclared","Commercial","LGBO","20","20","[c]","[c]"
"In post","2023","Undeclared","Commercial","Undeclared","150","150","48630","42850"
"In post","2023","Undeclared","Commercial","Unknown","50","45","58120","55200"
"In post","2023","Undeclared","Communications","Heterosexual / straight","95","95","43070","39150"
"In post","2023","Undeclared","Communications","LGBO","10","10","[c]","[c]"
"In post","2023","Undeclared","Communications","Undeclared","75","70","40890","37910"
"In post","2023","Undeclared","Communications","Unknown","20","20","[c]","[c]"
"In post","2023","Undeclared","Counter Fraud","Heterosexual / straight","325","310","32860","29730"
"In post","2023","Undeclared","Counter Fraud","LGBO","50","45","36490","34170"
"In post","2023","Undeclared","Counter Fraud","Undeclared","500","465","37710","35000"
"In post","2023","Undeclared","Counter Fraud","Unknown","75","65","31810","28130"
"In post","2023","Undeclared","Debt","Heterosexual / straight","160","145","24780","22520"
"In post","2023","Undeclared","Debt","LGBO","20","20","[c]","[c]"
"In post","2023","Undeclared","Debt","Undeclared","120","110","24960","22520"
"In post","2023","Undeclared","Debt","Unknown","35","25","24770","22520"
"In post","2023","Undeclared","Digital, Data & Technology","Heterosexual / straight","550","535","43170","40060"
"In post","2023","Undeclared","Digital, Data & Technology","LGBO","60","60","43480","38380"
"In post","2023","Undeclared","Digital, Data & Technology","Undeclared","660","645","43980","41780"
"In post","2023","Undeclared","Digital, Data & Technology","Unknown","130","125","46340","42310"
"In post","2023","Undeclared","Finance","Heterosexual / straight","310","295","41750","37760"
"In post","2023","Undeclared","Finance","LGBO","20","20","[c]","[c]"
"In post","2023","Undeclared","Finance","Undeclared","275","255","41730","37590"
"In post","2023","Undeclared","Finance","Unknown","55","50","44020","40570"
"In post","2023","Undeclared","Grants Management","Heterosexual / straight","85","80","25280","22150"
"In post","2023","Undeclared","Grants Management","LGBO","10","10","[c]","[c]"
"In post","2023","Undeclared","Grants Management","Undeclared","95","90","26430","22150"
"In post","2023","Undeclared","Grants Management","Unknown","[c]","[c]","[c]","[c]"
"In post","2023","Undeclared","Human Resources","Heterosexual / straight","390","375","38550","34300"
"In post","2023","Undeclared","Human Resources","LGBO","30","30","36950","34240"
"In post","2023","Undeclared","Human Resources","Undeclared","285","275","39270","34640"
"In post","2023","Undeclared","Human Resources","Unknown","65","60","36490","33940"
"In post","2023","Undeclared","Internal Audit","Heterosexual / straight","20","20","[c]","[c]"
"In post","2023","Undeclared","Internal Audit","LGBO","[c]","[c]","[c]","[c]"
"In post","2023","Undeclared","Internal Audit","Undeclared","20","15","[c]","[c]"
"In post","2023","Undeclared","Internal Audit","Unknown","[c]","[c]","[c]","[c]"
"In post","2023","Undeclared","Legal","Heterosexual / straight","160","150","50740","54100"
"In post","2023","Undeclared","Legal","LGBO","15","15","[c]","[c]"
"In post","2023","Undeclared","Legal","Undeclared","150","140","53240","54320"
"In post","2023","Undeclared","Legal","Unknown","30","30","58190","65940"
"In post","2023","Undeclared","No function","Heterosexual / straight","8970","8295","33840","30020"
"In post","2023","Undeclared","No function","LGBO","805","775","33280","30320"
"In post","2023","Undeclared","No function","Undeclared","6635","6180","35150","32160"
"In post","2023","Undeclared","No function","Unknown","3125","2815","37820","32920"
"In post","2023","Undeclared","Project Delivery","Heterosexual / straight","435","420","45540","42020"
"In post","2023","Undeclared","Project Delivery","LGBO","40","40","45020","42300"
"In post","2023","Undeclared","Project Delivery","Undeclared","420","400","47760","42600"
"In post","2023","Undeclared","Project Delivery","Unknown","55","50","47990","43540"
"In post","2023","Undeclared","Property","Heterosexual / straight","225","215","37280","35020"
"In post","2023","Undeclared","Property","LGBO","15","15","[c]","[c]"
"In post","2023","Undeclared","Property","Undeclared","235","220","40630","37600"
"In post","2023","Undeclared","Property","Unknown","90","80","36810","32970"
"In post","2023","Undeclared","Security","Heterosexual / straight","285","275","33440","28130"
"In post","2023","Undeclared","Security","LGBO","20","20","[c]","[c]"
"In post","2023","Undeclared","Security","Undeclared","305","295","37360","39650"
"In post","2023","Undeclared","Security","Unknown","35","30","42770","40880"
"In post","2023","Undeclared","Unknown","Heterosexual / straight","250","235","41130","37680"
"In post","2023","Undeclared","Unknown","LGBO","40","40","39800","36640"
"In post","2023","Undeclared","Unknown","Undeclared","210","200","45780","42860"
"In post","2023","Undeclared","Unknown","Unknown","25","25","[c]","[c]"
"In post","2023","Unknown","Analysis","Heterosexual / straight","955","935","40060","37870"
"In post","2023","Unknown","Analysis","LGBO","100","100","37230","34120"
"In post","2023","Unknown","Analysis","Undeclared","110","105","45770","39190"
"In post","2023","Unknown","Analysis","Unknown","1445","1415","41600","38720"
"In post","2023","Unknown","Commercial","Heterosexual / straight","640","625","43450","37590"
"In post","2023","Unknown","Commercial","LGBO","40","40","43180","39020"
"In post","2023","Unknown","Commercial","Undeclared","90","85","46200","41950"
"In post","2023","Unknown","Commercial","Unknown","740","725","42360","36700"
"In post","2023","Unknown","Communications","Heterosexual / straight","330","325","42670","39940"
"In post","2023","Unknown","Communications","LGBO","35","35","38720","38140"
"In post","2023","Unknown","Communications","Undeclared","70","70","45760","41950"
"In post","2023","Unknown","Communications","Unknown","670","660","44360","41020"
"In post","2023","Unknown","Counter Fraud","Heterosexual / straight","315","295","35760","34700"
"In post","2023","Unknown","Counter Fraud","LGBO","20","20","[c]","[c]"
"In post","2023","Unknown","Counter Fraud","Undeclared","65","60","39580","35030"
"In post","2023","Unknown","Counter Fraud","Unknown","2145","2045","34240","32540"
"In post","2023","Unknown","Debt","Heterosexual / straight","110","95","25130","22520"
"In post","2023","Unknown","Debt","LGBO","10","10","[c]","[c]"
"In post","2023","Unknown","Debt","Undeclared","15","10","[c]","[c]"
"In post","2023","Unknown","Debt","Unknown","1620","1510","24080","22520"
"In post","2023","Unknown","Digital, Data & Technology","Heterosexual / straight","1515","1480","42630","39190"
"In post","2023","Unknown","Digital, Data & Technology","LGBO","130","125","38600","34850"
"In post","2023","Unknown","Digital, Data & Technology","Undeclared","190","190","42530","38480"
"In post","2023","Unknown","Digital, Data & Technology","Unknown","3745","3690","43150","39440"
"In post","2023","Unknown","Finance","Heterosexual / straight","745","720","41290","36620"
"In post","2023","Unknown","Finance","LGBO","35","35","34920","33050"
"In post","2023","Unknown","Finance","Undeclared","145","140","43500","41190"
"In post","2023","Unknown","Finance","Unknown","1465","1385","38140","34170"
"In post","2023","Unknown","Grants Management","Heterosexual / straight","100","90","28520","25920"
"In post","2023","Unknown","Grants Management","LGBO","5","5","[c]","[c]"
"In post","2023","Unknown","Grants Management","Undeclared","15","15","[c]","[c]"
"In post","2023","Unknown","Grants Management","Unknown","485","445","26370","22150"
"In post","2023","Unknown","Human Resources","Heterosexual / straight","910","880","37680","33830"
"In post","2023","Unknown","Human Resources","LGBO","55","50","36660","28800"
"In post","2023","Unknown","Human Resources","Undeclared","130","130","35370","33200"
"In post","2023","Unknown","Human Resources","Unknown","1455","1415","39270","34700"
"In post","2023","Unknown","Internal Audit","Heterosexual / straight","60","55","45040","41660"
"In post","2023","Unknown","Internal Audit","LGBO","[c]","[c]","[c]","[c]"
"In post","2023","Unknown","Internal Audit","Undeclared","5","5","[c]","[c]"
"In post","2023","Unknown","Internal Audit","Unknown","40","40","45220","42090"
"In post","2023","Unknown","Legal","Heterosexual / straight","1110","1075","41910","40800"
"In post","2023","Unknown","Legal","LGBO","70","70","36950","28670"
"In post","2023","Unknown","Legal","Undeclared","105","100","40970","32660"
"In post","2023","Unknown","Legal","Unknown","1310","1215","48360","49870"
"In post","2023","Unknown","No function","Heterosexual / straight","14730","13995","36670","33820"
"In post","2023","Unknown","No function","LGBO","1215","1195","36840","32720"
"In post","2023","Unknown","No function","Undeclared","2190","2095","41430","37590"
"In post","2023","Unknown","No function","Unknown","45140","42745","31280","27890"
"In post","2023","Unknown","Project Delivery","Heterosexual / straight","1890","1835","45390","41300"
"In post","2023","Unknown","Project Delivery","LGBO","120","120","41580","37590"
"In post","2023","Unknown","Project Delivery","Undeclared","220","215","47150","42040"
"In post","2023","Unknown","Project Delivery","Unknown","2625","2550","44510","41310"
"In post","2023","Unknown","Property","Heterosexual / straight","430","420","34830","33830"
"In post","2023","Unknown","Property","LGBO","10","10","[c]","[c]"
"In post","2023","Unknown","Property","Undeclared","35","30","35440","33990"
"In post","2023","Unknown","Property","Unknown","1450","1405","32450","27810"
"In post","2023","Unknown","Security","Heterosexual / straight","1010","990","34550","30650"
"In post","2023","Unknown","Security","LGBO","40","40","36770","38640"
"In post","2023","Unknown","Security","Undeclared","115","115","38960","40880"
"In post","2023","Unknown","Security","Unknown","1545","1520","33850","28950"
"In post","2023","Unknown","Unknown","Heterosexual / straight","2435","2340","43390","38330"
"In post","2023","Unknown","Unknown","LGBO","205","200","39350","34520"
"In post","2023","Unknown","Unknown","Undeclared","240","235","44680","39690"
"In post","2023","Unknown","Unknown","Unknown","7880","7650","38050","33520"
"Leaver CS","2023","Declared disabled","Analysis","Heterosexual / straight","30","[c]","[c]","[c]"
"Leaver CS","2023","Declared disabled","Analysis","LGBO","10","[c]","[c]","[c]"
"Leaver CS","2023","Declared disabled","Analysis","Undeclared","5","[c]","[c]","[c]"
"Leaver CS","2023","Declared disabled","Analysis","Unknown","5","[c]","[c]","[c]"
"Leaver CS","2023","Declared disabled","Commercial","Heterosexual / straight","30","[c]","39160","37140"
"Leaver CS","2023","Declared disabled","Commercial","LGBO","5","[c]","[c]","[c]"
"Leaver CS","2023","Declared disabled","Commercial","Undeclared","5","[c]","[c]","[c]"
"Leaver CS","2023","Declared disabled","Commercial","Unknown","[c]","[c]","[c]","[c]"
"Leaver CS","2023","Declared disabled","Communications","Heterosexual / straight","20","[c]","[c]","[c]"
"Leaver CS","2023","Declared disabled","Communications","LGBO","5","[c]","[c]","[c]"
"Leaver CS","2023","Declared disabled","Communications","Undeclared","5","[c]","[c]","[c]"
"Leaver CS","2023","Declared disabled","Communications","Unknown","[c]","[c]","[c]","[c]"
"Leaver CS","2023","Declared disabled","Counter Fraud","Heterosexual / straight","55","[c]","28850","28120"
"Leaver CS","2023","Declared disabled","Counter Fraud","LGBO","[c]","[c]","[c]","[c]"
"Leaver CS","2023","Declared disabled","Counter Fraud","Undeclared","15","[c]","[c]","[c]"
"Leaver CS","2023","Declared disabled","Counter Fraud","Unknown","65","[c]","[c]","[c]"
"Leaver CS","2023","Declared disabled","Debt","Heterosexual / straight","45","[c]","23210","21690"
"Leaver CS","2023","Declared disabled","Debt","LGBO","5","[c]","[c]","[c]"
"Leaver CS","2023","Declared disabled","Debt","Undeclared","5","[c]","[c]","[c]"
"Leaver CS","2023","Declared disabled","Debt","Unknown","50","[c]","[c]","[c]"
"Leaver CS","2023","Declared disabled","Digital, Data & Technology","Heterosexual / straight","110","[c]","40690","37000"
"Leaver CS","2023","Declared disabled","Digital, Data & Technology","LGBO","35","[c]","40620","37170"
"Leaver CS","2023","Declared disabled","Digital, Data & Technology","Undeclared","15","[c]","[c]","[c]"
"Leaver CS","2023","Declared disabled","Digital, Data & Technology","Unknown","25","[c]","[c]","[c]"
"Leaver CS","2023","Declared disabled","Finance","Heterosexual / straight","55","[c]","41140","36460"
"Leaver CS","2023","Declared disabled","Finance","LGBO","[c]","[c]","[c]","[c]"
"Leaver CS","2023","Declared disabled","Finance","Undeclared","10","[c]","[c]","[c]"
"Leaver CS","2023","Declared disabled","Finance","Unknown","25","[c]","[c]","[c]"
"Leaver CS","2023","Declared disabled","Grants Management","Heterosexual / straight","5","[c]","[c]","[c]"
"Leaver CS","2023","Declared disabled","Grants Management","LGBO","[c]","[c]","[c]","[c]"
"Leaver CS","2023","Declared disabled","Grants Management","Undeclared","[c]","[c]","[c]","[c]"
"Leaver CS","2023","Declared disabled","Grants Management","Unknown","[c]","[c]","[c]","[c]"
"Leaver CS","2023","Declared disabled","Human Resources","Heterosexual / straight","140","[c]","37100","31980"
"Leaver CS","2023","Declared disabled","Human Resources","LGBO","25","[c]","[c]","[c]"
"Leaver CS","2023","Declared disabled","Human Resources","Undeclared","20","[c]","[c]","[c]"
"Leaver CS","2023","Declared disabled","Human Resources","Unknown","15","[c]","[c]","[c]"
"Leaver CS","2023","Declared disabled","Internal Audit","Heterosexual / straight","5","[c]","[c]","[c]"
"Leaver CS","2023","Declared disabled","Internal Audit","LGBO","[c]","[c]","[c]","[c]"
"Leaver CS","2023","Declared disabled","Internal Audit","Undeclared","[c]","[c]","[c]","[c]"
"Leaver CS","2023","Declared disabled","Internal Audit","Unknown","[c]","[c]","[c]","[c]"
"Leaver CS","2023","Declared disabled","Legal","Heterosexual / straight","70","[c]","44070","38910"
"Leaver CS","2023","Declared disabled","Legal","LGBO","10","[c]","[c]","[c]"
"Leaver CS","2023","Declared disabled","Legal","Undeclared","5","[c]","[c]","[c]"
"Leaver CS","2023","Declared disabled","Legal","Unknown","10","[c]","[c]","[c]"
"Leaver CS","2023","Declared disabled","No function","Heterosexual / straight","2525","[c]","29460","27570"
"Leaver CS","2023","Declared disabled","No function","LGBO","380","[c]","30080","28080"
"Leaver CS","2023","Declared disabled","No function","Undeclared","315","[c]","29520","27450"
"Leaver CS","2023","Declared disabled","No function","Unknown","440","[c]","29900","27820"
"Leaver CS","2023","Declared disabled","Project Delivery","Heterosexual / straight","80","[c]","40090","37000"
"Leaver CS","2023","Declared disabled","Project Delivery","LGBO","5","[c]","[c]","[c]"
"Leaver CS","2023","Declared disabled","Project Delivery","Undeclared","15","[c]","[c]","[c]"
"Leaver CS","2023","Declared disabled","Project Delivery","Unknown","30","[c]","[c]","[c]"
"Leaver CS","2023","Declared disabled","Property","Heterosexual / straight","45","[c]","43560","34300"
"Leaver CS","2023","Declared disabled","Property","LGBO","[c]","[c]","[c]","[c]"
"Leaver CS","2023","Declared disabled","Property","Undeclared","[c]","[c]","[c]","[c]"
"Leaver CS","2023","Declared disabled","Property","Unknown","[c]","[c]","[c]","[c]"
"Leaver CS","2023","Declared disabled","Security","Heterosexual / straight","70","[c]","33840","31600"
"Leaver CS","2023","Declared disabled","Security","LGBO","[c]","[c]","[c]","[c]"
"Leaver CS","2023","Declared disabled","Security","Undeclared","10","[c]","[c]","[c]"
"Leaver CS","2023","Declared disabled","Security","Unknown","5","[c]","[c]","[c]"
"Leaver CS","2023","Declared disabled","Unknown","Heterosexual / straight","90","[c]","40120","34290"
"Leaver CS","2023","Declared disabled","Unknown","LGBO","20","[c]","[c]","[c]"
"Leaver CS","2023","Declared disabled","Unknown","Undeclared","10","[c]","[c]","[c]"
"Leaver CS","2023","Declared disabled","Unknown","Unknown","15","[c]","[c]","[c]"
"Leaver CS","2023","Declared non-disabled","Analysis","Heterosexual / straight","285","[c]","38490","33950"
"Leaver CS","2023","Declared non-disabled","Analysis","LGBO","35","[c]","34760","31560"
"Leaver CS","2023","Declared non-disabled","Analysis","Undeclared","25","[c]","[c]","[c]"
"Leaver CS","2023","Declared non-disabled","Analysis","Unknown","50","[c]","[c]","[c]"
"Leaver CS","2023","Declared non-disabled","Commercial","Heterosexual / straight","235","[c]","46650","41000"
"Leaver CS","2023","Declared non-disabled","Commercial","LGBO","15","[c]","[c]","[c]"
"Leaver CS","2023","Declared non-disabled","Commercial","Undeclared","25","[c]","[c]","[c]"
"Leaver CS","2023","Declared non-disabled","Commercial","Unknown","25","[c]","[c]","[c]"
"Leaver CS","2023","Declared non-disabled","Communications","Heterosexual / straight","210","[c]","46050","41530"
"Leaver CS","2023","Declared non-disabled","Communications","LGBO","20","[c]","[c]","[c]"
"Leaver CS","2023","Declared non-disabled","Communications","Undeclared","20","[c]","[c]","[c]"
"Leaver CS","2023","Declared non-disabled","Communications","Unknown","20","[c]","[c]","[c]"
"Leaver CS","2023","Declared non-disabled","Counter Fraud","Heterosexual / straight","225","[c]","30220","28120"
"Leaver CS","2023","Declared non-disabled","Counter Fraud","LGBO","10","[c]","[c]","[c]"
"Leaver CS","2023","Declared non-disabled","Counter Fraud","Undeclared","20","[c]","[c]","[c]"
"Leaver CS","2023","Declared non-disabled","Counter Fraud","Unknown","310","[c]","27760","27570"
"Leaver CS","2023","Declared non-disabled","Debt","Heterosexual / straight","150","[c]","22600","21690"
"Leaver CS","2023","Declared non-disabled","Debt","LGBO","10","[c]","[c]","[c]"
"Leaver CS","2023","Declared non-disabled","Debt","Undeclared","20","[c]","[c]","[c]"
"Leaver CS","2023","Declared non-disabled","Debt","Unknown","285","[c]","[c]","[c]"
"Leaver CS","2023","Declared non-disabled","Digital, Data & Technology","Heterosexual / straight","930","[c]","44750","41140"
"Leaver CS","2023","Declared non-disabled","Digital, Data & Technology","LGBO","75","[c]","41550","38470"
"Leaver CS","2023","Declared non-disabled","Digital, Data & Technology","Undeclared","105","[c]","42610","39650"
"Leaver CS","2023","Declared non-disabled","Digital, Data & Technology","Unknown","195","[c]","42790","39060"
"Leaver CS","2023","Declared non-disabled","Finance","Heterosexual / straight","355","[c]","41600","38020"
"Leaver CS","2023","Declared non-disabled","Finance","LGBO","20","[c]","[c]","[c]"
"Leaver CS","2023","Declared non-disabled","Finance","Undeclared","35","[c]","46070","42780"
"Leaver CS","2023","Declared non-disabled","Finance","Unknown","125","[c]","[c]","[c]"
"Leaver CS","2023","Declared non-disabled","Grants Management","Heterosexual / straight","50","[c]","24110","22150"
"Leaver CS","2023","Declared non-disabled","Grants Management","LGBO","10","[c]","[c]","[c]"
"Leaver CS","2023","Declared non-disabled","Grants Management","Undeclared","[c]","[c]","[c]","[c]"
"Leaver CS","2023","Declared non-disabled","Grants Management","Unknown","115","[c]","23340","22150"
"Leaver CS","2023","Declared non-disabled","Human Resources","Heterosexual / straight","740","[c]","34680","29670"
"Leaver CS","2023","Declared non-disabled","Human Resources","LGBO","55","[c]","40920","33150"
"Leaver CS","2023","Declared non-disabled","Human Resources","Undeclared","45","[c]","35160","31470"
"Leaver CS","2023","Declared non-disabled","Human Resources","Unknown","50","[c]","[c]","[c]"
"Leaver CS","2023","Declared non-disabled","Internal Audit","Heterosexual / straight","35","[c]","49230","47150"
"Leaver CS","2023","Declared non-disabled","Internal Audit","LGBO","[c]","[c]","[c]","[c]"
"Leaver CS","2023","Declared non-disabled","Internal Audit","Undeclared","[c]","[c]","[c]","[c]"
"Leaver CS","2023","Declared non-disabled","Internal Audit","Unknown","10","[c]","[c]","[c]"
"Leaver CS","2023","Declared non-disabled","Legal","Heterosexual / straight","435","[c]","46500","50500"
"Leaver CS","2023","Declared non-disabled","Legal","LGBO","35","[c]","52320","52790"
"Leaver CS","2023","Declared non-disabled","Legal","Undeclared","25","[c]","[c]","[c]"
"Leaver CS","2023","Declared non-disabled","Legal","Unknown","80","[c]","53270","56450"
"Leaver CS","2023","Declared non-disabled","No function","Heterosexual / straight","13255","[c]","32250","27650"
"Leaver CS","2023","Declared non-disabled","No function","LGBO","940","[c]","33090","28120"
"Leaver CS","2023","Declared non-disabled","No function","Undeclared","1190","[c]","30690","27570"
"Leaver CS","2023","Declared non-disabled","No function","Unknown","2545","[c]","28600","25610"
"Leaver CS","2023","Declared non-disabled","Project Delivery","Heterosexual / straight","625","[c]","44860","40750"
"Leaver CS","2023","Declared non-disabled","Project Delivery","LGBO","45","[c]","40020","35780"
"Leaver CS","2023","Declared non-disabled","Project Delivery","Undeclared","55","[c]","42860","40580"
"Leaver CS","2023","Declared non-disabled","Project Delivery","Unknown","170","[c]","43190","38610"
"Leaver CS","2023","Declared non-disabled","Property","Heterosexual / straight","345","[c]","36450","33990"
"Leaver CS","2023","Declared non-disabled","Property","LGBO","15","[c]","[c]","[c]"
"Leaver CS","2023","Declared non-disabled","Property","Undeclared","35","[c]","37260","33300"
"Leaver CS","2023","Declared non-disabled","Property","Unknown","25","[c]","[c]","[c]"
"Leaver CS","2023","Declared non-disabled","Security","Heterosexual / straight","425","[c]","32960","27680"
"Leaver CS","2023","Declared non-disabled","Security","LGBO","15","[c]","[c]","[c]"
"Leaver CS","2023","Declared non-disabled","Security","Undeclared","30","[c]","[c]","[c]"
"Leaver CS","2023","Declared non-disabled","Security","Unknown","30","[c]","[c]","[c]"
"Leaver CS","2023","Declared non-disabled","Unknown","Heterosexual / straight","715","[c]","42190","37000"
"Leaver CS","2023","Declared non-disabled","Unknown","LGBO","55","[c]","40400","34730"
"Leaver CS","2023","Declared non-disabled","Unknown","Undeclared","70","[c]","48060","43870"
"Leaver CS","2023","Declared non-disabled","Unknown","Unknown","170","[c]","43660","38330"
"Leaver CS","2023","Undeclared","Analysis","Heterosexual / straight","15","[c]","[c]","[c]"
"Leaver CS","2023","Undeclared","Analysis","LGBO","[c]","[c]","[c]","[c]"
"Leaver CS","2023","Undeclared","Analysis","Undeclared","15","[c]","[c]","[c]"
"Leaver CS","2023","Undeclared","Analysis","Unknown","[c]","[c]","[c]","[c]"
"Leaver CS","2023","Undeclared","Commercial","Heterosexual / straight","15","[c]","[c]","[c]"
"Leaver CS","2023","Undeclared","Commercial","LGBO","[c]","[c]","[c]","[c]"
"Leaver CS","2023","Undeclared","Commercial","Undeclared","10","[c]","[c]","[c]"
"Leaver CS","2023","Undeclared","Commercial","Unknown","[c]","[c]","[c]","[c]"
"Leaver CS","2023","Undeclared","Communications","Heterosexual / straight","10","[c]","[c]","[c]"
"Leaver CS","2023","Undeclared","Communications","LGBO","[c]","[c]","[c]","[c]"
"Leaver CS","2023","Undeclared","Communications","Undeclared","5","[c]","[c]","[c]"
"Leaver CS","2023","Undeclared","Counter Fraud","Heterosexual / straight","10","[c]","[c]","[c]"
"Leaver CS","2023","Undeclared","Counter Fraud","LGBO","[c]","[c]","[c]","[c]"
"Leaver CS","2023","Undeclared","Counter Fraud","Undeclared","[c]","[c]","[c]","[c]"
"Leaver CS","2023","Undeclared","Counter Fraud","Unknown","30","[c]","[c]","[c]"
"Leaver CS","2023","Undeclared","Debt","Heterosexual / straight","10","[c]","[c]","[c]"
"Leaver CS","2023","Undeclared","Debt","LGBO","[c]","[c]","[c]","[c]"
"Leaver CS","2023","Undeclared","Debt","Undeclared","[c]","[c]","[c]","[c]"
"Leaver CS","2023","Undeclared","Debt","Unknown","20","[c]","[c]","[c]"
"Leaver CS","2023","Undeclared","Digital, Data & Technology","Heterosexual / straight","35","[c]","41850","39860"
"Leaver CS","2023","Undeclared","Digital, Data & Technology","LGBO","[c]","[c]","[c]","[c]"
"Leaver CS","2023","Undeclared","Digital, Data & Technology","Undeclared","30","[c]","45780","43810"
"Leaver CS","2023","Undeclared","Digital, Data & Technology","Unknown","10","[c]","[c]","[c]"
"Leaver CS","2023","Undeclared","Finance","Heterosexual / straight","20","[c]","[c]","[c]"
"Leaver CS","2023","Undeclared","Finance","LGBO","[c]","[c]","[c]","[c]"
"Leaver CS","2023","Undeclared","Finance","Undeclared","20","[c]","[c]","[c]"
"Leaver CS","2023","Undeclared","Finance","Unknown","10","[c]","[c]","[c]"
"Leaver CS","2023","Undeclared","Grants Management","Heterosexual / straight","[c]","[c]","[c]","[c]"
"Leaver CS","2023","Undeclared","Grants Management","LGBO","[c]","[c]","[c]","[c]"
"Leaver CS","2023","Undeclared","Grants Management","Undeclared","[c]","[c]","[c]","[c]"
"Leaver CS","2023","Undeclared","Human Resources","Heterosexual / straight","45","[c]","30930","29200"
"Leaver CS","2023","Undeclared","Human Resources","LGBO","5","[c]","[c]","[c]"
"Leaver CS","2023","Undeclared","Human Resources","Undeclared","35","[c]","35470","34100"
"Leaver CS","2023","Undeclared","Human Resources","Unknown","[c]","[c]","[c]","[c]"
"Leaver CS","2023","Undeclared","Internal Audit","Heterosexual / straight","[c]","[c]","[c]","[c]"
"Leaver CS","2023","Undeclared","Internal Audit","LGBO","[c]","[c]","[c]","[c]"
"Leaver CS","2023","Undeclared","Internal Audit","Undeclared","[c]","[c]","[c]","[c]"
"Leaver CS","2023","Undeclared","Legal","Heterosexual / straight","20","[c]","[c]","[c]"
"Leaver CS","2023","Undeclared","Legal","LGBO","[c]","[c]","[c]","[c]"
"Leaver CS","2023","Undeclared","Legal","Undeclared","[c]","[c]","[c]","[c]"
"Leaver CS","2023","Undeclared","Legal","Unknown","5","[c]","[c]","[c]"
"Leaver CS","2023","Undeclared","No function","Heterosexual / straight","775","[c]","31560","28080"
"Leaver CS","2023","Undeclared","No function","LGBO","90","[c]","32310","28120"
"Leaver CS","2023","Undeclared","No function","Undeclared","535","[c]","34060","28120"
"Leaver CS","2023","Undeclared","No function","Unknown","365","[c]","38030","32520"
"Leaver CS","2023","Undeclared","Project Delivery","Heterosexual / straight","25","[c]","[c]","[c]"
"Leaver CS","2023","Undeclared","Project Delivery","LGBO","[c]","[c]","[c]","[c]"
"Leaver CS","2023","Undeclared","Project Delivery","Undeclared","15","[c]","[c]","[c]"
"Leaver CS","2023","Undeclared","Project Delivery","Unknown","15","[c]","[c]","[c]"
"Leaver CS","2023","Undeclared","Property","Heterosexual / straight","20","[c]","[c]","[c]"
"Leaver CS","2023","Undeclared","Property","LGBO","[c]","[c]","[c]","[c]"
"Leaver CS","2023","Undeclared","Property","Undeclared","15","[c]","[c]","[c]"
"Leaver CS","2023","Undeclared","Property","Unknown","[c]","[c]","[c]","[c]"
"Leaver CS","2023","Undeclared","Security","Heterosexual / straight","40","[c]","30150","26500"
"Leaver CS","2023","Undeclared","Security","LGBO","[c]","[c]","[c]","[c]"
"Leaver CS","2023","Undeclared","Security","Undeclared","25","[c]","[c]","[c]"
"Leaver CS","2023","Undeclared","Security","Unknown","[c]","[c]","[c]","[c]"
"Leaver CS","2023","Undeclared","Unknown","Heterosexual / straight","20","[c]","[c]","[c]"
"Leaver CS","2023","Undeclared","Unknown","LGBO","[c]","[c]","[c]","[c]"
"Leaver CS","2023","Undeclared","Unknown","Undeclared","15","[c]","[c]","[c]"
"Leaver CS","2023","Undeclared","Unknown","Unknown","[c]","[c]","[c]","[c]"
"Leaver CS","2023","Unknown","Analysis","Heterosexual / straight","55","[c]","37360","32750"
"Leaver CS","2023","Unknown","Analysis","LGBO","[c]","[c]","[c]","[c]"
"Leaver CS","2023","Unknown","Analysis","Undeclared","10","[c]","[c]","[c]"
"Leaver CS","2023","Unknown","Analysis","Unknown","325","[c]","34510","30650"
"Leaver CS","2023","Unknown","Commercial","Heterosexual / straight","40","[c]","38510","37620"
"Leaver CS","2023","Unknown","Commercial","LGBO","5","[c]","[c]","[c]"
"Leaver CS","2023","Unknown","Commercial","Undeclared","[c]","[c]","[c]","[c]"
"Leaver CS","2023","Unknown","Commercial","Unknown","220","[c]","60000","61710"
"Leaver CS","2023","Unknown","Communications","Heterosexual / straight","30","[c]","37110","36030"
"Leaver CS","2023","Unknown","Communications","LGBO","5","[c]","[c]","[c]"
"Leaver CS","2023","Unknown","Communications","Undeclared","[c]","[c]","[c]","[c]"
"Leaver CS","2023","Unknown","Communications","Unknown","80","[c]","39570","36650"
"Leaver CS","2023","Unknown","Counter Fraud","Heterosexual / straight","5","[c]","[c]","[c]"
"Leaver CS","2023","Unknown","Counter Fraud","LGBO","[c]","[c]","[c]","[c]"
"Leaver CS","2023","Unknown","Counter Fraud","Undeclared","[c]","[c]","[c]","[c]"
"Leaver CS","2023","Unknown","Counter Fraud","Unknown","145","[c]","34390","28120"
"Leaver CS","2023","Unknown","Debt","Heterosexual / straight","[c]","[c]","[c]","[c]"
"Leaver CS","2023","Unknown","Debt","LGBO","[c]","[c]","[c]","[c]"
"Leaver CS","2023","Unknown","Debt","Unknown","235","[c]","22070","21690"
"Leaver CS","2023","Unknown","Digital, Data & Technology","Heterosexual / straight","150","[c]","45290","40590"
"Leaver CS","2023","Unknown","Digital, Data & Technology","LGBO","10","[c]","[c]","[c]"
"Leaver CS","2023","Unknown","Digital, Data & Technology","Undeclared","20","[c]","[c]","[c]"
"Leaver CS","2023","Unknown","Digital, Data & Technology","Unknown","445","[c]","43250","39530"
"Leaver CS","2023","Unknown","Finance","Heterosexual / straight","35","[c]","38140","33910"
"Leaver CS","2023","Unknown","Finance","LGBO","[c]","[c]","[c]","[c]"
"Leaver CS","2023","Unknown","Finance","Undeclared","10","[c]","[c]","[c]"
"Leaver CS","2023","Unknown","Finance","Unknown","140","[c]","39350","36180"
"Leaver CS","2023","Unknown","Grants Management","Heterosexual / straight","[c]","[c]","[c]","[c]"
"Leaver CS","2023","Unknown","Grants Management","LGBO","[c]","[c]","[c]","[c]"
"Leaver CS","2023","Unknown","Grants Management","Unknown","10","[c]","[c]","[c]"
"Leaver CS","2023","Unknown","Human Resources","Heterosexual / straight","100","[c]","34200","29670"
"Leaver CS","2023","Unknown","Human Resources","LGBO","[c]","[c]","[c]","[c]"
"Leaver CS","2023","Unknown","Human Resources","Undeclared","10","[c]","[c]","[c]"
"Leaver CS","2023","Unknown","Human Resources","Unknown","205","[c]","36200","30910"
"Leaver CS","2023","Unknown","Internal Audit","Heterosexual / straight","[c]","[c]","[c]","[c]"
"Leaver CS","2023","Unknown","Internal Audit","LGBO","[c]","[c]","[c]","[c]"
"Leaver CS","2023","Unknown","Internal Audit","Undeclared","[c]","[c]","[c]","[c]"
"Leaver CS","2023","Unknown","Internal Audit","Unknown","[c]","[c]","[c]","[c]"
"Leaver CS","2023","Unknown","Legal","Heterosexual / straight","80","[c]","38770","29960"
"Leaver CS","2023","Unknown","Legal","LGBO","5","[c]","[c]","[c]"
"Leaver CS","2023","Unknown","Legal","Undeclared","10","[c]","[c]","[c]"
"Leaver CS","2023","Unknown","Legal","Unknown","100","[c]","46230","49160"
"Leaver CS","2023","Unknown","No function","Heterosexual / straight","1105","[c]","34370","29750"
"Leaver CS","2023","Unknown","No function","LGBO","100","[c]","36140","30330"
"Leaver CS","2023","Unknown","No function","Undeclared","115","[c]","36740","34420"
"Leaver CS","2023","Unknown","No function","Unknown","6060","[c]","31070","26130"
"Leaver CS","2023","Unknown","Project Delivery","Heterosexual / straight","70","[c]","41670","38790"
"Leaver CS","2023","Unknown","Project Delivery","LGBO","[c]","[c]","[c]","[c]"
"Leaver CS","2023","Unknown","Project Delivery","Undeclared","10","[c]","[c]","[c]"
"Leaver CS","2023","Unknown","Project Delivery","Unknown","210","[c]","39900","38470"
"Leaver CS","2023","Unknown","Property","Heterosexual / straight","25","[c]","[c]","[c]"
"Leaver CS","2023","Unknown","Property","LGBO","[c]","[c]","[c]","[c]"
"Leaver CS","2023","Unknown","Property","Undeclared","[c]","[c]","[c]","[c]"
"Leaver CS","2023","Unknown","Property","Unknown","155","[c]","32170","26890"
"Leaver CS","2023","Unknown","Security","Heterosexual / straight","70","[c]","30370","27500"
"Leaver CS","2023","Unknown","Security","LGBO","5","[c]","[c]","[c]"
"Leaver CS","2023","Unknown","Security","Undeclared","10","[c]","[c]","[c]"
"Leaver CS","2023","Unknown","Security","Unknown","180","[c]","30180","27500"
"Leaver CS","2023","Unknown","Unknown","Heterosexual / straight","500","[c]","43420","36550"
"Leaver CS","2023","Unknown","Unknown","LGBO","65","[c]","[c]","[c]"
"Leaver CS","2023","Unknown","Unknown","Undeclared","265","[c]","[c]","[c]"
"Leaver CS","2023","Unknown","Unknown","Unknown","890","[c]","35650","31940"
"Leaver Dept.","2023","Declared disabled","Analysis","Heterosexual / straight","20","[c]","[c]","[c]"
"Leaver Dept.","2023","Declared disabled","Analysis","LGBO","10","[c]","[c]","[c]"
"Leaver Dept.","2023","Declared disabled","Analysis","Undeclared","[c]","[c]","[c]","[c]"
"Leaver Dept.","2023","Declared disabled","Analysis","Unknown","10","[c]","[c]","[c]"
"Leaver Dept.","2023","Declared disabled","Commercial","Heterosexual / straight","30","[c]","[c]","[c]"
"Leaver Dept.","2023","Declared disabled","Commercial","LGBO","[c]","[c]","[c]","[c]"
"Leaver Dept.","2023","Declared disabled","Commercial","Undeclared","[c]","[c]","[c]","[c]"
"Leaver Dept.","2023","Declared disabled","Commercial","Unknown","[c]","[c]","[c]","[c]"
"Leaver Dept.","2023","Declared disabled","Communications","Heterosexual / straight","10","[c]","[c]","[c]"
"Leaver Dept.","2023","Declared disabled","Communications","LGBO","[c]","[c]","[c]","[c]"
"Leaver Dept.","2023","Declared disabled","Communications","Undeclared","[c]","[c]","[c]","[c]"
"Leaver Dept.","2023","Declared disabled","Communications","Unknown","[c]","[c]","[c]","[c]"
"Leaver Dept.","2023","Declared disabled","Counter Fraud","Heterosexual / straight","20","[c]","[c]","[c]"
"Leaver Dept.","2023","Declared disabled","Counter Fraud","LGBO","[c]","[c]","[c]","[c]"
"Leaver Dept.","2023","Declared disabled","Counter Fraud","Undeclared","5","[c]","[c]","[c]"
"Leaver Dept.","2023","Declared disabled","Counter Fraud","Unknown","20","[c]","[c]","[c]"
"Leaver Dept.","2023","Declared disabled","Debt","Heterosexual / straight","[c]","[c]","[c]","[c]"
"Leaver Dept.","2023","Declared disabled","Debt","LGBO","[c]","[c]","[c]","[c]"
"Leaver Dept.","2023","Declared disabled","Debt","Undeclared","[c]","[c]","[c]","[c]"
"Leaver Dept.","2023","Declared disabled","Debt","Unknown","10","[c]","[c]","[c]"
"Leaver Dept.","2023","Declared disabled","Digital, Data & Technology","Heterosexual / straight","50","[c]","42770","38270"
"Leaver Dept.","2023","Declared disabled","Digital, Data & Technology","LGBO","15","[c]","[c]","[c]"
"Leaver Dept.","2023","Declared disabled","Digital, Data & Technology","Undeclared","[c]","[c]","[c]","[c]"
"Leaver Dept.","2023","Declared disabled","Digital, Data & Technology","Unknown","10","[c]","[c]","[c]"
"Leaver Dept.","2023","Declared disabled","Finance","Heterosexual / straight","30","[c]","[c]","[c]"
"Leaver Dept.","2023","Declared disabled","Finance","LGBO","[c]","[c]","[c]","[c]"
"Leaver Dept.","2023","Declared disabled","Finance","Undeclared","5","[c]","[c]","[c]"
"Leaver Dept.","2023","Declared disabled","Finance","Unknown","5","[c]","[c]","[c]"
"Leaver Dept.","2023","Declared disabled","Grants Management","Heterosexual / straight","[c]","[c]","[c]","[c]"
"Leaver Dept.","2023","Declared disabled","Grants Management","LGBO","[c]","[c]","[c]","[c]"
"Leaver Dept.","2023","Declared disabled","Grants Management","Undeclared","[c]","[c]","[c]","[c]"
"Leaver Dept.","2023","Declared disabled","Grants Management","Unknown","[c]","[c]","[c]","[c]"
"Leaver Dept.","2023","Declared disabled","Human Resources","Heterosexual / straight","65","[c]","39800","35790"
"Leaver Dept.","2023","Declared disabled","Human Resources","LGBO","20","[c]","[c]","[c]"
"Leaver Dept.","2023","Declared disabled","Human Resources","Undeclared","5","[c]","[c]","[c]"
"Leaver Dept.","2023","Declared disabled","Human Resources","Unknown","5","[c]","[c]","[c]"
"Leaver Dept.","2023","Declared disabled","Internal Audit","Heterosexual / straight","[c]","[c]","[c]","[c]"
"Leaver Dept.","2023","Declared disabled","Internal Audit","LGBO","[c]","[c]","[c]","[c]"
"Leaver Dept.","2023","Declared disabled","Internal Audit","Undeclared","[c]","[c]","[c]","[c]"
"Leaver Dept.","2023","Declared disabled","Internal Audit","Unknown","[c]","[c]","[c]","[c]"
"Leaver Dept.","2023","Declared disabled","Legal","Heterosexual / straight","15","[c]","[c]","[c]"
"Leaver Dept.","2023","Declared disabled","Legal","LGBO","[c]","[c]","[c]","[c]"
"Leaver Dept.","2023","Declared disabled","Legal","Undeclared","[c]","[c]","[c]","[c]"
"Leaver Dept.","2023","Declared disabled","Legal","Unknown","[c]","[c]","[c]","[c]"
"Leaver Dept.","2023","Declared disabled","No function","Heterosexual / straight","670","[c]","34380","28370"
"Leaver Dept.","2023","Declared disabled","No function","LGBO","130","[c]","33310","28700"
"Leaver Dept.","2023","Declared disabled","No function","Undeclared","70","[c]","33440","30100"
"Leaver Dept.","2023","Declared disabled","No function","Unknown","60","[c]","[c]","[c]"
"Leaver Dept.","2023","Declared disabled","Project Delivery","Heterosexual / straight","25","[c]","[c]","[c]"
"Leaver Dept.","2023","Declared disabled","Project Delivery","LGBO","5","[c]","[c]","[c]"
"Leaver Dept.","2023","Declared disabled","Project Delivery","Undeclared","5","[c]","[c]","[c]"
"Leaver Dept.","2023","Declared disabled","Project Delivery","Unknown","10","[c]","[c]","[c]"
"Leaver Dept.","2023","Declared disabled","Property","Heterosexual / straight","15","[c]","[c]","[c]"
"Leaver Dept.","2023","Declared disabled","Property","LGBO","[c]","[c]","[c]","[c]"
"Leaver Dept.","2023","Declared disabled","Property","Undeclared","[c]","[c]","[c]","[c]"
"Leaver Dept.","2023","Declared disabled","Property","Unknown","[c]","[c]","[c]","[c]"
"Leaver Dept.","2023","Declared disabled","Security","Heterosexual / straight","5","[c]","[c]","[c]"
"Leaver Dept.","2023","Declared disabled","Security","LGBO","[c]","[c]","[c]","[c]"
"Leaver Dept.","2023","Declared disabled","Security","Undeclared","[c]","[c]","[c]","[c]"
"Leaver Dept.","2023","Declared disabled","Security","Unknown","[c]","[c]","[c]","[c]"
"Leaver Dept.","2023","Declared disabled","Unknown","Heterosexual / straight","35","[c]","[c]","[c]"
"Leaver Dept.","2023","Declared disabled","Unknown","LGBO","10","[c]","[c]","[c]"
"Leaver Dept.","2023","Declared disabled","Unknown","Undeclared","5","[c]","[c]","[c]"
"Leaver Dept.","2023","Declared disabled","Unknown","Unknown","[c]","[c]","[c]","[c]"
"Leaver Dept.","2023","Declared non-disabled","Analysis","Heterosexual / straight","215","[c]","44880","40720"
"Leaver Dept.","2023","Declared non-disabled","Analysis","LGBO","25","[c]","[c]","[c]"
"Leaver Dept.","2023","Declared non-disabled","Analysis","Undeclared","20","[c]","[c]","[c]"
"Leaver Dept.","2023","Declared non-disabled","Analysis","Unknown","40","[c]","[c]","[c]"
"Leaver Dept.","2023","Declared non-disabled","Commercial","Heterosexual / straight","125","[c]","39770","39600"
"Leaver Dept.","2023","Declared non-disabled","Commercial","LGBO","5","[c]","[c]","[c]"
"Leaver Dept.","2023","Declared non-disabled","Commercial","Undeclared","10","[c]","[c]","[c]"
"Leaver Dept.","2023","Declared non-disabled","Commercial","Unknown","10","[c]","[c]","[c]"
"Leaver Dept.","2023","Declared non-disabled","Communications","Heterosexual / straight","135","[c]","42310","39890"
"Leaver Dept.","2023","Declared non-disabled","Communications","LGBO","5","[c]","[c]","[c]"
"Leaver Dept.","2023","Declared non-disabled","Communications","Undeclared","10","[c]","[c]","[c]"
"Leaver Dept.","2023","Declared non-disabled","Communications","Unknown","15","[c]","[c]","[c]"
"Leaver Dept.","2023","Declared non-disabled","Counter Fraud","Heterosexual / straight","130","[c]","31110","28120"
"Leaver Dept.","2023","Declared non-disabled","Counter Fraud","LGBO","5","[c]","[c]","[c]"
"Leaver Dept.","2023","Declared non-disabled","Counter Fraud","Undeclared","5","[c]","[c]","[c]"
"Leaver Dept.","2023","Declared non-disabled","Counter Fraud","Unknown","60","[c]","[c]","[c]"
"Leaver Dept.","2023","Declared non-disabled","Debt","Heterosexual / straight","35","[c]","22850","21690"
"Leaver Dept.","2023","Declared non-disabled","Debt","LGBO","5","[c]","[c]","[c]"
"Leaver Dept.","2023","Declared non-disabled","Debt","Undeclared","[c]","[c]","[c]","[c]"
"Leaver Dept.","2023","Declared non-disabled","Debt","Unknown","75","[c]","[c]","[c]"
"Leaver Dept.","2023","Declared non-disabled","Digital, Data & Technology","Heterosexual / straight","310","[c]","42640","38470"
"Leaver Dept.","2023","Declared non-disabled","Digital, Data & Technology","LGBO","30","[c]","[c]","[c]"
"Leaver Dept.","2023","Declared non-disabled","Digital, Data & Technology","Undeclared","30","[c]","41350","38030"
"Leaver Dept.","2023","Declared non-disabled","Digital, Data & Technology","Unknown","50","[c]","[c]","[c]"
"Leaver Dept.","2023","Declared non-disabled","Finance","Heterosexual / straight","205","[c]","45670","39550"
"Leaver Dept.","2023","Declared non-disabled","Finance","LGBO","15","[c]","[c]","[c]"
"Leaver Dept.","2023","Declared non-disabled","Finance","Undeclared","15","[c]","[c]","[c]"
"Leaver Dept.","2023","Declared non-disabled","Finance","Unknown","35","[c]","[c]","[c]"
"Leaver Dept.","2023","Declared non-disabled","Grants Management","Heterosexual / straight","25","[c]","[c]","[c]"
"Leaver Dept.","2023","Declared non-disabled","Grants Management","LGBO","[c]","[c]","[c]","[c]"
"Leaver Dept.","2023","Declared non-disabled","Grants Management","Undeclared","[c]","[c]","[c]","[c]"
"Leaver Dept.","2023","Declared non-disabled","Grants Management","Unknown","25","[c]","[c]","[c]"
"Leaver Dept.","2023","Declared non-disabled","Human Resources","Heterosexual / straight","425","[c]","37750","33060"
"Leaver Dept.","2023","Declared non-disabled","Human Resources","LGBO","35","[c]","32640","28120"
"Leaver Dept.","2023","Declared non-disabled","Human Resources","Undeclared","20","[c]","[c]","[c]"
"Leaver Dept.","2023","Declared non-disabled","Human Resources","Unknown","30","[c]","[c]","[c]"
"Leaver Dept.","2023","Declared non-disabled","Internal Audit","Heterosexual / straight","10","[c]","[c]","[c]"
"Leaver Dept.","2023","Declared non-disabled","Internal Audit","LGBO","[c]","[c]","[c]","[c]"
"Leaver Dept.","2023","Declared non-disabled","Internal Audit","Undeclared","[c]","[c]","[c]","[c]"
"Leaver Dept.","2023","Declared non-disabled","Internal Audit","Unknown","[c]","[c]","[c]","[c]"
"Leaver Dept.","2023","Declared non-disabled","Legal","Heterosexual / straight","115","[c]","44840","41150"
"Leaver Dept.","2023","Declared non-disabled","Legal","LGBO","15","[c]","[c]","[c]"
"Leaver Dept.","2023","Declared non-disabled","Legal","Undeclared","10","[c]","[c]","[c]"
"Leaver Dept.","2023","Declared non-disabled","Legal","Unknown","30","[c]","[c]","[c]"
"Leaver Dept.","2023","Declared non-disabled","No function","Heterosexual / straight","4295","[c]","36270","31060"
"Leaver Dept.","2023","Declared non-disabled","No function","LGBO","380","[c]","37440","33570"
"Leaver Dept.","2023","Declared non-disabled","No function","Undeclared","305","[c]","36810","32520"
"Leaver Dept.","2023","Declared non-disabled","No function","Unknown","640","[c]","31970","28120"
"Leaver Dept.","2023","Declared non-disabled","Project Delivery","Heterosexual / straight","205","[c]","43030","39150"
"Leaver Dept.","2023","Declared non-disabled","Project Delivery","LGBO","15","[c]","[c]","[c]"
"Leaver Dept.","2023","Declared non-disabled","Project Delivery","Undeclared","15","[c]","[c]","[c]"
"Leaver Dept.","2023","Declared non-disabled","Project Delivery","Unknown","45","[c]","[c]","[c]"
"Leaver Dept.","2023","Declared non-disabled","Property","Heterosexual / straight","100","[c]","38990","34260"
"Leaver Dept.","2023","Declared non-disabled","Property","LGBO","15","[c]","[c]","[c]"
"Leaver Dept.","2023","Declared non-disabled","Property","Undeclared","10","[c]","[c]","[c]"
"Leaver Dept.","2023","Declared non-disabled","Property","Unknown","5","[c]","[c]","[c]"
"Leaver Dept.","2023","Declared non-disabled","Security","Heterosexual / straight","115","[c]","35070","33540"
"Leaver Dept.","2023","Declared non-disabled","Security","LGBO","10","[c]","[c]","[c]"
"Leaver Dept.","2023","Declared non-disabled","Security","Undeclared","5","[c]","[c]","[c]"
"Leaver Dept.","2023","Declared non-disabled","Security","Unknown","5","[c]","[c]","[c]"
"Leaver Dept.","2023","Declared non-disabled","Unknown","Heterosexual / straight","230","[c]","40760","36650"
"Leaver Dept.","2023","Declared non-disabled","Unknown","LGBO","30","[c]","[c]","[c]"
"Leaver Dept.","2023","Declared non-disabled","Unknown","Undeclared","15","[c]","[c]","[c]"
"Leaver Dept.","2023","Declared non-disabled","Unknown","Unknown","35","[c]","37030","37140"
"Leaver Dept.","2023","Undeclared","Analysis","Heterosexual / straight","10","[c]","[c]","[c]"
"Leaver Dept.","2023","Undeclared","Analysis","LGBO","[c]","[c]","[c]","[c]"
"Leaver Dept.","2023","Undeclared","Analysis","Undeclared","[c]","[c]","[c]","[c]"
"Leaver Dept.","2023","Undeclared","Analysis","Unknown","5","[c]","[c]","[c]"
"Leaver Dept.","2023","Undeclared","Commercial","Heterosexual / straight","10","[c]","[c]","[c]"
"Leaver Dept.","2023","Undeclared","Commercial","LGBO","[c]","[c]","[c]","[c]"
"Leaver Dept.","2023","Undeclared","Commercial","Undeclared","[c]","[c]","[c]","[c]"
"Leaver Dept.","2023","Undeclared","Commercial","Unknown","[c]","[c]","[c]","[c]"
"Leaver Dept.","2023","Undeclared","Communications","Heterosexual / straight","10","[c]","[c]","[c]"
"Leaver Dept.","2023","Undeclared","Communications","LGBO","[c]","[c]","[c]","[c]"
"Leaver Dept.","2023","Undeclared","Communications","Undeclared","[c]","[c]","[c]","[c]"
"Leaver Dept.","2023","Undeclared","Counter Fraud","Heterosexual / straight","5","[c]","[c]","[c]"
"Leaver Dept.","2023","Undeclared","Counter Fraud","LGBO","[c]","[c]","[c]","[c]"
"Leaver Dept.","2023","Undeclared","Counter Fraud","Undeclared","[c]","[c]","[c]","[c]"
"Leaver Dept.","2023","Undeclared","Counter Fraud","Unknown","5","[c]","[c]","[c]"
"Leaver Dept.","2023","Undeclared","Debt","Heterosexual / straight","[c]","[c]","[c]","[c]"
"Leaver Dept.","2023","Undeclared","Debt","LGBO","[c]","[c]","[c]","[c]"
"Leaver Dept.","2023","Undeclared","Debt","Unknown","5","[c]","[c]","[c]"
"Leaver Dept.","2023","Undeclared","Digital, Data & Technology","Heterosexual / straight","10","[c]","[c]","[c]"
"Leaver Dept.","2023","Undeclared","Digital, Data & Technology","LGBO","[c]","[c]","[c]","[c]"
"Leaver Dept.","2023","Undeclared","Digital, Data & Technology","Undeclared","15","[c]","[c]","[c]"
"Leaver Dept.","2023","Undeclared","Digital, Data & Technology","Unknown","5","[c]","[c]","[c]"
"Leaver Dept.","2023","Undeclared","Finance","Heterosexual / straight","10","[c]","[c]","[c]"
"Leaver Dept.","2023","Undeclared","Finance","LGBO","[c]","[c]","[c]","[c]"
"Leaver Dept.","2023","Undeclared","Finance","Undeclared","10","[c]","[c]","[c]"
"Leaver Dept.","2023","Undeclared","Finance","Unknown","[c]","[c]","[c]","[c]"
"Leaver Dept.","2023","Undeclared","Grants Management","Heterosexual / straight","[c]","[c]","[c]","[c]"
"Leaver Dept.","2023","Undeclared","Grants Management","LGBO","[c]","[c]","[c]","[c]"
"Leaver Dept.","2023","Undeclared","Human Resources","Heterosexual / straight","20","[c]","[c]","[c]"
"Leaver Dept.","2023","Undeclared","Human Resources","LGBO","[c]","[c]","[c]","[c]"
"Leaver Dept.","2023","Undeclared","Human Resources","Undeclared","5","[c]","[c]","[c]"
"Leaver Dept.","2023","Undeclared","Human Resources","Unknown","[c]","[c]","[c]","[c]"
"Leaver Dept.","2023","Undeclared","Internal Audit","Heterosexual / straight","[c]","[c]","[c]","[c]"
"Leaver Dept.","2023","Undeclared","Internal Audit","LGBO","[c]","[c]","[c]","[c]"
"Leaver Dept.","2023","Undeclared","Internal Audit","Undeclared","[c]","[c]","[c]","[c]"
"Leaver Dept.","2023","Undeclared","Internal Audit","Unknown","[c]","[c]","[c]","[c]"
"Leaver Dept.","2023","Undeclared","Legal","Heterosexual / straight","[c]","[c]","[c]","[c]"
"Leaver Dept.","2023","Undeclared","Legal","LGBO","[c]","[c]","[c]","[c]"
"Leaver Dept.","2023","Undeclared","Legal","Undeclared","[c]","[c]","[c]","[c]"
"Leaver Dept.","2023","Undeclared","No function","Heterosexual / straight","220","[c]","34870","30350"
"Leaver Dept.","2023","Undeclared","No function","LGBO","35","[c]","[c]","[c]"
"Leaver Dept.","2023","Undeclared","No function","Undeclared","155","[c]","38710","33630"
"Leaver Dept.","2023","Undeclared","No function","Unknown","50","[c]","[c]","[c]"
"Leaver Dept.","2023","Undeclared","Project Delivery","Heterosexual / straight","10","[c]","[c]","[c]"
"Leaver Dept.","2023","Undeclared","Project Delivery","LGBO","[c]","[c]","[c]","[c]"
"Leaver Dept.","2023","Undeclared","Project Delivery","Undeclared","15","[c]","[c]","[c]"
"Leaver Dept.","2023","Undeclared","Project Delivery","Unknown","[c]","[c]","[c]","[c]"
"Leaver Dept.","2023","Undeclared","Property","Heterosexual / straight","10","[c]","[c]","[c]"
"Leaver Dept.","2023","Undeclared","Property","LGBO","[c]","[c]","[c]","[c]"
"Leaver Dept.","2023","Undeclared","Property","Undeclared","5","[c]","[c]","[c]"
"Leaver Dept.","2023","Undeclared","Property","Unknown","[c]","[c]","[c]","[c]"
"Leaver Dept.","2023","Undeclared","Security","Heterosexual / straight","[c]","[c]","[c]","[c]"
"Leaver Dept.","2023","Undeclared","Security","LGBO","[c]","[c]","[c]","[c]"
"Leaver Dept.","2023","Undeclared","Security","Undeclared","[c]","[c]","[c]","[c]"
"Leaver Dept.","2023","Undeclared","Security","Unknown","[c]","[c]","[c]","[c]"
"Leaver Dept.","2023","Undeclared","Unknown","Heterosexual / straight","5","[c]","[c]","[c]"
"Leaver Dept.","2023","Undeclared","Unknown","LGBO","[c]","[c]","[c]","[c]"
"Leaver Dept.","2023","Undeclared","Unknown","Undeclared","[c]","[c]","[c]","[c]"
"Leaver Dept.","2023","Undeclared","Unknown","Unknown","[c]","[c]","[c]","[c]"
"Leaver Dept.","2023","Unknown","Analysis","Heterosexual / straight","40","[c]","38450","36970"
"Leaver Dept.","2023","Unknown","Analysis","LGBO","5","[c]","[c]","[c]"
"Leaver Dept.","2023","Unknown","Analysis","Undeclared","5","[c]","[c]","[c]"
"Leaver Dept.","2023","Unknown","Analysis","Unknown","140","[c]","36730","33250"
"Leaver Dept.","2023","Unknown","Commercial","Heterosexual / straight","25","[c]","[c]","[c]"
"Leaver Dept.","2023","Unknown","Commercial","LGBO","[c]","[c]","[c]","[c]"
"Leaver Dept.","2023","Unknown","Commercial","Undeclared","[c]","[c]","[c]","[c]"
"Leaver Dept.","2023","Unknown","Commercial","Unknown","65","[c]","40980","36940"
"Leaver Dept.","2023","Unknown","Communications","Heterosexual / straight","20","[c]","[c]","[c]"
"Leaver Dept.","2023","Unknown","Communications","LGBO","[c]","[c]","[c]","[c]"
"Leaver Dept.","2023","Unknown","Communications","Undeclared","[c]","[c]","[c]","[c]"
"Leaver Dept.","2023","Unknown","Communications","Unknown","75","[c]","38580","34550"
"Leaver Dept.","2023","Unknown","Counter Fraud","Heterosexual / straight","[c]","[c]","[c]","[c]"
"Leaver Dept.","2023","Unknown","Counter Fraud","LGBO","[c]","[c]","[c]","[c]"
"Leaver Dept.","2023","Unknown","Counter Fraud","Unknown","60","[c]","[c]","[c]"
"Leaver Dept.","2023","Unknown","Debt","Heterosexual / straight","[c]","[c]","[c]","[c]"
"Leaver Dept.","2023","Unknown","Debt","LGBO","[c]","[c]","[c]","[c]"
"Leaver Dept.","2023","Unknown","Debt","Unknown","50","[c]","[c]","[c]"
"Leaver Dept.","2023","Unknown","Digital, Data & Technology","Heterosexual / straight","60","[c]","40920","37590"
"Leaver Dept.","2023","Unknown","Digital, Data & Technology","LGBO","[c]","[c]","[c]","[c]"
"Leaver Dept.","2023","Unknown","Digital, Data & Technology","Undeclared","5","[c]","[c]","[c]"
"Leaver Dept.","2023","Unknown","Digital, Data & Technology","Unknown","155","[c]","39080","36380"
"Leaver Dept.","2023","Unknown","Finance","Heterosexual / straight","15","[c]","[c]","[c]"
"Leaver Dept.","2023","Unknown","Finance","LGBO","[c]","[c]","[c]","[c]"
"Leaver Dept.","2023","Unknown","Finance","Undeclared","[c]","[c]","[c]","[c]"
"Leaver Dept.","2023","Unknown","Finance","Unknown","110","[c]","37650","33250"
"Leaver Dept.","2023","Unknown","Grants Management","Heterosexual / straight","[c]","[c]","[c]","[c]"
"Leaver Dept.","2023","Unknown","Grants Management","LGBO","[c]","[c]","[c]","[c]"
"Leaver Dept.","2023","Unknown","Human Resources","Heterosexual / straight","30","[c]","[c]","[c]"
"Leaver Dept.","2023","Unknown","Human Resources","LGBO","[c]","[c]","[c]","[c]"
"Leaver Dept.","2023","Unknown","Human Resources","Undeclared","[c]","[c]","[c]","[c]"
"Leaver Dept.","2023","Unknown","Human Resources","Unknown","85","[c]","38220","32640"
"Leaver Dept.","2023","Unknown","Internal Audit","Heterosexual / straight","[c]","[c]","[c]","[c]"
"Leaver Dept.","2023","Unknown","Internal Audit","LGBO","[c]","[c]","[c]","[c]"
"Leaver Dept.","2023","Unknown","Internal Audit","Unknown","[c]","[c]","[c]","[c]"
"Leaver Dept.","2023","Unknown","Legal","Heterosexual / straight","30","[c]","34980","30280"
"Leaver Dept.","2023","Unknown","Legal","LGBO","[c]","[c]","[c]","[c]"
"Leaver Dept.","2023","Unknown","Legal","Undeclared","[c]","[c]","[c]","[c]"
"Leaver Dept.","2023","Unknown","Legal","Unknown","55","[c]","46550","48410"
"Leaver Dept.","2023","Unknown","No function","Heterosexual / straight","390","[c]","36320","32530"
"Leaver Dept.","2023","Unknown","No function","LGBO","50","[c]","35240","33830"
"Leaver Dept.","2023","Unknown","No function","Undeclared","55","[c]","38240","36180"
"Leaver Dept.","2023","Unknown","No function","Unknown","1530","[c]","38450","34170"
"Leaver Dept.","2023","Unknown","Project Delivery","Heterosexual / straight","30","[c]","39100","36840"
"Leaver Dept.","2023","Unknown","Project Delivery","LGBO","5","[c]","[c]","[c]"
"Leaver Dept.","2023","Unknown","Project Delivery","Undeclared","[c]","[c]","[c]","[c]"
"Leaver Dept.","2023","Unknown","Project Delivery","Unknown","145","[c]","35820","32960"
"Leaver Dept.","2023","Unknown","Property","Heterosexual / straight","[c]","[c]","[c]","[c]"
"Leaver Dept.","2023","Unknown","Property","LGBO","[c]","[c]","[c]","[c]"
"Leaver Dept.","2023","Unknown","Property","Unknown","45","[c]","31020","23760"
"Leaver Dept.","2023","Unknown","Security","Heterosexual / straight","10","[c]","[c]","[c]"
"Leaver Dept.","2023","Unknown","Security","LGBO","[c]","[c]","[c]","[c]"
"Leaver Dept.","2023","Unknown","Security","Undeclared","[c]","[c]","[c]","[c]"
"Leaver Dept.","2023","Unknown","Security","Unknown","50","[c]","31600","27500"
"Leaver Dept.","2023","Unknown","Unknown","Heterosexual / straight","265","[c]","[c]","[c]"
"Leaver Dept.","2023","Unknown","Unknown","LGBO","25","[c]","[c]","[c]"
"Leaver Dept.","2023","Unknown","Unknown","Undeclared","175","[c]","[c]","[c]"
"Leaver Dept.","2023","Unknown","Unknown","Unknown","495","[c]","35360","32000"
"New entrant CS","2023","Declared disabled","Analysis","Heterosexual / straight","70","[c]","34950","33050"
"New entrant CS","2023","Declared disabled","Analysis","LGBO","25","[c]","[c]","[c]"
"New entrant CS","2023","Declared disabled","Analysis","Undeclared","10","[c]","[c]","[c]"
"New entrant CS","2023","Declared disabled","Analysis","Unknown","10","[c]","[c]","[c]"
"New entrant CS","2023","Declared disabled","Commercial","Heterosexual / straight","35","[c]","37510","34420"
"New entrant CS","2023","Declared disabled","Commercial","LGBO","[c]","[c]","[c]","[c]"
"New entrant CS","2023","Declared disabled","Commercial","Undeclared","5","[c]","[c]","[c]"
"New entrant CS","2023","Declared disabled","Commercial","Unknown","20","[c]","[c]","[c]"
"New entrant CS","2023","Declared disabled","Communications","Heterosexual / straight","20","[c]","[c]","[c]"
"New entrant CS","2023","Declared disabled","Communications","LGBO","10","[c]","[c]","[c]"
"New entrant CS","2023","Declared disabled","Communications","Undeclared","[c]","[c]","[c]","[c]"
"New entrant CS","2023","Declared disabled","Communications","Unknown","[c]","[c]","[c]","[c]"
"New entrant CS","2023","Declared disabled","Counter Fraud","Heterosexual / straight","55","[c]","28950","27570"
"New entrant CS","2023","Declared disabled","Counter Fraud","LGBO","15","[c]","[c]","[c]"
"New entrant CS","2023","Declared disabled","Counter Fraud","Undeclared","[c]","[c]","[c]","[c]"
"New entrant CS","2023","Declared disabled","Counter Fraud","Unknown","[c]","[c]","[c]","[c]"
"New entrant CS","2023","Declared disabled","Debt","Heterosexual / straight","90","[c]","22330","21690"
"New entrant CS","2023","Declared disabled","Debt","LGBO","20","[c]","[c]","[c]"
"New entrant CS","2023","Declared disabled","Debt","Undeclared","[c]","[c]","[c]","[c]"
"New entrant CS","2023","Declared disabled","Debt","Unknown","10","[c]","[c]","[c]"
"New entrant CS","2023","Declared disabled","Digital, Data & Technology","Heterosexual / straight","145","[c]","37850","34700"
"New entrant CS","2023","Declared disabled","Digital, Data & Technology","LGBO","40","[c]","36140","34290"
"New entrant CS","2023","Declared disabled","Digital, Data & Technology","Undeclared","15","[c]","[c]","[c]"
"New entrant CS","2023","Declared disabled","Digital, Data & Technology","Unknown","30","[c]","[c]","[c]"
"New entrant CS","2023","Declared disabled","Finance","Heterosexual / straight","45","[c]","37980","34400"
"New entrant CS","2023","Declared disabled","Finance","LGBO","10","[c]","[c]","[c]"
"New entrant CS","2023","Declared disabled","Finance","Undeclared","[c]","[c]","[c]","[c]"
"New entrant CS","2023","Declared disabled","Finance","Unknown","5","[c]","[c]","[c]"
"New entrant CS","2023","Declared disabled","Grants Management","Heterosexual / straight","35","[c]","22190","22150"
"New entrant CS","2023","Declared disabled","Grants Management","LGBO","15","[c]","[c]","[c]"
"New entrant CS","2023","Declared disabled","Grants Management","Undeclared","10","[c]","[c]","[c]"
"New entrant CS","2023","Declared disabled","Grants Management","Unknown","[c]","[c]","[c]","[c]"
"New entrant CS","2023","Declared disabled","Human Resources","Heterosexual / straight","80","[c]","30420","28830"
"New entrant CS","2023","Declared disabled","Human Resources","LGBO","25","[c]","[c]","[c]"
"New entrant CS","2023","Declared disabled","Human Resources","Undeclared","[c]","[c]","[c]","[c]"
"New entrant CS","2023","Declared disabled","Human Resources","Unknown","[c]","[c]","[c]","[c]"
"New entrant CS","2023","Declared disabled","Internal Audit","Heterosexual / straight","[c]","[c]","[c]","[c]"
"New entrant CS","2023","Declared disabled","Internal Audit","LGBO","[c]","[c]","[c]","[c]"
"New entrant CS","2023","Declared disabled","Internal Audit","Undeclared","[c]","[c]","[c]","[c]"
"New entrant CS","2023","Declared disabled","Internal Audit","Unknown","[c]","[c]","[c]","[c]"
"New entrant CS","2023","Declared disabled","Legal","Heterosexual / straight","100","[c]","30380","25830"
"New entrant CS","2023","Declared disabled","Legal","LGBO","30","[c]","[c]","[c]"
"New entrant CS","2023","Declared disabled","Legal","Undeclared","10","[c]","[c]","[c]"
"New entrant CS","2023","Declared disabled","Legal","Unknown","5","[c]","[c]","[c]"
"New entrant CS","2023","Declared disabled","No function","Heterosexual / straight","1505","[c]","26870","23640"
"New entrant CS","2023","Declared disabled","No function","LGBO","430","[c]","26870","24070"
"New entrant CS","2023","Declared disabled","No function","Undeclared","130","[c]","26580","25610"
"New entrant CS","2023","Declared disabled","No function","Unknown","135","[c]","26890","25610"
"New entrant CS","2023","Declared disabled","Project Delivery","Heterosexual / straight","70","[c]","33870","32500"
"New entrant CS","2023","Declared disabled","Project Delivery","LGBO","15","[c]","[c]","[c]"
"New entrant CS","2023","Declared disabled","Project Delivery","Undeclared","5","[c]","[c]","[c]"
"New entrant CS","2023","Declared disabled","Project Delivery","Unknown","25","[c]","[c]","[c]"
"New entrant CS","2023","Declared disabled","Property","Heterosexual / straight","40","[c]","34400","30930"
"New entrant CS","2023","Declared disabled","Property","LGBO","10","[c]","[c]","[c]"
"New entrant CS","2023","Declared disabled","Property","Undeclared","[c]","[c]","[c]","[c]"
"New entrant CS","2023","Declared disabled","Property","Unknown","5","[c]","[c]","[c]"
"New entrant CS","2023","Declared disabled","Security","Heterosexual / straight","30","[c]","31080","28120"
"New entrant CS","2023","Declared disabled","Security","LGBO","10","[c]","[c]","[c]"
"New entrant CS","2023","Declared disabled","Security","Undeclared","[c]","[c]","[c]","[c]"
"New entrant CS","2023","Declared disabled","Security","Unknown","5","[c]","[c]","[c]"
"New entrant CS","2023","Declared disabled","Unknown","Heterosexual / straight","185","[c]","31390","29100"
"New entrant CS","2023","Declared disabled","Unknown","LGBO","70","[c]","29900","29100"
"New entrant CS","2023","Declared disabled","Unknown","Undeclared","20","[c]","[c]","[c]"
"New entrant CS","2023","Declared disabled","Unknown","Unknown","65","[c]","29280","28840"
"New entrant CS","2023","Declared non-disabled","Analysis","Heterosexual / straight","545","[c]","34900","33000"
"New entrant CS","2023","Declared non-disabled","Analysis","LGBO","75","[c]","34530","31560"
"New entrant CS","2023","Declared non-disabled","Analysis","Undeclared","35","[c]","32550","32940"
"New entrant CS","2023","Declared non-disabled","Analysis","Unknown","35","[c]","29700","30350"
"New entrant CS","2023","Declared non-disabled","Commercial","Heterosexual / straight","220","[c]","37320","32750"
"New entrant CS","2023","Declared non-disabled","Commercial","LGBO","15","[c]","[c]","[c]"
"New entrant CS","2023","Declared non-disabled","Commercial","Undeclared","15","[c]","[c]","[c]"
"New entrant CS","2023","Declared non-disabled","Commercial","Unknown","65","[c]","77900","70930"
"New entrant CS","2023","Declared non-disabled","Communications","Heterosexual / straight","210","[c]","38840","35410"
"New entrant CS","2023","Declared non-disabled","Communications","LGBO","20","[c]","[c]","[c]"
"New entrant CS","2023","Declared non-disabled","Communications","Undeclared","10","[c]","[c]","[c]"
"New entrant CS","2023","Declared non-disabled","Communications","Unknown","5","[c]","[c]","[c]"
"New entrant CS","2023","Declared non-disabled","Counter Fraud","Heterosexual / straight","370","[c]","28180","27650"
"New entrant CS","2023","Declared non-disabled","Counter Fraud","LGBO","35","[c]","29410","27890"
"New entrant CS","2023","Declared non-disabled","Counter Fraud","Undeclared","25","[c]","[c]","[c]"
"New entrant CS","2023","Declared non-disabled","Counter Fraud","Unknown","15","[c]","[c]","[c]"
"New entrant CS","2023","Declared non-disabled","Debt","Heterosexual / straight","730","[c]","22720","22520"
"New entrant CS","2023","Declared non-disabled","Debt","LGBO","75","[c]","22730","22520"
"New entrant CS","2023","Declared non-disabled","Debt","Undeclared","30","[c]","22420","22520"
"New entrant CS","2023","Declared non-disabled","Debt","Unknown","75","[c]","[c]","[c]"
"New entrant CS","2023","Declared non-disabled","Digital, Data & Technology","Heterosexual / straight","1350","[c]","40800","37690"
"New entrant CS","2023","Declared non-disabled","Digital, Data & Technology","LGBO","110","[c]","37260","35010"
"New entrant CS","2023","Declared non-disabled","Digital, Data & Technology","Undeclared","110","[c]","37310","34400"
"New entrant CS","2023","Declared non-disabled","Digital, Data & Technology","Unknown","35","[c]","37680","34850"
"New entrant CS","2023","Declared non-disabled","Finance","Heterosexual / straight","330","[c]","35180","32230"
"New entrant CS","2023","Declared non-disabled","Finance","LGBO","30","[c]","33070","27800"
"New entrant CS","2023","Declared non-disabled","Finance","Undeclared","25","[c]","[c]","[c]"
"New entrant CS","2023","Declared non-disabled","Finance","Unknown","15","[c]","[c]","[c]"
"New entrant CS","2023","Declared non-disabled","Grants Management","Heterosexual / straight","180","[c]","23080","22150"
"New entrant CS","2023","Declared non-disabled","Grants Management","LGBO","20","[c]","[c]","[c]"
"New entrant CS","2023","Declared non-disabled","Grants Management","Undeclared","15","[c]","[c]","[c]"
"New entrant CS","2023","Declared non-disabled","Grants Management","Unknown","40","[c]","21990","22150"
"New entrant CS","2023","Declared non-disabled","Human Resources","Heterosexual / straight","385","[c]","34820","31300"
"New entrant CS","2023","Declared non-disabled","Human Resources","LGBO","35","[c]","35130","29380"
"New entrant CS","2023","Declared non-disabled","Human Resources","Undeclared","15","[c]","[c]","[c]"
"New entrant CS","2023","Declared non-disabled","Human Resources","Unknown","10","[c]","[c]","[c]"
"New entrant CS","2023","Declared non-disabled","Internal Audit","Heterosexual / straight","25","[c]","[c]","[c]"
"New entrant CS","2023","Declared non-disabled","Internal Audit","LGBO","[c]","[c]","[c]","[c]"
"New entrant CS","2023","Declared non-disabled","Internal Audit","Undeclared","[c]","[c]","[c]","[c]"
"New entrant CS","2023","Declared non-disabled","Internal Audit","Unknown","5","[c]","[c]","[c]"
"New entrant CS","2023","Declared non-disabled","Legal","Heterosexual / straight","875","[c]","35640","29660"
"New entrant CS","2023","Declared non-disabled","Legal","LGBO","75","[c]","33240","26900"
"New entrant CS","2023","Declared non-disabled","Legal","Undeclared","50","[c]","40920","38220"
"New entrant CS","2023","Declared non-disabled","Legal","Unknown","15","[c]","[c]","[c]"
"New entrant CS","2023","Declared non-disabled","No function","Heterosexual / straight","12245","[c]","28310","25310"
"New entrant CS","2023","Declared non-disabled","No function","LGBO","1200","[c]","28080","24870"
"New entrant CS","2023","Declared non-disabled","No function","Undeclared","580","[c]","28880","25480"
"New entrant CS","2023","Declared non-disabled","No function","Unknown","340","[c]","27500","23390"
"New entrant CS","2023","Declared non-disabled","Project Delivery","Heterosexual / straight","575","[c]","40090","34850"
"New entrant CS","2023","Declared non-disabled","Project Delivery","LGBO","40","[c]","35750","32500"
"New entrant CS","2023","Declared non-disabled","Project Delivery","Undeclared","35","[c]","36710","36230"
"New entrant CS","2023","Declared non-disabled","Project Delivery","Unknown","35","[c]","38020","31000"
"New entrant CS","2023","Declared non-disabled","Property","Heterosexual / straight","315","[c]","34470","27650"
"New entrant CS","2023","Declared non-disabled","Property","LGBO","30","[c]","29650","22520"
"New entrant CS","2023","Declared non-disabled","Property","Undeclared","15","[c]","[c]","[c]"
"New entrant CS","2023","Declared non-disabled","Property","Unknown","10","[c]","[c]","[c]"
"New entrant CS","2023","Declared non-disabled","Security","Heterosexual / straight","170","[c]","31200","27830"
"New entrant CS","2023","Declared non-disabled","Security","LGBO","25","[c]","[c]","[c]"
"New entrant CS","2023","Declared non-disabled","Security","Undeclared","10","[c]","[c]","[c]"
"New entrant CS","2023","Declared non-disabled","Security","Unknown","5","[c]","[c]","[c]"
"New entrant CS","2023","Declared non-disabled","Unknown","Heterosexual / straight","1065","[c]","34140","30440"
"New entrant CS","2023","Declared non-disabled","Unknown","LGBO","115","[c]","32800","29100"
"New entrant CS","2023","Declared non-disabled","Unknown","Undeclared","60","[c]","32880","29100"
"New entrant CS","2023","Declared non-disabled","Unknown","Unknown","30","[c]","[c]","[c]"
"New entrant CS","2023","Undeclared","Analysis","Heterosexual / straight","20","[c]","[c]","[c]"
"New entrant CS","2023","Undeclared","Analysis","LGBO","10","[c]","[c]","[c]"
"New entrant CS","2023","Undeclared","Analysis","Undeclared","15","[c]","[c]","[c]"
"New entrant CS","2023","Undeclared","Analysis","Unknown","[c]","[c]","[c]","[c]"
"New entrant CS","2023","Undeclared","Commercial","Heterosexual / straight","10","[c]","[c]","[c]"
"New entrant CS","2023","Undeclared","Commercial","LGBO","[c]","[c]","[c]","[c]"
"New entrant CS","2023","Undeclared","Commercial","Undeclared","5","[c]","[c]","[c]"
"New entrant CS","2023","Undeclared","Commercial","Unknown","[c]","[c]","[c]","[c]"
"New entrant CS","2023","Undeclared","Communications","Heterosexual / straight","5","[c]","[c]","[c]"
"New entrant CS","2023","Undeclared","Communications","LGBO","[c]","[c]","[c]","[c]"
"New entrant CS","2023","Undeclared","Communications","Undeclared","10","[c]","[c]","[c]"
"New entrant CS","2023","Undeclared","Communications","Unknown","[c]","[c]","[c]","[c]"
"New entrant CS","2023","Undeclared","Counter Fraud","Heterosexual / straight","15","[c]","[c]","[c]"
"New entrant CS","2023","Undeclared","Counter Fraud","LGBO","[c]","[c]","[c]","[c]"
"New entrant CS","2023","Undeclared","Counter Fraud","Undeclared","10","[c]","[c]","[c]"
"New entrant CS","2023","Undeclared","Debt","Heterosexual / straight","20","[c]","[c]","[c]"
"New entrant CS","2023","Undeclared","Debt","LGBO","[c]","[c]","[c]","[c]"
"New entrant CS","2023","Undeclared","Debt","Undeclared","10","[c]","[c]","[c]"
"New entrant CS","2023","Undeclared","Debt","Unknown","5","[c]","[c]","[c]"
"New entrant CS","2023","Undeclared","Digital, Data & Technology","Heterosexual / straight","35","[c]","40670","37760"
"New entrant CS","2023","Undeclared","Digital, Data & Technology","LGBO","[c]","[c]","[c]","[c]"
"New entrant CS","2023","Undeclared","Digital, Data & Technology","Undeclared","30","[c]","40700","39110"
"New entrant CS","2023","Undeclared","Digital, Data & Technology","Unknown","5","[c]","[c]","[c]"
"New entrant CS","2023","Undeclared","Finance","Heterosexual / straight","10","[c]","[c]","[c]"
"New entrant CS","2023","Undeclared","Finance","LGBO","[c]","[c]","[c]","[c]"
"New entrant CS","2023","Undeclared","Finance","Undeclared","5","[c]","[c]","[c]"
"New entrant CS","2023","Undeclared","Finance","Unknown","[c]","[c]","[c]","[c]"
"New entrant CS","2023","Undeclared","Grants Management","Heterosexual / straight","10","[c]","[c]","[c]"
"New entrant CS","2023","Undeclared","Grants Management","LGBO","5","[c]","[c]","[c]"
"New entrant CS","2023","Undeclared","Grants Management","Undeclared","10","[c]","[c]","[c]"
"New entrant CS","2023","Undeclared","Human Resources","Heterosexual / straight","10","[c]","[c]","[c]"
"New entrant CS","2023","Undeclared","Human Resources","LGBO","[c]","[c]","[c]","[c]"
"New entrant CS","2023","Undeclared","Human Resources","Undeclared","[c]","[c]","[c]","[c]"
"New entrant CS","2023","Undeclared","Human Resources","Unknown","[c]","[c]","[c]","[c]"
"New entrant CS","2023","Undeclared","Internal Audit","Heterosexual / straight","[c]","[c]","[c]","[c]"
"New entrant CS","2023","Undeclared","Internal Audit","LGBO","[c]","[c]","[c]","[c]"
"New entrant CS","2023","Undeclared","Internal Audit","Undeclared","5","[c]","[c]","[c]"
"New entrant CS","2023","Undeclared","Legal","Heterosexual / straight","25","[c]","[c]","[c]"
"New entrant CS","2023","Undeclared","Legal","LGBO","[c]","[c]","[c]","[c]"
"New entrant CS","2023","Undeclared","Legal","Undeclared","5","[c]","[c]","[c]"
"New entrant CS","2023","Undeclared","Legal","Unknown","[c]","[c]","[c]","[c]"
"New entrant CS","2023","Undeclared","No function","Heterosexual / straight","410","[c]","27030","23640"
"New entrant CS","2023","Undeclared","No function","LGBO","95","[c]","26510","23230"
"New entrant CS","2023","Undeclared","No function","Undeclared","210","[c]","29970","27820"
"New entrant CS","2023","Undeclared","No function","Unknown","30","[c]","[c]","[c]"
"New entrant CS","2023","Undeclared","Project Delivery","Heterosexual / straight","10","[c]","[c]","[c]"
"New entrant CS","2023","Undeclared","Project Delivery","LGBO","[c]","[c]","[c]","[c]"
"New entrant CS","2023","Undeclared","Project Delivery","Undeclared","5","[c]","[c]","[c]"
"New entrant CS","2023","Undeclared","Project Delivery","Unknown","[c]","[c]","[c]","[c]"
"New entrant CS","2023","Undeclared","Property","Heterosexual / straight","10","[c]","[c]","[c]"
"New entrant CS","2023","Undeclared","Property","LGBO","[c]","[c]","[c]","[c]"
"New entrant CS","2023","Undeclared","Property","Undeclared","5","[c]","[c]","[c]"
"New entrant CS","2023","Undeclared","Property","Unknown","[c]","[c]","[c]","[c]"
"New entrant CS","2023","Undeclared","Security","Heterosexual / straight","[c]","[c]","[c]","[c]"
"New entrant CS","2023","Undeclared","Security","LGBO","[c]","[c]","[c]","[c]"
"New entrant CS","2023","Undeclared","Security","Undeclared","[c]","[c]","[c]","[c]"
"New entrant CS","2023","Undeclared","Unknown","Heterosexual / straight","25","[c]","[c]","[c]"
"New entrant CS","2023","Undeclared","Unknown","LGBO","10","[c]","[c]","[c]"
"New entrant CS","2023","Undeclared","Unknown","Undeclared","15","[c]","[c]","[c]"
"New entrant CS","2023","Undeclared","Unknown","Unknown","5","[c]","[c]","[c]"
"New entrant CS","2023","Unknown","Analysis","Heterosexual / straight","235","[c]","33790","31560"
"New entrant CS","2023","Unknown","Analysis","LGBO","25","[c]","[c]","[c]"
"New entrant CS","2023","Unknown","Analysis","Undeclared","25","[c]","[c]","[c]"
"New entrant CS","2023","Unknown","Analysis","Unknown","345","[c]","31700","30730"
"New entrant CS","2023","Unknown","Commercial","Heterosexual / straight","135","[c]","33020","32500"
"New entrant CS","2023","Unknown","Commercial","LGBO","10","[c]","[c]","[c]"
"New entrant CS","2023","Unknown","Commercial","Undeclared","10","[c]","[c]","[c]"
"New entrant CS","2023","Unknown","Commercial","Unknown","190","[c]","32680","28840"
"New entrant CS","2023","Unknown","Communications","Heterosexual / straight","95","[c]","39210","37690"
"New entrant CS","2023","Unknown","Communications","LGBO","10","[c]","[c]","[c]"
"New entrant CS","2023","Unknown","Communications","Undeclared","10","[c]","[c]","[c]"
"New entrant CS","2023","Unknown","Communications","Unknown","145","[c]","37030","35410"
"New entrant CS","2023","Unknown","Counter Fraud","Heterosexual / straight","5","[c]","[c]","[c]"
"New entrant CS","2023","Unknown","Counter Fraud","LGBO","[c]","[c]","[c]","[c]"
"New entrant CS","2023","Unknown","Counter Fraud","Unknown","110","[c]","29880","28120"
"New entrant CS","2023","Unknown","Debt","Heterosexual / straight","20","[c]","[c]","[c]"
"New entrant CS","2023","Unknown","Debt","LGBO","[c]","[c]","[c]","[c]"
"New entrant CS","2023","Unknown","Debt","Undeclared","[c]","[c]","[c]","[c]"
"New entrant CS","2023","Unknown","Debt","Unknown","585","[c]","22920","22520"
"New entrant CS","2023","Unknown","Digital, Data & Technology","Heterosexual / straight","325","[c]","37510","33990"
"New entrant CS","2023","Unknown","Digital, Data & Technology","LGBO","35","[c]","35370","32560"
"New entrant CS","2023","Unknown","Digital, Data & Technology","Undeclared","35","[c]","37550","34170"
"New entrant CS","2023","Unknown","Digital, Data & Technology","Unknown","890","[c]","39210","35000"
"New entrant CS","2023","Unknown","Finance","Heterosexual / straight","110","[c]","33530","28800"
"New entrant CS","2023","Unknown","Finance","LGBO","5","[c]","[c]","[c]"
"New entrant CS","2023","Unknown","Finance","Undeclared","25","[c]","[c]","[c]"
"New entrant CS","2023","Unknown","Finance","Unknown","220","[c]","30330","27650"
"New entrant CS","2023","Unknown","Grants Management","Heterosexual / straight","5","[c]","[c]","[c]"
"New entrant CS","2023","Unknown","Grants Management","LGBO","[c]","[c]","[c]","[c]"
"New entrant CS","2023","Unknown","Grants Management","Undeclared","[c]","[c]","[c]","[c]"
"New entrant CS","2023","Unknown","Grants Management","Unknown","65","[c]","22880","22150"
"New entrant CS","2023","Unknown","Human Resources","Heterosexual / straight","210","[c]","32880","30200"
"New entrant CS","2023","Unknown","Human Resources","LGBO","10","[c]","[c]","[c]"
"New entrant CS","2023","Unknown","Human Resources","Undeclared","30","[c]","31890","28770"
"New entrant CS","2023","Unknown","Human Resources","Unknown","340","[c]","31960","28000"
"New entrant CS","2023","Unknown","Internal Audit","Heterosexual / straight","10","[c]","[c]","[c]"
"New entrant CS","2023","Unknown","Internal Audit","LGBO","[c]","[c]","[c]","[c]"
"New entrant CS","2023","Unknown","Internal Audit","Unknown","5","[c]","[c]","[c]"
"New entrant CS","2023","Unknown","Legal","Heterosexual / straight","170","[c]","33410","28200"
"New entrant CS","2023","Unknown","Legal","LGBO","15","[c]","[c]","[c]"
"New entrant CS","2023","Unknown","Legal","Undeclared","15","[c]","[c]","[c]"
"New entrant CS","2023","Unknown","Legal","Unknown","140","[c]","37930","31270"
"New entrant CS","2023","Unknown","No function","Heterosexual / straight","3215","[c]","30290","25880"
"New entrant CS","2023","Unknown","No function","LGBO","330","[c]","29280","25880"
"New entrant CS","2023","Unknown","No function","Undeclared","330","[c]","33510","29530"
"New entrant CS","2023","Unknown","No function","Unknown","14820","[c]","27080","25480"
"New entrant CS","2023","Unknown","Project Delivery","Heterosexual / straight","430","[c]","38440","33990"
"New entrant CS","2023","Unknown","Project Delivery","LGBO","45","[c]","33220","31270"
"New entrant CS","2023","Unknown","Project Delivery","Undeclared","35","[c]","36280","33500"
"New entrant CS","2023","Unknown","Project Delivery","Unknown","455","[c]","34460","29280"
"New entrant CS","2023","Unknown","Property","Heterosexual / straight","100","[c]","35520","33830"
"New entrant CS","2023","Unknown","Property","LGBO","[c]","[c]","[c]","[c]"
"New entrant CS","2023","Unknown","Property","Undeclared","[c]","[c]","[c]","[c]"
"New entrant CS","2023","Unknown","Property","Unknown","360","[c]","29040","24350"
"New entrant CS","2023","Unknown","Security","Heterosexual / straight","205","[c]","29000","27500"
"New entrant CS","2023","Unknown","Security","LGBO","[c]","[c]","[c]","[c]"
"New entrant CS","2023","Unknown","Security","Undeclared","5","[c]","[c]","[c]"
"New entrant CS","2023","Unknown","Security","Unknown","495","[c]","29790","27350"
"New entrant CS","2023","Unknown","Unknown","Heterosexual / straight","355","[c]","33050","29100"
"New entrant CS","2023","Unknown","Unknown","LGBO","45","[c]","32500","29100"
"New entrant CS","2023","Unknown","Unknown","Undeclared","40","[c]","34380","29100"
"New entrant CS","2023","Unknown","Unknown","Unknown","2600","[c]","30560","28840"
"Notes","Summary figures are suppressed when information relates to less than 5 civil servants for FTE or Headcount, and less than 10 civil servants for median and mean salary (shown as [c]). Zero responses and salaries for less than 30 civil servants have been suppressed for GPDR special category data. FTE figures are not shown for entrants or leavers due to data quality concerns for these groups. Figures are rounded to the nearest 5, or 10 as appropriate.","","","","","","",""
"Data source","All figures are aggregated from the Cabinet Office Annual Civil Service Employment Survey collection. https://www.gov.uk/government/collections/civil-service-statistics","","","","","","",""
"Version","Generated on 2023-07-26, with GIT d545f65.","","","","","","",""
"Data column","Description","","","","","","",""
"Status","Employment status of the civil servants.","","","","","","",""
"","In post - includes staff that were in post on the reference date (31 March).","","","","","","",""
"","New entrant CS - includes new entrants to the Civil Service over the year (1 April to 31 March).","","","","","","",""
"","Leaver CS - includes leavers from the Civil Service over the year (1 April to 31 March). This includes employees who have an Unknown leaving cause.","","","","","","",""
"","Leaver Dept. - includes leavers from the department over the year (1 April to 31 March), who did not leave the Civil Service.","","","","","","",""
"","Four organisations do not report when their employees first entered the Civil Service and so entrants data for these organisations is not available . These are as follows: Foreign Commonwealth and Development Office (excl. agencies), Foreign Commonwealth and Development Office Services, Scottish Forestry and Forest and Land Scotland. A further three organisations also could not provide entrants data in 2021. These are as follows: Department for International Development, Foreign and Commonwealth Office (excl. agencies) and Royal Fleet Auxiliary.","","","","","","",""
"Year","Year of data collection (as at 31 March).","","","","","","",""
"Function_of_post","Functions relate to the post occupied by the person and are not dependent on qualifications the individual may have.","","","","","","",""
"","Welsh Government and Royal Fleet Auxiliary did not report any functions information for their employees.","","","","","","",""
"","Of the 20 bodies under the Scottish Government, 16 did not report any functions information for their employees.","","","","","","",""
"Disability","Self reported disability.","","","","","","",""
"","""Undeclared"" accounts for employees who have actively declared that they do not want to disclose their disability status and ""Unknown"" accounts for employees who have not made an active declaration about their disability status.","","","","","","",""
"Sexual_orientation","Self reported sexual orientation.","","","","","","",""
"","""Undeclared"" accounts for employees who have actively declared that they do not want to disclose their sexual orientation and ""Unknown"" accounts for employees who have not made an active declaration about their sexual orientation.","","","","","","",""
"Headcount","Total number of civil servants (rounded to nearest 5).","","","","","","",""
"FTE","Total full-time equivalent (FTE) employment numbers (rounded to nearest 5).","","","","","","",""
"","FTE figures are not shown for entrants or leavers due to data quality concerns for these groups.","","","","","","",""
"Mean_salary","Average salary (mean, rounded to nearest 10). For part-time employees, salaries represent the full-time equivalent earnings, while for full-time employees they are the actual annual gross salaries.","","","","","","",""
"","These figures should be interpreted with caution when the total number of employees in a group is small, as they will tend to show more variability than larger groups (i.e. may be much higher or lower than can be explained by the data shown).","","","","","","",""
"Median_salary","Median salary (rounded to nearest 10). For part-time employees, salaries represent the full-time equivalent earnings, while for full-time employees they are the actual annual gross salaries.","","","","","","",""
"","These figures should be interpreted with caution when the total number of employees in a group is small, as they will tend to show more variability than larger groups (i.e. may be much higher or lower than can be explained by the data shown).","","","","","","",""
