"Status","Year","Region_ITL2","Region_london","Sexual_orientation","Headcount","FTE","Mean_salary","Median_salary"
"In post","2023","Bedfordshire and Hertfordshire","Outside London","Heterosexual / straight","3420","3215","35220","31280"
"In post","2023","Bedfordshire and Hertfordshire","Outside London","LGBO","190","185","34370","31280"
"In post","2023","Bedfordshire and Hertfordshire","Outside London","Undeclared","435","400","35280","31680"
"In post","2023","Bedfordshire and Hertfordshire","Outside London","Unknown","730","665","33600","30810"
"In post","2023","Berkshire, Buckinghamshire and Oxfordshire","Outside London","Heterosexual / straight","6575","6235","35560","32380"
"In post","2023","Berkshire, Buckinghamshire and Oxfordshire","Outside London","LGBO","375","370","33900","31890"
"In post","2023","Berkshire, Buckinghamshire and Oxfordshire","Outside London","Undeclared","810","760","36920","34300"
"In post","2023","Berkshire, Buckinghamshire and Oxfordshire","Outside London","Unknown","1535","1440","34550","31280"
"In post","2023","Cheshire","Outside London","Heterosexual / straight","3270","3085","34700","32540"
"In post","2023","Cheshire","Outside London","LGBO","245","240","34260","32010"
"In post","2023","Cheshire","Outside London","Undeclared","350","325","33980","32060"
"In post","2023","Cheshire","Outside London","Unknown","635","580","31890","28880"
"In post","2023","Cornwall and Isles of Scilly","Outside London","Heterosexual / straight","1235","1125","29260","28120"
"In post","2023","Cornwall and Isles of Scilly","Outside London","LGBO","65","60","28130","28120"
"In post","2023","Cornwall and Isles of Scilly","Outside London","Undeclared","165","150","29250","27600"
"In post","2023","Cornwall and Isles of Scilly","Outside London","Unknown","260","230","27930","25300"
"In post","2023","Cumbria","Outside London","Heterosexual / straight","1720","1580","30560","26500"
"In post","2023","Cumbria","Outside London","LGBO","120","115","29320","25920"
"In post","2023","Cumbria","Outside London","Undeclared","210","190","30270","25920"
"In post","2023","Cumbria","Outside London","Unknown","425","380","28750","25920"
"In post","2023","Derbyshire and Nottinghamshire","Outside London","Heterosexual / straight","9555","8935","34280","30330"
"In post","2023","Derbyshire and Nottinghamshire","Outside London","LGBO","675","650","32400","28130"
"In post","2023","Derbyshire and Nottinghamshire","Outside London","Undeclared","1130","1035","33950","30260"
"In post","2023","Derbyshire and Nottinghamshire","Outside London","Unknown","2990","2770","30690","28120"
"In post","2023","Devon","Outside London","Heterosexual / straight","6750","6230","34300","30930"
"In post","2023","Devon","Outside London","LGBO","410","390","31380","28120"
"In post","2023","Devon","Outside London","Undeclared","995","910","35070","33430"
"In post","2023","Devon","Outside London","Unknown","1390","1260","29510","28080"
"In post","2023","Dorset and Somerset","Outside London","Heterosexual / straight","3925","3660","32590","28880"
"In post","2023","Dorset and Somerset","Outside London","LGBO","215","205","31160","28120"
"In post","2023","Dorset and Somerset","Outside London","Undeclared","515","480","32360","28880"
"In post","2023","Dorset and Somerset","Outside London","Unknown","915","835","31470","28120"
"In post","2023","East Anglia","Outside London","Heterosexual / straight","9310","8675","32510","28880"
"In post","2023","East Anglia","Outside London","LGBO","460","440","30470","28120"
"In post","2023","East Anglia","Outside London","Undeclared","1195","1100","32820","30350"
"In post","2023","East Anglia","Outside London","Unknown","2110","1930","31020","28120"
"In post","2023","East Wales","Outside London","Heterosexual / straight","14510","13675","36720","32060"
"In post","2023","East Wales","Outside London","LGBO","1115","1085","34810","31060"
"In post","2023","East Wales","Outside London","Undeclared","1725","1620","36560","32160"
"In post","2023","East Wales","Outside London","Unknown","3925","3655","32740","28130"
"In post","2023","East Yorkshire and Northern Lincolnshire","Outside London","Heterosexual / straight","3630","3325","30520","28120"
"In post","2023","East Yorkshire and Northern Lincolnshire","Outside London","LGBO","210","200","29480","28120"
"In post","2023","East Yorkshire and Northern Lincolnshire","Outside London","Undeclared","470","425","30630","28120"
"In post","2023","East Yorkshire and Northern Lincolnshire","Outside London","Unknown","765","695","28810","28120"
"In post","2023","Eastern Scotland","Outside London","Heterosexual / straight","12435","11750","39320","34600"
"In post","2023","Eastern Scotland","Outside London","LGBO","1095","1060","37630","33520"
"In post","2023","Eastern Scotland","Outside London","Undeclared","1015","955","38620","34240"
"In post","2023","Eastern Scotland","Outside London","Unknown","7165","6745","35780","31940"
"In post","2023","Essex","Outside London","Heterosexual / straight","3180","2940","32190","31280"
"In post","2023","Essex","Outside London","LGBO","185","180","32240","31280"
"In post","2023","Essex","Outside London","Undeclared","385","345","31280","28680"
"In post","2023","Essex","Outside London","Unknown","800","730","29940","27500"
"In post","2023","Gloucestershire, Wiltshire and Bath/Bristol area","Outside London","Heterosexual / straight","22475","21415","39320","35490"
"In post","2023","Gloucestershire, Wiltshire and Bath/Bristol area","Outside London","LGBO","1190","1155","36160","32550"
"In post","2023","Gloucestershire, Wiltshire and Bath/Bristol area","Outside London","Undeclared","2680","2525","39650","36920"
"In post","2023","Gloucestershire, Wiltshire and Bath/Bristol area","Outside London","Unknown","4210","3980","36870","32920"
"In post","2023","Greater Manchester","Outside London","Heterosexual / straight","14540","13770","34910","30910"
"In post","2023","Greater Manchester","Outside London","LGBO","1390","1355","33770","30010"
"In post","2023","Greater Manchester","Outside London","Undeclared","1610","1500","34170","29730"
"In post","2023","Greater Manchester","Outside London","Unknown","4765","4490","32030","28130"
"In post","2023","Hampshire and Isle of Wight","Outside London","Heterosexual / straight","11385","10545","35010","31560"
"In post","2023","Hampshire and Isle of Wight","Outside London","LGBO","610","590","32740","30650"
"In post","2023","Hampshire and Isle of Wight","Outside London","Undeclared","1350","1260","35260","33140"
"In post","2023","Hampshire and Isle of Wight","Outside London","Unknown","2520","2305","33600","28200"
"In post","2023","Herefordshire, Worcestershire and Warwickshire","Outside London","Heterosexual / straight","2975","2770","31030","28120"
"In post","2023","Herefordshire, Worcestershire and Warwickshire","Outside London","LGBO","175","170","30530","28120"
"In post","2023","Herefordshire, Worcestershire and Warwickshire","Outside London","Undeclared","360","330","31260","28120"
"In post","2023","Herefordshire, Worcestershire and Warwickshire","Outside London","Unknown","610","570","29690","28120"
"In post","2023","Highlands and Islands","Outside London","Heterosexual / straight","1330","1250","31350","28120"
"In post","2023","Highlands and Islands","Outside London","LGBO","45","40","29830","28120"
"In post","2023","Highlands and Islands","Outside London","Undeclared","130","120","31620","28120"
"In post","2023","Highlands and Islands","Outside London","Unknown","530","495","31750","29560"
"In post","2023","Inner London - East","London","Heterosexual / straight","12170","11665","44970","39790"
"In post","2023","Inner London - East","London","LGBO","905","885","46820","41230"
"In post","2023","Inner London - East","London","Undeclared","1575","1500","45610","40170"
"In post","2023","Inner London - East","London","Unknown","4090","3885","41450","35890"
"In post","2023","Inner London - West","London","Heterosexual / straight","38795","37660","50300","46410"
"In post","2023","Inner London - West","London","LGBO","3910","3855","49670","45540"
"In post","2023","Inner London - West","London","Undeclared","5055","4910","49410","45960"
"In post","2023","Inner London - West","London","Unknown","11425","11145","47540","43000"
"In post","2023","Kent","Outside London","Heterosexual / straight","6195","5800","31570","30410"
"In post","2023","Kent","Outside London","LGBO","380","370","31730","31280"
"In post","2023","Kent","Outside London","Undeclared","810","745","31770","29730"
"In post","2023","Kent","Outside London","Unknown","1695","1605","29160","25880"
"In post","2023","Lancashire","Outside London","Heterosexual / straight","10440","9575","31350","28120"
"In post","2023","Lancashire","Outside London","LGBO","565","540","29920","28120"
"In post","2023","Lancashire","Outside London","Undeclared","1105","995","31150","28120"
"In post","2023","Lancashire","Outside London","Unknown","2810","2535","29310","28120"
"In post","2023","Leicestershire, Rutland and Northamptonshire","Outside London","Heterosexual / straight","4345","4000","30130","28120"
"In post","2023","Leicestershire, Rutland and Northamptonshire","Outside London","LGBO","270","255","29210","28120"
"In post","2023","Leicestershire, Rutland and Northamptonshire","Outside London","Undeclared","550","505","30550","28120"
"In post","2023","Leicestershire, Rutland and Northamptonshire","Outside London","Unknown","1035","930","27970","27400"
"In post","2023","Lincolnshire","Outside London","Heterosexual / straight","2320","2180","30870","28120"
"In post","2023","Lincolnshire","Outside London","LGBO","110","105","30320","28120"
"In post","2023","Lincolnshire","Outside London","Undeclared","280","265","31840","28120"
"In post","2023","Lincolnshire","Outside London","Unknown","370","345","29190","28120"
"In post","2023","Merseyside","Outside London","Heterosexual / straight","15000","13910","31840","28120"
"In post","2023","Merseyside","Outside London","LGBO","880","855","31250","28120"
"In post","2023","Merseyside","Outside London","Undeclared","1470","1340","31320","28120"
"In post","2023","Merseyside","Outside London","Unknown","5565","5155","27810","25750"
"In post","2023","North Eastern Scotland","Outside London","Heterosexual / straight","1155","1075","40150","34070"
"In post","2023","North Eastern Scotland","Outside London","LGBO","70","70","35460","31350"
"In post","2023","North Eastern Scotland","Outside London","Undeclared","125","115","41930","32000"
"In post","2023","North Eastern Scotland","Outside London","Unknown","560","520","34690","31940"
"In post","2023","North Yorkshire","Outside London","Heterosexual / straight","3445","3270","34800","31180"
"In post","2023","North Yorkshire","Outside London","LGBO","245","235","32550","28120"
"In post","2023","North Yorkshire","Outside London","Undeclared","455","430","35060","32400"
"In post","2023","North Yorkshire","Outside London","Unknown","670","630","33440","28840"
"In post","2023","Northern Ireland","Outside London","Heterosexual / straight","3060","2910","31880","28130"
"In post","2023","Northern Ireland","Outside London","LGBO","155","150","29580","27890"
"In post","2023","Northern Ireland","Outside London","Undeclared","235","220","31710","28220"
"In post","2023","Northern Ireland","Outside London","Unknown","1100","1035","28920","25880"
"In post","2023","Northumberland, and Tyne and Wear","Outside London","Heterosexual / straight","15900","14530","32460","28120"
"In post","2023","Northumberland, and Tyne and Wear","Outside London","LGBO","1030","995","31810","28120"
"In post","2023","Northumberland, and Tyne and Wear","Outside London","Undeclared","1525","1375","31830","28120"
"In post","2023","Northumberland, and Tyne and Wear","Outside London","Unknown","5180","4615","29600","26500"
"In post","2023","Outer London - East and North East","London","Heterosexual / straight","2775","2595","33570","32520"
"In post","2023","Outer London - East and North East","London","LGBO","145","140","32920","32520"
"In post","2023","Outer London - East and North East","London","Undeclared","365","330","31640","31450"
"In post","2023","Outer London - East and North East","London","Unknown","960","865","31290","32110"
"In post","2023","Outer London - South","London","Heterosexual / straight","8180","7750","40870","36180"
"In post","2023","Outer London - South","London","LGBO","380","375","42390","37240"
"In post","2023","Outer London - South","London","Undeclared","1110","1040","40950","36180"
"In post","2023","Outer London - South","London","Unknown","2675","2575","37650","32540"
"In post","2023","Outer London - West and North West","London","Heterosexual / straight","5975","5570","35140","32520"
"In post","2023","Outer London - West and North West","London","LGBO","290","280","35690","32520"
"In post","2023","Outer London - West and North West","London","Undeclared","950","855","36100","32520"
"In post","2023","Outer London - West and North West","London","Unknown","2010","1905","35060","30830"
"In post","2023","Overseas","Overseas","Heterosexual / straight","2260","2250","52970","51500"
"In post","2023","Overseas","Overseas","LGBO","175","175","52870","53970"
"In post","2023","Overseas","Overseas","Undeclared","140","140","54130","50500"
"In post","2023","Overseas","Overseas","Unknown","940","935","54560","55070"
"In post","2023","Shropshire and Staffordshire","Outside London","Heterosexual / straight","6720","6320","33880","30440"
"In post","2023","Shropshire and Staffordshire","Outside London","LGBO","380","365","31990","28880"
"In post","2023","Shropshire and Staffordshire","Outside London","Undeclared","735","680","33750","30470"
"In post","2023","Shropshire and Staffordshire","Outside London","Unknown","1540","1440","32640","28850"
"In post","2023","South Yorkshire","Outside London","Heterosexual / straight","7835","7175","34380","30710"
"In post","2023","South Yorkshire","Outside London","LGBO","515","500","34130","32000"
"In post","2023","South Yorkshire","Outside London","Undeclared","860","795","33830","31200"
"In post","2023","South Yorkshire","Outside London","Unknown","2115","1975","30590","25880"
"In post","2023","Southern Scotland","Outside London","Heterosexual / straight","3645","3325","32660","28130"
"In post","2023","Southern Scotland","Outside London","LGBO","180","175","30880","28120"
"In post","2023","Southern Scotland","Outside London","Undeclared","275","250","31850","28120"
"In post","2023","Southern Scotland","Outside London","Unknown","2115","1940","30380","27740"
"In post","2023","Surrey, East and West Sussex","Outside London","Heterosexual / straight","5955","5495","33580","29730"
"In post","2023","Surrey, East and West Sussex","Outside London","LGBO","490","470","32280","29080"
"In post","2023","Surrey, East and West Sussex","Outside London","Undeclared","905","815","34710","31270"
"In post","2023","Surrey, East and West Sussex","Outside London","Unknown","1435","1295","32010","28130"
"In post","2023","Tees Valley and Durham","Outside London","Heterosexual / straight","7525","6905","31420","28120"
"In post","2023","Tees Valley and Durham","Outside London","LGBO","480","465","31300","28880"
"In post","2023","Tees Valley and Durham","Outside London","Undeclared","750","675","31160","28120"
"In post","2023","Tees Valley and Durham","Outside London","Unknown","1860","1695","28530","28080"
"In post","2023","Unknown","Unknown","Heterosexual / straight","645","610","36570","31280"
"In post","2023","Unknown","Unknown","LGBO","45","45","38150","28120"
"In post","2023","Unknown","Unknown","Undeclared","95","85","33220","28120"
"In post","2023","Unknown","Unknown","Unknown","1930","1920","41070","38760"
"In post","2023","West Central Scotland","Outside London","Heterosexual / straight","13340","12470","34750","29450"
"In post","2023","West Central Scotland","Outside London","LGBO","1015","990","32970","29100"
"In post","2023","West Central Scotland","Outside London","Undeclared","1350","1225","32410","28120"
"In post","2023","West Central Scotland","Outside London","Unknown","5925","5540","32120","28130"
"In post","2023","West Midlands","Outside London","Heterosexual / straight","14180","13225","33420","28120"
"In post","2023","West Midlands","Outside London","LGBO","765","735","33110","28880"
"In post","2023","West Midlands","Outside London","Undeclared","1510","1380","32490","28120"
"In post","2023","West Midlands","Outside London","Unknown","4505","4130","30720","28120"
"In post","2023","West Wales and The Valleys","Outside London","Heterosexual / straight","12185","11205","31100","28120"
"In post","2023","West Wales and The Valleys","Outside London","LGBO","665","640","29630","27260"
"In post","2023","West Wales and The Valleys","Outside London","Undeclared","2155","1860","29310","26650"
"In post","2023","West Wales and The Valleys","Outside London","Unknown","2375","2140","28500","26630"
"In post","2023","West Yorkshire","Outside London","Heterosexual / straight","12925","12075","35110","31180"
"In post","2023","West Yorkshire","Outside London","LGBO","965","935","34820","31350"
"In post","2023","West Yorkshire","Outside London","Undeclared","1555","1435","35320","31700"
"In post","2023","West Yorkshire","Outside London","Unknown","4205","3915","31530","28120"
"Leaver CS","2023","Bedfordshire and Hertfordshire","Outside London","Heterosexual / straight","380","[c]","32510","29290"
"Leaver CS","2023","Bedfordshire and Hertfordshire","Outside London","LGBO","20","[c]","[c]","[c]"
"Leaver CS","2023","Bedfordshire and Hertfordshire","Outside London","Undeclared","30","[c]","[c]","[c]"
"Leaver CS","2023","Bedfordshire and Hertfordshire","Outside London","Unknown","125","[c]","35470","29120"
"Leaver CS","2023","Berkshire, Buckinghamshire and Oxfordshire","Outside London","Heterosexual / straight","725","[c]","35120","29420"
"Leaver CS","2023","Berkshire, Buckinghamshire and Oxfordshire","Outside London","LGBO","55","[c]","[c]","[c]"
"Leaver CS","2023","Berkshire, Buckinghamshire and Oxfordshire","Outside London","Undeclared","90","[c]","33920","29330"
"Leaver CS","2023","Berkshire, Buckinghamshire and Oxfordshire","Outside London","Unknown","270","[c]","31260","28120"
"Leaver CS","2023","Cheshire","Outside London","Heterosexual / straight","245","[c]","32520","28120"
"Leaver CS","2023","Cheshire","Outside London","LGBO","20","[c]","[c]","[c]"
"Leaver CS","2023","Cheshire","Outside London","Undeclared","35","[c]","[c]","[c]"
"Leaver CS","2023","Cheshire","Outside London","Unknown","100","[c]","31730","26700"
"Leaver CS","2023","Cornwall and Isles of Scilly","Outside London","Heterosexual / straight","130","[c]","29100","27520"
"Leaver CS","2023","Cornwall and Isles of Scilly","Outside London","LGBO","[c]","[c]","[c]","[c]"
"Leaver CS","2023","Cornwall and Isles of Scilly","Outside London","Undeclared","10","[c]","[c]","[c]"
"Leaver CS","2023","Cornwall and Isles of Scilly","Outside London","Unknown","25","[c]","[c]","[c]"
"Leaver CS","2023","Cumbria","Outside London","Heterosexual / straight","130","[c]","32630","27840"
"Leaver CS","2023","Cumbria","Outside London","LGBO","5","[c]","[c]","[c]"
"Leaver CS","2023","Cumbria","Outside London","Undeclared","15","[c]","[c]","[c]"
"Leaver CS","2023","Cumbria","Outside London","Unknown","60","[c]","26200","22150"
"Leaver CS","2023","Derbyshire and Nottinghamshire","Outside London","Heterosexual / straight","655","[c]","31350","27570"
"Leaver CS","2023","Derbyshire and Nottinghamshire","Outside London","LGBO","70","[c]","31820","28120"
"Leaver CS","2023","Derbyshire and Nottinghamshire","Outside London","Undeclared","80","[c]","31390","27570"
"Leaver CS","2023","Derbyshire and Nottinghamshire","Outside London","Unknown","455","[c]","29770","26130"
"Leaver CS","2023","Devon","Outside London","Heterosexual / straight","585","[c]","32380","27570"
"Leaver CS","2023","Devon","Outside London","LGBO","60","[c]","27280","22520"
"Leaver CS","2023","Devon","Outside London","Undeclared","85","[c]","35590","33430"
"Leaver CS","2023","Devon","Outside London","Unknown","160","[c]","29030","25750"
"Leaver CS","2023","Dorset and Somerset","Outside London","Heterosexual / straight","385","[c]","30120","27570"
"Leaver CS","2023","Dorset and Somerset","Outside London","LGBO","25","[c]","[c]","[c]"
"Leaver CS","2023","Dorset and Somerset","Outside London","Undeclared","45","[c]","32840","33050"
"Leaver CS","2023","Dorset and Somerset","Outside London","Unknown","100","[c]","31670","27570"
"Leaver CS","2023","East Anglia","Outside London","Heterosexual / straight","870","[c]","31360","27570"
"Leaver CS","2023","East Anglia","Outside London","LGBO","65","[c]","29920","28120"
"Leaver CS","2023","East Anglia","Outside London","Undeclared","115","[c]","33650","28120"
"Leaver CS","2023","East Anglia","Outside London","Unknown","280","[c]","31120","26130"
"Leaver CS","2023","East Wales","Outside London","Heterosexual / straight","810","[c]","34060","28120"
"Leaver CS","2023","East Wales","Outside London","LGBO","80","[c]","33710","28120"
"Leaver CS","2023","East Wales","Outside London","Undeclared","105","[c]","31810","28090"
"Leaver CS","2023","East Wales","Outside London","Unknown","545","[c]","33210","27500"
"Leaver CS","2023","East Yorkshire and Northern Lincolnshire","Outside London","Heterosexual / straight","280","[c]","28470","27570"
"Leaver CS","2023","East Yorkshire and Northern Lincolnshire","Outside London","LGBO","20","[c]","[c]","[c]"
"Leaver CS","2023","East Yorkshire and Northern Lincolnshire","Outside London","Undeclared","35","[c]","[c]","[c]"
"Leaver CS","2023","East Yorkshire and Northern Lincolnshire","Outside London","Unknown","70","[c]","[c]","[c]"
"Leaver CS","2023","Eastern Scotland","Outside London","Heterosexual / straight","690","[c]","35580","28120"
"Leaver CS","2023","Eastern Scotland","Outside London","LGBO","65","[c]","33380","29100"
"Leaver CS","2023","Eastern Scotland","Outside London","Undeclared","75","[c]","36030","28140"
"Leaver CS","2023","Eastern Scotland","Outside London","Unknown","780","[c]","33330","29450"
"Leaver CS","2023","Essex","Outside London","Heterosexual / straight","330","[c]","32230","29290"
"Leaver CS","2023","Essex","Outside London","LGBO","25","[c]","[c]","[c]"
"Leaver CS","2023","Essex","Outside London","Undeclared","35","[c]","30620","27140"
"Leaver CS","2023","Essex","Outside London","Unknown","230","[c]","32430","26870"
"Leaver CS","2023","Gloucestershire, Wiltshire and Bath/Bristol area","Outside London","Heterosexual / straight","1800","[c]","36440","32910"
"Leaver CS","2023","Gloucestershire, Wiltshire and Bath/Bristol area","Outside London","LGBO","150","[c]","31880","28120"
"Leaver CS","2023","Gloucestershire, Wiltshire and Bath/Bristol area","Outside London","Undeclared","220","[c]","38470","34300"
"Leaver CS","2023","Gloucestershire, Wiltshire and Bath/Bristol area","Outside London","Unknown","700","[c]","34370","30650"
"Leaver CS","2023","Greater Manchester","Outside London","Heterosexual / straight","900","[c]","31780","27570"
"Leaver CS","2023","Greater Manchester","Outside London","LGBO","90","[c]","31190","27570"
"Leaver CS","2023","Greater Manchester","Outside London","Undeclared","125","[c]","29010","24660"
"Leaver CS","2023","Greater Manchester","Outside London","Unknown","805","[c]","29930","25750"
"Leaver CS","2023","Hampshire and Isle of Wight","Outside London","Heterosexual / straight","1070","[c]","31050","26960"
"Leaver CS","2023","Hampshire and Isle of Wight","Outside London","LGBO","45","[c]","30100","27570"
"Leaver CS","2023","Hampshire and Isle of Wight","Outside London","Undeclared","150","[c]","32730","28120"
"Leaver CS","2023","Hampshire and Isle of Wight","Outside London","Unknown","500","[c]","32430","27290"
"Leaver CS","2023","Herefordshire, Worcestershire and Warwickshire","Outside London","Heterosexual / straight","310","[c]","29050","26960"
"Leaver CS","2023","Herefordshire, Worcestershire and Warwickshire","Outside London","LGBO","25","[c]","[c]","[c]"
"Leaver CS","2023","Herefordshire, Worcestershire and Warwickshire","Outside London","Undeclared","45","[c]","[c]","[c]"
"Leaver CS","2023","Herefordshire, Worcestershire and Warwickshire","Outside London","Unknown","100","[c]","25040","22220"
"Leaver CS","2023","Highlands and Islands","Outside London","Heterosexual / straight","110","[c]","27450","26780"
"Leaver CS","2023","Highlands and Islands","Outside London","LGBO","5","[c]","[c]","[c]"
"Leaver CS","2023","Highlands and Islands","Outside London","Undeclared","10","[c]","[c]","[c]"
"Leaver CS","2023","Highlands and Islands","Outside London","Unknown","60","[c]","28350","26220"
"Leaver CS","2023","Inner London - East","London","Heterosexual / straight","1175","[c]","44520","36970"
"Leaver CS","2023","Inner London - East","London","LGBO","140","[c]","43730","38660"
"Leaver CS","2023","Inner London - East","London","Undeclared","150","[c]","45360","39710"
"Leaver CS","2023","Inner London - East","London","Unknown","640","[c]","43480","34320"
"Leaver CS","2023","Inner London - West","London","Heterosexual / straight","3415","[c]","46610","41830"
"Leaver CS","2023","Inner London - West","London","LGBO","435","[c]","45950","41470"
"Leaver CS","2023","Inner London - West","London","Undeclared","550","[c]","44410","41080"
"Leaver CS","2023","Inner London - West","London","Unknown","1645","[c]","44510","38160"
"Leaver CS","2023","Kent","Outside London","Heterosexual / straight","480","[c]","29510","29290"
"Leaver CS","2023","Kent","Outside London","LGBO","45","[c]","[c]","[c]"
"Leaver CS","2023","Kent","Outside London","Undeclared","55","[c]","29780","27650"
"Leaver CS","2023","Kent","Outside London","Unknown","240","[c]","30810","25880"
"Leaver CS","2023","Lancashire","Outside London","Heterosexual / straight","640","[c]","29560","26650"
"Leaver CS","2023","Lancashire","Outside London","LGBO","45","[c]","29640","21780"
"Leaver CS","2023","Lancashire","Outside London","Undeclared","45","[c]","29180","21730"
"Leaver CS","2023","Lancashire","Outside London","Unknown","330","[c]","28140","22150"
"Leaver CS","2023","Leicestershire, Rutland and Northamptonshire","Outside London","Heterosexual / straight","480","[c]","28060","26670"
"Leaver CS","2023","Leicestershire, Rutland and Northamptonshire","Outside London","LGBO","35","[c]","[c]","[c]"
"Leaver CS","2023","Leicestershire, Rutland and Northamptonshire","Outside London","Undeclared","55","[c]","27780","26920"
"Leaver CS","2023","Leicestershire, Rutland and Northamptonshire","Outside London","Unknown","165","[c]","23700","21780"
"Leaver CS","2023","Lincolnshire","Outside London","Heterosexual / straight","245","[c]","29330","27570"
"Leaver CS","2023","Lincolnshire","Outside London","LGBO","15","[c]","[c]","[c]"
"Leaver CS","2023","Lincolnshire","Outside London","Undeclared","30","[c]","[c]","[c]"
"Leaver CS","2023","Lincolnshire","Outside London","Unknown","40","[c]","[c]","[c]"
"Leaver CS","2023","Merseyside","Outside London","Heterosexual / straight","655","[c]","29770","26770"
"Leaver CS","2023","Merseyside","Outside London","LGBO","45","[c]","28470","25700"
"Leaver CS","2023","Merseyside","Outside London","Undeclared","85","[c]","30110","27570"
"Leaver CS","2023","Merseyside","Outside London","Unknown","705","[c]","25680","22550"
"Leaver CS","2023","North Eastern Scotland","Outside London","Heterosexual / straight","85","[c]","35490","29450"
"Leaver CS","2023","North Eastern Scotland","Outside London","LGBO","10","[c]","[c]","[c]"
"Leaver CS","2023","North Eastern Scotland","Outside London","Undeclared","10","[c]","[c]","[c]"
"Leaver CS","2023","North Eastern Scotland","Outside London","Unknown","55","[c]","33110","29450"
"Leaver CS","2023","North Yorkshire","Outside London","Heterosexual / straight","280","[c]","33680","27570"
"Leaver CS","2023","North Yorkshire","Outside London","LGBO","20","[c]","[c]","[c]"
"Leaver CS","2023","North Yorkshire","Outside London","Undeclared","40","[c]","30400","26400"
"Leaver CS","2023","North Yorkshire","Outside London","Unknown","75","[c]","27940","24920"
"Leaver CS","2023","Northern Ireland","Outside London","Heterosexual / straight","115","[c]","30240","22970"
"Leaver CS","2023","Northern Ireland","Outside London","LGBO","[c]","[c]","[c]","[c]"
"Leaver CS","2023","Northern Ireland","Outside London","Undeclared","5","[c]","[c]","[c]"
"Leaver CS","2023","Northern Ireland","Outside London","Unknown","145","[c]","26990","22400"
"Leaver CS","2023","Northumberland, and Tyne and Wear","Outside London","Heterosexual / straight","595","[c]","30510","26030"
"Leaver CS","2023","Northumberland, and Tyne and Wear","Outside London","LGBO","50","[c]","27490","21780"
"Leaver CS","2023","Northumberland, and Tyne and Wear","Outside London","Undeclared","75","[c]","30060","27310"
"Leaver CS","2023","Northumberland, and Tyne and Wear","Outside London","Unknown","845","[c]","29890","25810"
"Leaver CS","2023","Outer London - East and North East","London","Heterosexual / straight","310","[c]","31200","31060"
"Leaver CS","2023","Outer London - East and North East","London","LGBO","15","[c]","[c]","[c]"
"Leaver CS","2023","Outer London - East and North East","London","Undeclared","30","[c]","[c]","[c]"
"Leaver CS","2023","Outer London - East and North East","London","Unknown","135","[c]","31660","30830"
"Leaver CS","2023","Outer London - South","London","Heterosexual / straight","455","[c]","38430","32520"
"Leaver CS","2023","Outer London - South","London","LGBO","30","[c]","[c]","[c]"
"Leaver CS","2023","Outer London - South","London","Undeclared","65","[c]","40310","35130"
"Leaver CS","2023","Outer London - South","London","Unknown","340","[c]","35870","31000"
"Leaver CS","2023","Outer London - West and North West","London","Heterosexual / straight","630","[c]","33040","31060"
"Leaver CS","2023","Outer London - West and North West","London","LGBO","55","[c]","32910","31700"
"Leaver CS","2023","Outer London - West and North West","London","Undeclared","90","[c]","36430","32140"
"Leaver CS","2023","Outer London - West and North West","London","Unknown","240","[c]","32820","29890"
"Leaver CS","2023","Overseas","Overseas","Heterosexual / straight","80","[c]","51140","43890"
"Leaver CS","2023","Overseas","Overseas","LGBO","[c]","[c]","[c]","[c]"
"Leaver CS","2023","Overseas","Overseas","Undeclared","[c]","[c]","[c]","[c]"
"Leaver CS","2023","Overseas","Overseas","Unknown","65","[c]","49800","48690"
"Leaver CS","2023","Shropshire and Staffordshire","Outside London","Heterosexual / straight","610","[c]","28640","27570"
"Leaver CS","2023","Shropshire and Staffordshire","Outside London","LGBO","30","[c]","[c]","[c]"
"Leaver CS","2023","Shropshire and Staffordshire","Outside London","Undeclared","65","[c]","28440","27450"
"Leaver CS","2023","Shropshire and Staffordshire","Outside London","Unknown","245","[c]","27120","23000"
"Leaver CS","2023","South Yorkshire","Outside London","Heterosexual / straight","485","[c]","31850","27570"
"Leaver CS","2023","South Yorkshire","Outside London","LGBO","35","[c]","[c]","[c]"
"Leaver CS","2023","South Yorkshire","Outside London","Undeclared","55","[c]","31990","26750"
"Leaver CS","2023","South Yorkshire","Outside London","Unknown","165","[c]","29700","25750"
"Leaver CS","2023","Southern Scotland","Outside London","Heterosexual / straight","175","[c]","30770","27570"
"Leaver CS","2023","Southern Scotland","Outside London","LGBO","5","[c]","[c]","[c]"
"Leaver CS","2023","Southern Scotland","Outside London","Undeclared","15","[c]","[c]","[c]"
"Leaver CS","2023","Southern Scotland","Outside London","Unknown","265","[c]","28300","26220"
"Leaver CS","2023","Surrey, East and West Sussex","Outside London","Heterosexual / straight","615","[c]","30670","27570"
"Leaver CS","2023","Surrey, East and West Sussex","Outside London","LGBO","85","[c]","29870","27570"
"Leaver CS","2023","Surrey, East and West Sussex","Outside London","Undeclared","65","[c]","31560","29290"
"Leaver CS","2023","Surrey, East and West Sussex","Outside London","Unknown","260","[c]","29380","26790"
"Leaver CS","2023","Tees Valley and Durham","Outside London","Heterosexual / straight","505","[c]","28760","25900"
"Leaver CS","2023","Tees Valley and Durham","Outside London","LGBO","40","[c]","[c]","[c]"
"Leaver CS","2023","Tees Valley and Durham","Outside London","Undeclared","50","[c]","29780","27570"
"Leaver CS","2023","Tees Valley and Durham","Outside London","Unknown","280","[c]","26400","22400"
"Leaver CS","2023","Unknown","Unknown","Heterosexual / straight","75","[c]","32340","28120"
"Leaver CS","2023","Unknown","Unknown","LGBO","5","[c]","[c]","[c]"
"Leaver CS","2023","Unknown","Unknown","Undeclared","55","[c]","[c]","[c]"
"Leaver CS","2023","Unknown","Unknown","Unknown","280","[c]","36400","32550"
"Leaver CS","2023","West Central Scotland","Outside London","Heterosexual / straight","725","[c]","32130","27570"
"Leaver CS","2023","West Central Scotland","Outside London","LGBO","60","[c]","29460","24940"
"Leaver CS","2023","West Central Scotland","Outside London","Undeclared","85","[c]","32910","29100"
"Leaver CS","2023","West Central Scotland","Outside London","Unknown","610","[c]","30640","25880"
"Leaver CS","2023","West Midlands","Outside London","Heterosexual / straight","905","[c]","32480","27570"
"Leaver CS","2023","West Midlands","Outside London","LGBO","65","[c]","30900","27570"
"Leaver CS","2023","West Midlands","Outside London","Undeclared","95","[c]","31320","28120"
"Leaver CS","2023","West Midlands","Outside London","Unknown","630","[c]","29760","22500"
"Leaver CS","2023","West Wales and The Valleys","Outside London","Heterosexual / straight","790","[c]","28080","22500"
"Leaver CS","2023","West Wales and The Valleys","Outside London","LGBO","50","[c]","24840","22500"
"Leaver CS","2023","West Wales and The Valleys","Outside London","Undeclared","155","[c]","27470","22500"
"Leaver CS","2023","West Wales and The Valleys","Outside London","Unknown","285","[c]","24300","21840"
"Leaver CS","2023","West Yorkshire","Outside London","Heterosexual / straight","795","[c]","33600","28120"
"Leaver CS","2023","West Yorkshire","Outside London","LGBO","75","[c]","31270","27570"
"Leaver CS","2023","West Yorkshire","Outside London","Undeclared","115","[c]","32280","27570"
"Leaver CS","2023","West Yorkshire","Outside London","Unknown","730","[c]","37820","29970"
"Leaver Dept.","2023","Bedfordshire and Hertfordshire","Outside London","Heterosexual / straight","60","[c]","33340","31280"
"Leaver Dept.","2023","Bedfordshire and Hertfordshire","Outside London","LGBO","[c]","[c]","[c]","[c]"
"Leaver Dept.","2023","Bedfordshire and Hertfordshire","Outside London","Undeclared","[c]","[c]","[c]","[c]"
"Leaver Dept.","2023","Bedfordshire and Hertfordshire","Outside London","Unknown","10","[c]","[c]","[c]"
"Leaver Dept.","2023","Berkshire, Buckinghamshire and Oxfordshire","Outside London","Heterosexual / straight","90","[c]","33820","30300"
"Leaver Dept.","2023","Berkshire, Buckinghamshire and Oxfordshire","Outside London","LGBO","5","[c]","[c]","[c]"
"Leaver Dept.","2023","Berkshire, Buckinghamshire and Oxfordshire","Outside London","Undeclared","10","[c]","[c]","[c]"
"Leaver Dept.","2023","Berkshire, Buckinghamshire and Oxfordshire","Outside London","Unknown","35","[c]","[c]","[c]"
"Leaver Dept.","2023","Cheshire","Outside London","Heterosexual / straight","75","[c]","31860","28120"
"Leaver Dept.","2023","Cheshire","Outside London","LGBO","10","[c]","[c]","[c]"
"Leaver Dept.","2023","Cheshire","Outside London","Undeclared","5","[c]","[c]","[c]"
"Leaver Dept.","2023","Cheshire","Outside London","Unknown","15","[c]","[c]","[c]"
"Leaver Dept.","2023","Cornwall and Isles of Scilly","Outside London","Heterosexual / straight","15","[c]","[c]","[c]"
"Leaver Dept.","2023","Cornwall and Isles of Scilly","Outside London","LGBO","[c]","[c]","[c]","[c]"
"Leaver Dept.","2023","Cornwall and Isles of Scilly","Outside London","Undeclared","[c]","[c]","[c]","[c]"
"Leaver Dept.","2023","Cornwall and Isles of Scilly","Outside London","Unknown","[c]","[c]","[c]","[c]"
"Leaver Dept.","2023","Cumbria","Outside London","Heterosexual / straight","15","[c]","[c]","[c]"
"Leaver Dept.","2023","Cumbria","Outside London","LGBO","[c]","[c]","[c]","[c]"
"Leaver Dept.","2023","Cumbria","Outside London","Undeclared","[c]","[c]","[c]","[c]"
"Leaver Dept.","2023","Cumbria","Outside London","Unknown","[c]","[c]","[c]","[c]"
"Leaver Dept.","2023","Derbyshire and Nottinghamshire","Outside London","Heterosexual / straight","145","[c]","31700","28120"
"Leaver Dept.","2023","Derbyshire and Nottinghamshire","Outside London","LGBO","15","[c]","[c]","[c]"
"Leaver Dept.","2023","Derbyshire and Nottinghamshire","Outside London","Undeclared","15","[c]","[c]","[c]"
"Leaver Dept.","2023","Derbyshire and Nottinghamshire","Outside London","Unknown","65","[c]","[c]","[c]"
"Leaver Dept.","2023","Devon","Outside London","Heterosexual / straight","105","[c]","29510","27300"
"Leaver Dept.","2023","Devon","Outside London","LGBO","5","[c]","[c]","[c]"
"Leaver Dept.","2023","Devon","Outside London","Undeclared","10","[c]","[c]","[c]"
"Leaver Dept.","2023","Devon","Outside London","Unknown","25","[c]","[c]","[c]"
"Leaver Dept.","2023","Dorset and Somerset","Outside London","Heterosexual / straight","35","[c]","[c]","[c]"
"Leaver Dept.","2023","Dorset and Somerset","Outside London","LGBO","[c]","[c]","[c]","[c]"
"Leaver Dept.","2023","Dorset and Somerset","Outside London","Undeclared","[c]","[c]","[c]","[c]"
"Leaver Dept.","2023","Dorset and Somerset","Outside London","Unknown","10","[c]","[c]","[c]"
"Leaver Dept.","2023","East Anglia","Outside London","Heterosexual / straight","125","[c]","31910","28120"
"Leaver Dept.","2023","East Anglia","Outside London","LGBO","5","[c]","[c]","[c]"
"Leaver Dept.","2023","East Anglia","Outside London","Undeclared","10","[c]","[c]","[c]"
"Leaver Dept.","2023","East Anglia","Outside London","Unknown","30","[c]","[c]","[c]"
"Leaver Dept.","2023","East Wales","Outside London","Heterosexual / straight","315","[c]","36280","31560"
"Leaver Dept.","2023","East Wales","Outside London","LGBO","40","[c]","34650","31060"
"Leaver Dept.","2023","East Wales","Outside London","Undeclared","25","[c]","[c]","[c]"
"Leaver Dept.","2023","East Wales","Outside London","Unknown","150","[c]","32900","31060"
"Leaver Dept.","2023","East Yorkshire and Northern Lincolnshire","Outside London","Heterosexual / straight","30","[c]","[c]","[c]"
"Leaver Dept.","2023","East Yorkshire and Northern Lincolnshire","Outside London","LGBO","[c]","[c]","[c]","[c]"
"Leaver Dept.","2023","East Yorkshire and Northern Lincolnshire","Outside London","Undeclared","[c]","[c]","[c]","[c]"
"Leaver Dept.","2023","East Yorkshire and Northern Lincolnshire","Outside London","Unknown","10","[c]","[c]","[c]"
"Leaver Dept.","2023","Eastern Scotland","Outside London","Heterosexual / straight","235","[c]","31490","27570"
"Leaver Dept.","2023","Eastern Scotland","Outside London","LGBO","30","[c]","[c]","[c]"
"Leaver Dept.","2023","Eastern Scotland","Outside London","Undeclared","30","[c]","[c]","[c]"
"Leaver Dept.","2023","Eastern Scotland","Outside London","Unknown","150","[c]","35620","30280"
"Leaver Dept.","2023","Essex","Outside London","Heterosexual / straight","40","[c]","31650","28890"
"Leaver Dept.","2023","Essex","Outside London","LGBO","[c]","[c]","[c]","[c]"
"Leaver Dept.","2023","Essex","Outside London","Undeclared","[c]","[c]","[c]","[c]"
"Leaver Dept.","2023","Essex","Outside London","Unknown","10","[c]","[c]","[c]"
"Leaver Dept.","2023","Gloucestershire, Wiltshire and Bath/Bristol area","Outside London","Heterosexual / straight","340","[c]","38910","34300"
"Leaver Dept.","2023","Gloucestershire, Wiltshire and Bath/Bristol area","Outside London","LGBO","35","[c]","[c]","[c]"
"Leaver Dept.","2023","Gloucestershire, Wiltshire and Bath/Bristol area","Outside London","Undeclared","40","[c]","41460","40240"
"Leaver Dept.","2023","Gloucestershire, Wiltshire and Bath/Bristol area","Outside London","Unknown","125","[c]","40300","37540"
"Leaver Dept.","2023","Greater Manchester","Outside London","Heterosexual / straight","410","[c]","33840","29790"
"Leaver Dept.","2023","Greater Manchester","Outside London","LGBO","50","[c]","34360","30330"
"Leaver Dept.","2023","Greater Manchester","Outside London","Undeclared","45","[c]","32540","28120"
"Leaver Dept.","2023","Greater Manchester","Outside London","Unknown","245","[c]","33300","31120"
"Leaver Dept.","2023","Hampshire and Isle of Wight","Outside London","Heterosexual / straight","155","[c]","33280","31060"
"Leaver Dept.","2023","Hampshire and Isle of Wight","Outside London","LGBO","20","[c]","[c]","[c]"
"Leaver Dept.","2023","Hampshire and Isle of Wight","Outside London","Undeclared","15","[c]","[c]","[c]"
"Leaver Dept.","2023","Hampshire and Isle of Wight","Outside London","Unknown","60","[c]","35510","37370"
"Leaver Dept.","2023","Herefordshire, Worcestershire and Warwickshire","Outside London","Heterosexual / straight","40","[c]","[c]","[c]"
"Leaver Dept.","2023","Herefordshire, Worcestershire and Warwickshire","Outside London","LGBO","[c]","[c]","[c]","[c]"
"Leaver Dept.","2023","Herefordshire, Worcestershire and Warwickshire","Outside London","Undeclared","10","[c]","[c]","[c]"
"Leaver Dept.","2023","Herefordshire, Worcestershire and Warwickshire","Outside London","Unknown","5","[c]","[c]","[c]"
"Leaver Dept.","2023","Highlands and Islands","Outside London","Heterosexual / straight","10","[c]","[c]","[c]"
"Leaver Dept.","2023","Highlands and Islands","Outside London","LGBO","[c]","[c]","[c]","[c]"
"Leaver Dept.","2023","Highlands and Islands","Outside London","Undeclared","[c]","[c]","[c]","[c]"
"Leaver Dept.","2023","Highlands and Islands","Outside London","Unknown","[c]","[c]","[c]","[c]"
"Leaver Dept.","2023","Inner London - East","London","Heterosexual / straight","385","[c]","42820","35650"
"Leaver Dept.","2023","Inner London - East","London","LGBO","35","[c]","42210","38070"
"Leaver Dept.","2023","Inner London - East","London","Undeclared","45","[c]","41370","38370"
"Leaver Dept.","2023","Inner London - East","London","Unknown","275","[c]","37330","32520"
"Leaver Dept.","2023","Inner London - West","London","Heterosexual / straight","2900","[c]","46310","41440"
"Leaver Dept.","2023","Inner London - West","London","LGBO","395","[c]","43600","40030"
"Leaver Dept.","2023","Inner London - West","London","Undeclared","465","[c]","45660","41440"
"Leaver Dept.","2023","Inner London - West","London","Unknown","1450","[c]","42320","35760"
"Leaver Dept.","2023","Kent","Outside London","Heterosexual / straight","105","[c]","28990","29290"
"Leaver Dept.","2023","Kent","Outside London","LGBO","10","[c]","[c]","[c]"
"Leaver Dept.","2023","Kent","Outside London","Undeclared","10","[c]","[c]","[c]"
"Leaver Dept.","2023","Kent","Outside London","Unknown","35","[c]","[c]","[c]"
"Leaver Dept.","2023","Lancashire","Outside London","Heterosexual / straight","120","[c]","30970","28120"
"Leaver Dept.","2023","Lancashire","Outside London","LGBO","5","[c]","[c]","[c]"
"Leaver Dept.","2023","Lancashire","Outside London","Undeclared","10","[c]","[c]","[c]"
"Leaver Dept.","2023","Lancashire","Outside London","Unknown","75","[c]","[c]","[c]"
"Leaver Dept.","2023","Leicestershire, Rutland and Northamptonshire","Outside London","Heterosexual / straight","65","[c]","25260","21780"
"Leaver Dept.","2023","Leicestershire, Rutland and Northamptonshire","Outside London","LGBO","5","[c]","[c]","[c]"
"Leaver Dept.","2023","Leicestershire, Rutland and Northamptonshire","Outside London","Undeclared","5","[c]","[c]","[c]"
"Leaver Dept.","2023","Leicestershire, Rutland and Northamptonshire","Outside London","Unknown","15","[c]","[c]","[c]"
"Leaver Dept.","2023","Lincolnshire","Outside London","Heterosexual / straight","30","[c]","[c]","[c]"
"Leaver Dept.","2023","Lincolnshire","Outside London","LGBO","[c]","[c]","[c]","[c]"
"Leaver Dept.","2023","Lincolnshire","Outside London","Undeclared","[c]","[c]","[c]","[c]"
"Leaver Dept.","2023","Lincolnshire","Outside London","Unknown","[c]","[c]","[c]","[c]"
"Leaver Dept.","2023","Merseyside","Outside London","Heterosexual / straight","275","[c]","29360","28120"
"Leaver Dept.","2023","Merseyside","Outside London","LGBO","20","[c]","[c]","[c]"
"Leaver Dept.","2023","Merseyside","Outside London","Undeclared","20","[c]","[c]","[c]"
"Leaver Dept.","2023","Merseyside","Outside London","Unknown","195","[c]","30450","25880"
"Leaver Dept.","2023","North Eastern Scotland","Outside London","Heterosexual / straight","10","[c]","[c]","[c]"
"Leaver Dept.","2023","North Eastern Scotland","Outside London","LGBO","[c]","[c]","[c]","[c]"
"Leaver Dept.","2023","North Eastern Scotland","Outside London","Unknown","[c]","[c]","[c]","[c]"
"Leaver Dept.","2023","North Yorkshire","Outside London","Heterosexual / straight","95","[c]","36430","34020"
"Leaver Dept.","2023","North Yorkshire","Outside London","LGBO","10","[c]","[c]","[c]"
"Leaver Dept.","2023","North Yorkshire","Outside London","Undeclared","[c]","[c]","[c]","[c]"
"Leaver Dept.","2023","North Yorkshire","Outside London","Unknown","20","[c]","[c]","[c]"
"Leaver Dept.","2023","Northern Ireland","Outside London","Heterosexual / straight","25","[c]","[c]","[c]"
"Leaver Dept.","2023","Northern Ireland","Outside London","LGBO","[c]","[c]","[c]","[c]"
"Leaver Dept.","2023","Northern Ireland","Outside London","Unknown","45","[c]","[c]","[c]"
"Leaver Dept.","2023","Northumberland, and Tyne and Wear","Outside London","Heterosexual / straight","300","[c]","30960","28120"
"Leaver Dept.","2023","Northumberland, and Tyne and Wear","Outside London","LGBO","35","[c]","28550","27570"
"Leaver Dept.","2023","Northumberland, and Tyne and Wear","Outside London","Undeclared","30","[c]","[c]","[c]"
"Leaver Dept.","2023","Northumberland, and Tyne and Wear","Outside London","Unknown","270","[c]","29250","27570"
"Leaver Dept.","2023","Outer London - East and North East","London","Heterosexual / straight","65","[c]","31620","32520"
"Leaver Dept.","2023","Outer London - East and North East","London","LGBO","[c]","[c]","[c]","[c]"
"Leaver Dept.","2023","Outer London - East and North East","London","Undeclared","5","[c]","[c]","[c]"
"Leaver Dept.","2023","Outer London - East and North East","London","Unknown","15","[c]","[c]","[c]"
"Leaver Dept.","2023","Outer London - South","London","Heterosexual / straight","170","[c]","41460","36180"
"Leaver Dept.","2023","Outer London - South","London","LGBO","10","[c]","[c]","[c]"
"Leaver Dept.","2023","Outer London - South","London","Undeclared","15","[c]","[c]","[c]"
"Leaver Dept.","2023","Outer London - South","London","Unknown","120","[c]","35500","31530"
"Leaver Dept.","2023","Outer London - West and North West","London","Heterosexual / straight","130","[c]","33570","32520"
"Leaver Dept.","2023","Outer London - West and North West","London","LGBO","10","[c]","[c]","[c]"
"Leaver Dept.","2023","Outer London - West and North West","London","Undeclared","15","[c]","[c]","[c]"
"Leaver Dept.","2023","Outer London - West and North West","London","Unknown","25","[c]","[c]","[c]"
"Leaver Dept.","2023","Overseas","Overseas","Heterosexual / straight","35","[c]","[c]","[c]"
"Leaver Dept.","2023","Overseas","Overseas","LGBO","[c]","[c]","[c]","[c]"
"Leaver Dept.","2023","Overseas","Overseas","Undeclared","[c]","[c]","[c]","[c]"
"Leaver Dept.","2023","Overseas","Overseas","Unknown","15","[c]","[c]","[c]"
"Leaver Dept.","2023","Shropshire and Staffordshire","Outside London","Heterosexual / straight","135","[c]","26860","25830"
"Leaver Dept.","2023","Shropshire and Staffordshire","Outside London","LGBO","10","[c]","[c]","[c]"
"Leaver Dept.","2023","Shropshire and Staffordshire","Outside London","Undeclared","10","[c]","[c]","[c]"
"Leaver Dept.","2023","Shropshire and Staffordshire","Outside London","Unknown","35","[c]","[c]","[c]"
"Leaver Dept.","2023","South Yorkshire","Outside London","Heterosexual / straight","200","[c]","34840","30710"
"Leaver Dept.","2023","South Yorkshire","Outside London","LGBO","25","[c]","[c]","[c]"
"Leaver Dept.","2023","South Yorkshire","Outside London","Undeclared","20","[c]","[c]","[c]"
"Leaver Dept.","2023","South Yorkshire","Outside London","Unknown","45","[c]","31670","28120"
"Leaver Dept.","2023","Southern Scotland","Outside London","Heterosexual / straight","65","[c]","28820","27570"
"Leaver Dept.","2023","Southern Scotland","Outside London","LGBO","[c]","[c]","[c]","[c]"
"Leaver Dept.","2023","Southern Scotland","Outside London","Undeclared","[c]","[c]","[c]","[c]"
"Leaver Dept.","2023","Southern Scotland","Outside London","Unknown","65","[c]","[c]","[c]"
"Leaver Dept.","2023","Surrey, East and West Sussex","Outside London","Heterosexual / straight","100","[c]","33240","28120"
"Leaver Dept.","2023","Surrey, East and West Sussex","Outside London","LGBO","10","[c]","[c]","[c]"
"Leaver Dept.","2023","Surrey, East and West Sussex","Outside London","Undeclared","10","[c]","[c]","[c]"
"Leaver Dept.","2023","Surrey, East and West Sussex","Outside London","Unknown","20","[c]","[c]","[c]"
"Leaver Dept.","2023","Tees Valley and Durham","Outside London","Heterosexual / straight","150","[c]","33390","30330"
"Leaver Dept.","2023","Tees Valley and Durham","Outside London","LGBO","10","[c]","[c]","[c]"
"Leaver Dept.","2023","Tees Valley and Durham","Outside London","Undeclared","10","[c]","[c]","[c]"
"Leaver Dept.","2023","Tees Valley and Durham","Outside London","Unknown","55","[c]","31240","27880"
"Leaver Dept.","2023","Unknown","Unknown","Heterosexual / straight","50","[c]","34710","32520"
"Leaver Dept.","2023","Unknown","Unknown","LGBO","5","[c]","[c]","[c]"
"Leaver Dept.","2023","Unknown","Unknown","Undeclared","35","[c]","[c]","[c]"
"Leaver Dept.","2023","Unknown","Unknown","Unknown","65","[c]","33490","32000"
"Leaver Dept.","2023","West Central Scotland","Outside London","Heterosexual / straight","310","[c]","28830","27570"
"Leaver Dept.","2023","West Central Scotland","Outside London","LGBO","35","[c]","29010","25880"
"Leaver Dept.","2023","West Central Scotland","Outside London","Undeclared","35","[c]","30520","26710"
"Leaver Dept.","2023","West Central Scotland","Outside London","Unknown","140","[c]","29110","27230"
"Leaver Dept.","2023","West Midlands","Outside London","Heterosexual / straight","385","[c]","33630","28120"
"Leaver Dept.","2023","West Midlands","Outside London","LGBO","30","[c]","[c]","[c]"
"Leaver Dept.","2023","West Midlands","Outside London","Undeclared","35","[c]","32010","30330"
"Leaver Dept.","2023","West Midlands","Outside London","Unknown","195","[c]","31480","28120"
"Leaver Dept.","2023","West Wales and The Valleys","Outside London","Heterosexual / straight","275","[c]","30710","28120"
"Leaver Dept.","2023","West Wales and The Valleys","Outside London","LGBO","10","[c]","[c]","[c]"
"Leaver Dept.","2023","West Wales and The Valleys","Outside London","Undeclared","25","[c]","[c]","[c]"
"Leaver Dept.","2023","West Wales and The Valleys","Outside London","Unknown","45","[c]","31180","27570"
"Leaver Dept.","2023","West Yorkshire","Outside London","Heterosexual / straight","325","[c]","34210","30160"
"Leaver Dept.","2023","West Yorkshire","Outside London","LGBO","25","[c]","[c]","[c]"
"Leaver Dept.","2023","West Yorkshire","Outside London","Undeclared","40","[c]","[c]","[c]"
"Leaver Dept.","2023","West Yorkshire","Outside London","Unknown","220","[c]","33070","30290"
"New entrant CS","2023","Bedfordshire and Hertfordshire","Outside London","Heterosexual / straight","305","[c]","29580","27320"
"New entrant CS","2023","Bedfordshire and Hertfordshire","Outside London","LGBO","30","[c]","[c]","[c]"
"New entrant CS","2023","Bedfordshire and Hertfordshire","Outside London","Undeclared","30","[c]","27720","25480"
"New entrant CS","2023","Bedfordshire and Hertfordshire","Outside London","Unknown","175","[c]","27920","25830"
"New entrant CS","2023","Berkshire, Buckinghamshire and Oxfordshire","Outside London","Heterosexual / straight","500","[c]","30910","28480"
"New entrant CS","2023","Berkshire, Buckinghamshire and Oxfordshire","Outside London","LGBO","60","[c]","28900","27080"
"New entrant CS","2023","Berkshire, Buckinghamshire and Oxfordshire","Outside London","Undeclared","30","[c]","[c]","[c]"
"New entrant CS","2023","Berkshire, Buckinghamshire and Oxfordshire","Outside London","Unknown","370","[c]","30080","27350"
"New entrant CS","2023","Cheshire","Outside London","Heterosexual / straight","305","[c]","31380","28880"
"New entrant CS","2023","Cheshire","Outside London","LGBO","40","[c]","30380","28880"
"New entrant CS","2023","Cheshire","Outside London","Undeclared","15","[c]","[c]","[c]"
"New entrant CS","2023","Cheshire","Outside London","Unknown","160","[c]","28580","28880"
"New entrant CS","2023","Cornwall and Isles of Scilly","Outside London","Heterosexual / straight","85","[c]","31620","25920"
"New entrant CS","2023","Cornwall and Isles of Scilly","Outside London","LGBO","[c]","[c]","[c]","[c]"
"New entrant CS","2023","Cornwall and Isles of Scilly","Outside London","Undeclared","[c]","[c]","[c]","[c]"
"New entrant CS","2023","Cornwall and Isles of Scilly","Outside London","Unknown","40","[c]","29610","23640"
"New entrant CS","2023","Cumbria","Outside London","Heterosexual / straight","195","[c]","28190","22150"
"New entrant CS","2023","Cumbria","Outside London","LGBO","20","[c]","[c]","[c]"
"New entrant CS","2023","Cumbria","Outside London","Undeclared","15","[c]","[c]","[c]"
"New entrant CS","2023","Cumbria","Outside London","Unknown","95","[c]","26350","22150"
"New entrant CS","2023","Derbyshire and Nottinghamshire","Outside London","Heterosexual / straight","830","[c]","28510","23640"
"New entrant CS","2023","Derbyshire and Nottinghamshire","Outside London","LGBO","105","[c]","26110","22880"
"New entrant CS","2023","Derbyshire and Nottinghamshire","Outside London","Undeclared","50","[c]","26310","22520"
"New entrant CS","2023","Derbyshire and Nottinghamshire","Outside London","Unknown","620","[c]","26930","23230"
"New entrant CS","2023","Devon","Outside London","Heterosexual / straight","545","[c]","29450","27080"
"New entrant CS","2023","Devon","Outside London","LGBO","70","[c]","26940","23640"
"New entrant CS","2023","Devon","Outside London","Undeclared","75","[c]","28700","26650"
"New entrant CS","2023","Devon","Outside London","Unknown","290","[c]","27360","25350"
"New entrant CS","2023","Dorset and Somerset","Outside London","Heterosexual / straight","325","[c]","28210","26440"
"New entrant CS","2023","Dorset and Somerset","Outside London","LGBO","30","[c]","[c]","[c]"
"New entrant CS","2023","Dorset and Somerset","Outside London","Undeclared","25","[c]","[c]","[c]"
"New entrant CS","2023","Dorset and Somerset","Outside London","Unknown","225","[c]","27360","24550"
"New entrant CS","2023","East Anglia","Outside London","Heterosexual / straight","840","[c]","28610","25920"
"New entrant CS","2023","East Anglia","Outside London","LGBO","70","[c]","25380","23640"
"New entrant CS","2023","East Anglia","Outside London","Undeclared","50","[c]","29780","25790"
"New entrant CS","2023","East Anglia","Outside London","Unknown","505","[c]","27210","23390"
"New entrant CS","2023","East Wales","Outside London","Heterosexual / straight","1355","[c]","30660","26900"
"New entrant CS","2023","East Wales","Outside London","LGBO","175","[c]","28290","25310"
"New entrant CS","2023","East Wales","Outside London","Undeclared","100","[c]","30860","26460"
"New entrant CS","2023","East Wales","Outside London","Unknown","590","[c]","27460","24840"
"New entrant CS","2023","East Yorkshire and Northern Lincolnshire","Outside London","Heterosexual / straight","335","[c]","26950","28120"
"New entrant CS","2023","East Yorkshire and Northern Lincolnshire","Outside London","LGBO","30","[c]","[c]","[c]"
"New entrant CS","2023","East Yorkshire and Northern Lincolnshire","Outside London","Undeclared","15","[c]","[c]","[c]"
"New entrant CS","2023","East Yorkshire and Northern Lincolnshire","Outside London","Unknown","140","[c]","26170","25750"
"New entrant CS","2023","Eastern Scotland","Outside London","Heterosexual / straight","865","[c]","32570","29100"
"New entrant CS","2023","Eastern Scotland","Outside London","LGBO","140","[c]","33000","29100"
"New entrant CS","2023","Eastern Scotland","Outside London","Undeclared","60","[c]","33390","33520"
"New entrant CS","2023","Eastern Scotland","Outside London","Unknown","1450","[c]","31460","29100"
"New entrant CS","2023","Essex","Outside London","Heterosexual / straight","240","[c]","27120","23640"
"New entrant CS","2023","Essex","Outside London","LGBO","25","[c]","[c]","[c]"
"New entrant CS","2023","Essex","Outside London","Undeclared","10","[c]","[c]","[c]"
"New entrant CS","2023","Essex","Outside London","Unknown","215","[c]","26650","23930"
"New entrant CS","2023","Gloucestershire, Wiltshire and Bath/Bristol area","Outside London","Heterosexual / straight","2070","[c]","32810","30320"
"New entrant CS","2023","Gloucestershire, Wiltshire and Bath/Bristol area","Outside London","LGBO","170","[c]","28710","26310"
"New entrant CS","2023","Gloucestershire, Wiltshire and Bath/Bristol area","Outside London","Undeclared","165","[c]","32600","28480"
"New entrant CS","2023","Gloucestershire, Wiltshire and Bath/Bristol area","Outside London","Unknown","1175","[c]","30650","27080"
"New entrant CS","2023","Greater Manchester","Outside London","Heterosexual / straight","1330","[c]","30800","26930"
"New entrant CS","2023","Greater Manchester","Outside London","LGBO","200","[c]","27890","23640"
"New entrant CS","2023","Greater Manchester","Outside London","Undeclared","95","[c]","30850","25900"
"New entrant CS","2023","Greater Manchester","Outside London","Unknown","895","[c]","29190","25750"
"New entrant CS","2023","Hampshire and Isle of Wight","Outside London","Heterosexual / straight","1185","[c]","29260","26350"
"New entrant CS","2023","Hampshire and Isle of Wight","Outside London","LGBO","105","[c]","27610","26310"
"New entrant CS","2023","Hampshire and Isle of Wight","Outside London","Undeclared","85","[c]","33690","31060"
"New entrant CS","2023","Hampshire and Isle of Wight","Outside London","Unknown","715","[c]","28300","25100"
"New entrant CS","2023","Herefordshire, Worcestershire and Warwickshire","Outside London","Heterosexual / straight","225","[c]","27660","23640"
"New entrant CS","2023","Herefordshire, Worcestershire and Warwickshire","Outside London","LGBO","20","[c]","[c]","[c]"
"New entrant CS","2023","Herefordshire, Worcestershire and Warwickshire","Outside London","Undeclared","15","[c]","[c]","[c]"
"New entrant CS","2023","Herefordshire, Worcestershire and Warwickshire","Outside London","Unknown","170","[c]","26350","24080"
"New entrant CS","2023","Highlands and Islands","Outside London","Heterosexual / straight","105","[c]","27110","22220"
"New entrant CS","2023","Highlands and Islands","Outside London","LGBO","5","[c]","[c]","[c]"
"New entrant CS","2023","Highlands and Islands","Outside London","Undeclared","5","[c]","[c]","[c]"
"New entrant CS","2023","Highlands and Islands","Outside London","Unknown","80","[c]","26520","24710"
"New entrant CS","2023","Inner London - East","London","Heterosexual / straight","1170","[c]","39390","34110"
"New entrant CS","2023","Inner London - East","London","LGBO","125","[c]","40300","34340"
"New entrant CS","2023","Inner London - East","London","Undeclared","115","[c]","40470","37840"
"New entrant CS","2023","Inner London - East","London","Unknown","520","[c]","33670","28840"
"New entrant CS","2023","Inner London - West","London","Heterosexual / straight","2515","[c]","38560","34480"
"New entrant CS","2023","Inner London - West","London","LGBO","390","[c]","37370","35010"
"New entrant CS","2023","Inner London - West","London","Undeclared","390","[c]","37050","34190"
"New entrant CS","2023","Inner London - West","London","Unknown","1900","[c]","36290","30830"
"New entrant CS","2023","Kent","Outside London","Heterosexual / straight","560","[c]","27640","25750"
"New entrant CS","2023","Kent","Outside London","LGBO","70","[c]","26530","25610"
"New entrant CS","2023","Kent","Outside London","Undeclared","25","[c]","[c]","[c]"
"New entrant CS","2023","Kent","Outside London","Unknown","630","[c]","25950","25750"
"New entrant CS","2023","Lancashire","Outside London","Heterosexual / straight","755","[c]","27160","23640"
"New entrant CS","2023","Lancashire","Outside London","LGBO","50","[c]","26660","24080"
"New entrant CS","2023","Lancashire","Outside London","Undeclared","30","[c]","[c]","[c]"
"New entrant CS","2023","Lancashire","Outside London","Unknown","345","[c]","26920","23640"
"New entrant CS","2023","Leicestershire, Rutland and Northamptonshire","Outside London","Heterosexual / straight","455","[c]","25780","23640"
"New entrant CS","2023","Leicestershire, Rutland and Northamptonshire","Outside London","LGBO","45","[c]","24110","23640"
"New entrant CS","2023","Leicestershire, Rutland and Northamptonshire","Outside London","Undeclared","35","[c]","25350","23640"
"New entrant CS","2023","Leicestershire, Rutland and Northamptonshire","Outside London","Unknown","275","[c]","25250","23230"
"New entrant CS","2023","Lincolnshire","Outside London","Heterosexual / straight","225","[c]","29960","27490"
"New entrant CS","2023","Lincolnshire","Outside London","LGBO","30","[c]","[c]","[c]"
"New entrant CS","2023","Lincolnshire","Outside London","Undeclared","15","[c]","[c]","[c]"
"New entrant CS","2023","Lincolnshire","Outside London","Unknown","125","[c]","26460","24330"
"New entrant CS","2023","Merseyside","Outside London","Heterosexual / straight","925","[c]","26720","23640"
"New entrant CS","2023","Merseyside","Outside London","LGBO","110","[c]","26360","24430"
"New entrant CS","2023","Merseyside","Outside London","Undeclared","45","[c]","26480","22520"
"New entrant CS","2023","Merseyside","Outside London","Unknown","1835","[c]","24040","22400"
"New entrant CS","2023","North Eastern Scotland","Outside London","Heterosexual / straight","55","[c]","30670","28120"
"New entrant CS","2023","North Eastern Scotland","Outside London","LGBO","10","[c]","[c]","[c]"
"New entrant CS","2023","North Eastern Scotland","Outside London","Undeclared","[c]","[c]","[c]","[c]"
"New entrant CS","2023","North Eastern Scotland","Outside London","Unknown","90","[c]","30140","29100"
"New entrant CS","2023","North Yorkshire","Outside London","Heterosexual / straight","325","[c]","31790","27140"
"New entrant CS","2023","North Yorkshire","Outside London","LGBO","55","[c]","28350","24760"
"New entrant CS","2023","North Yorkshire","Outside London","Undeclared","30","[c]","[c]","[c]"
"New entrant CS","2023","North Yorkshire","Outside London","Unknown","170","[c]","30220","27080"
"New entrant CS","2023","Northern Ireland","Outside London","Heterosexual / straight","230","[c]","28620","22950"
"New entrant CS","2023","Northern Ireland","Outside London","LGBO","20","[c]","[c]","[c]"
"New entrant CS","2023","Northern Ireland","Outside London","Undeclared","10","[c]","[c]","[c]"
"New entrant CS","2023","Northern Ireland","Outside London","Unknown","285","[c]","25540","22520"
"New entrant CS","2023","Northumberland, and Tyne and Wear","Outside London","Heterosexual / straight","1055","[c]","29410","23640"
"New entrant CS","2023","Northumberland, and Tyne and Wear","Outside London","LGBO","135","[c]","28830","25750"
"New entrant CS","2023","Northumberland, and Tyne and Wear","Outside London","Undeclared","65","[c]","28230","23320"
"New entrant CS","2023","Northumberland, and Tyne and Wear","Outside London","Unknown","570","[c]","27020","22520"
"New entrant CS","2023","Outer London - East and North East","London","Heterosexual / straight","120","[c]","32680","30780"
"New entrant CS","2023","Outer London - East and North East","London","LGBO","15","[c]","[c]","[c]"
"New entrant CS","2023","Outer London - East and North East","London","Undeclared","10","[c]","[c]","[c]"
"New entrant CS","2023","Outer London - East and North East","London","Unknown","165","[c]","30980","30780"
"New entrant CS","2023","Outer London - South","London","Heterosexual / straight","310","[c]","31300","27640"
"New entrant CS","2023","Outer London - South","London","LGBO","50","[c]","33980","29750"
"New entrant CS","2023","Outer London - South","London","Undeclared","20","[c]","[c]","[c]"
"New entrant CS","2023","Outer London - South","London","Unknown","815","[c]","31400","29750"
"New entrant CS","2023","Outer London - West and North West","London","Heterosexual / straight","330","[c]","31890","29750"
"New entrant CS","2023","Outer London - West and North West","London","LGBO","40","[c]","32390","32520"
"New entrant CS","2023","Outer London - West and North West","London","Undeclared","40","[c]","30620","27940"
"New entrant CS","2023","Outer London - West and North West","London","Unknown","720","[c]","31410","29750"
"New entrant CS","2023","Overseas","Overseas","Heterosexual / straight","15","[c]","[c]","[c]"
"New entrant CS","2023","Overseas","Overseas","LGBO","[c]","[c]","[c]","[c]"
"New entrant CS","2023","Overseas","Overseas","Undeclared","[c]","[c]","[c]","[c]"
"New entrant CS","2023","Overseas","Overseas","Unknown","50","[c]","49510","45690"
"New entrant CS","2023","Shropshire and Staffordshire","Outside London","Heterosexual / straight","630","[c]","31170","28880"
"New entrant CS","2023","Shropshire and Staffordshire","Outside London","LGBO","50","[c]","29270","28880"
"New entrant CS","2023","Shropshire and Staffordshire","Outside London","Undeclared","35","[c]","36200","32000"
"New entrant CS","2023","Shropshire and Staffordshire","Outside London","Unknown","405","[c]","30370","27490"
"New entrant CS","2023","South Yorkshire","Outside London","Heterosexual / straight","540","[c]","29540","25880"
"New entrant CS","2023","South Yorkshire","Outside London","LGBO","65","[c]","29030","25880"
"New entrant CS","2023","South Yorkshire","Outside London","Undeclared","50","[c]","31240","25900"
"New entrant CS","2023","South Yorkshire","Outside London","Unknown","890","[c]","25930","25750"
"New entrant CS","2023","Southern Scotland","Outside London","Heterosexual / straight","245","[c]","25360","22520"
"New entrant CS","2023","Southern Scotland","Outside London","LGBO","25","[c]","[c]","[c]"
"New entrant CS","2023","Southern Scotland","Outside London","Undeclared","15","[c]","[c]","[c]"
"New entrant CS","2023","Southern Scotland","Outside London","Unknown","320","[c]","25990","23190"
"New entrant CS","2023","Surrey, East and West Sussex","Outside London","Heterosexual / straight","570","[c]","31710","28600"
"New entrant CS","2023","Surrey, East and West Sussex","Outside London","LGBO","70","[c]","30010","28880"
"New entrant CS","2023","Surrey, East and West Sussex","Outside London","Undeclared","50","[c]","34740","29080"
"New entrant CS","2023","Surrey, East and West Sussex","Outside London","Unknown","325","[c]","29520","26750"
"New entrant CS","2023","Tees Valley and Durham","Outside London","Heterosexual / straight","825","[c]","29120","28500"
"New entrant CS","2023","Tees Valley and Durham","Outside London","LGBO","110","[c]","28150","28120"
"New entrant CS","2023","Tees Valley and Durham","Outside London","Undeclared","40","[c]","34740","29780"
"New entrant CS","2023","Tees Valley and Durham","Outside London","Unknown","530","[c]","26040","23230"
"New entrant CS","2023","Unknown","Unknown","Heterosexual / straight","75","[c]","30710","28120"
"New entrant CS","2023","Unknown","Unknown","LGBO","10","[c]","[c]","[c]"
"New entrant CS","2023","Unknown","Unknown","Undeclared","5","[c]","[c]","[c]"
"New entrant CS","2023","Unknown","Unknown","Unknown","265","[c]","25060","22400"
"New entrant CS","2023","West Central Scotland","Outside London","Heterosexual / straight","1235","[c]","30230","27080"
"New entrant CS","2023","West Central Scotland","Outside London","LGBO","205","[c]","27000","23700"
"New entrant CS","2023","West Central Scotland","Outside London","Undeclared","80","[c]","30210","25750"
"New entrant CS","2023","West Central Scotland","Outside London","Unknown","1660","[c]","27830","24710"
"New entrant CS","2023","West Midlands","Outside London","Heterosexual / straight","1390","[c]","28880","23640"
"New entrant CS","2023","West Midlands","Outside London","LGBO","100","[c]","26980","23640"
"New entrant CS","2023","West Midlands","Outside London","Undeclared","95","[c]","27510","23640"
"New entrant CS","2023","West Midlands","Outside London","Unknown","960","[c]","26660","22520"
"New entrant CS","2023","West Wales and The Valleys","Outside London","Heterosexual / straight","955","[c]","25520","22500"
"New entrant CS","2023","West Wales and The Valleys","Outside London","LGBO","100","[c]","24760","22500"
"New entrant CS","2023","West Wales and The Valleys","Outside London","Undeclared","45","[c]","25850","22500"
"New entrant CS","2023","West Wales and The Valleys","Outside London","Unknown","345","[c]","24560","22500"
"New entrant CS","2023","West Yorkshire","Outside London","Heterosexual / straight","1230","[c]","29980","26900"
"New entrant CS","2023","West Yorkshire","Outside London","LGBO","140","[c]","29680","26900"
"New entrant CS","2023","West Yorkshire","Outside London","Undeclared","100","[c]","29940","26900"
"New entrant CS","2023","West Yorkshire","Outside London","Unknown","785","[c]","28100","25750"
"Notes","Summary figures are suppressed when information relates to less than 5 civil servants for FTE or Headcount, and less than 10 civil servants for median and mean salary (shown as [c]). Zero responses and salaries for less than 30 civil servants have been suppressed for GPDR special category data. FTE figures are not shown for entrants or leavers due to data quality concerns for these groups. Figures are rounded to the nearest 5, or 10 as appropriate.","","","","","","",""
"Data source","All figures are aggregated from the Cabinet Office Annual Civil Service Employment Survey collection. https://www.gov.uk/government/collections/civil-service-statistics","","","","","","",""
"Version","Generated on 2023-07-26, with GIT d545f65.","","","","","","",""
"Data column","Description","","","","","","",""
"Status","Employment status of the civil servants.","","","","","","",""
"","In post - includes staff that were in post on the reference date (31 March).","","","","","","",""
"","New entrant CS - includes new entrants to the Civil Service over the year (1 April to 31 March).","","","","","","",""
"","Leaver CS - includes leavers from the Civil Service over the year (1 April to 31 March). This includes employees who have an Unknown leaving cause.","","","","","","",""
"","Leaver Dept. - includes leavers from the department over the year (1 April to 31 March), who did not leave the Civil Service.","","","","","","",""
"","Four organisations do not report when their employees first entered the Civil Service and so entrants data for these organisations is not available . These are as follows: Foreign Commonwealth and Development Office (excl. agencies), Foreign Commonwealth and Development Office Services, Scottish Forestry and Forest and Land Scotland. A further three organisations also could not provide entrants data in 2021. These are as follows: Department for International Development, Foreign and Commonwealth Office (excl. agencies) and Royal Fleet Auxiliary.","","","","","","",""
"Year","Year of data collection (as at 31 March).","","","","","","",""
"Region_london","Workplace postcode data are used to derive geographical information using the International Territorial Level (ITL) classification standard.","","","","","","",""
"","Region_london groups the ITL classifications into ""London"", ""Outside London"": all UK regions excluding London, ""Overseas"", and ""Unknown"".","","","","","","",""
"Region_ITL2","Workplace postcode data are used to derive geographical information using the International Territorial Level (ITL) classification standard.","","","","","","",""
"","Following the UK's withdrawal from the EU, a new UK-managed international statistical geography - International Territorial Levels (ITL) - was introduced from 1st January 2021, replacing the former NUTS classification. They align with international standards, enabling comparability both over time and internationally. To ensure continued alignment, the ITLs mirror the NUTS system. They also follow a similar review timetable - every three years.","","","","","","",""
"","ITL 2 divides into Northern Ireland, counties in England (most grouped), groups of districts in Greater London, groups of unitary authorities in Wales, groups of council areas in Scotland.","","","","","","",""
"Sexual_orientation","Self reported sexual orientation.","","","","","","",""
"","""Undeclared"" accounts for employees who have actively declared that they do not want to disclose their sexual orientation and ""Unknown"" accounts for employees who have not made an active declaration about their sexual orientation.","","","","","","",""
"Headcount","Total number of civil servants (rounded to nearest 5).","","","","","","",""
"FTE","Total full-time equivalent (FTE) employment numbers (rounded to nearest 5).","","","","","","",""
"","FTE figures are not shown for entrants or leavers due to data quality concerns for these groups.","","","","","","",""
"Mean_salary","Average salary (mean, rounded to nearest 10). For part-time employees, salaries represent the full-time equivalent earnings, while for full-time employees they are the actual annual gross salaries.","","","","","","",""
"","These figures should be interpreted with caution when the total number of employees in a group is small, as they will tend to show more variability than larger groups (i.e. may be much higher or lower than can be explained by the data shown).","","","","","","",""
"Median_salary","Median salary (rounded to nearest 10). For part-time employees, salaries represent the full-time equivalent earnings, while for full-time employees they are the actual annual gross salaries.","","","","","","",""
"","These figures should be interpreted with caution when the total number of employees in a group is small, as they will tend to show more variability than larger groups (i.e. may be much higher or lower than can be explained by the data shown).","","","","","","",""
