"Status","Year","Organisation","Region_london","Headcount","FTE","Mean_salary","Median_salary"
"In post","2023","Accountant in Bankruptcy","Outside London","125","115","34020","31940"
"In post","2023","Active Travel England","London","10","10","[c]","[c]"
"In post","2023","Active Travel England","Outside London","45","40","51760","50240"
"In post","2023","Advisory, Conciliation and Arbitration Service","London","175","170","43730","39360"
"In post","2023","Advisory, Conciliation and Arbitration Service","Outside London","835","765","32600","32110"
"In post","2023","Animal and Plant Health Agency","London","90","85","37770","33030"
"In post","2023","Animal and Plant Health Agency","Outside London","3005","2860","31130","27210"
"In post","2023","Attorney General's Office","London","50","50","50950","43000"
"In post","2023","Building Digital UK","London","140","140","48800","53010"
"In post","2023","Building Digital UK","Outside London","90","90","42460","37130"
"In post","2023","Cabinet Office (excl. agencies)","London","3565","3495","53850","56430"
"In post","2023","Cabinet Office (excl. agencies)","Outside London","2185","2090","38620","34320"
"In post","2023","Cabinet Office (excl. agencies)","Unknown","165","160","42460","36460"
"In post","2023","Central Civil Service Fast Stream","London","1190","1185","30770","30130"
"In post","2023","Central Civil Service Fast Stream","Outside London","465","465","30610","30130"
"In post","2023","Central Civil Service Fast Stream","Unknown","10","10","[c]","[c]"
"In post","2023","Centre for Environment, Fisheries and Aquaculture Science","Outside London","655","625","35860","30820"
"In post","2023","Charity Commission","London","80","80","45710","41370"
"In post","2023","Charity Commission","Outside London","420","400","33910","30170"
"In post","2023","Companies House","London","[c]","[c]","[c]","[c]"
"In post","2023","Companies House","Outside London","1210","1125","32460","28070"
"In post","2023","Competition and Markets Authority","London","795","770","62880","58330"
"In post","2023","Competition and Markets Authority","Outside London","115","115","57800","55950"
"In post","2023","Criminal Injuries Compensation Authority","London","[c]","[c]","[c]","[c]"
"In post","2023","Criminal Injuries Compensation Authority","Outside London","335","310","28020","25830"
"In post","2023","Criminal Injuries Compensation Authority","Unknown","[c]","[c]","[c]","[c]"
"In post","2023","Crown Commercial Service","London","65","65","57030","57000"
"In post","2023","Crown Commercial Service","Outside London","700","680","40190","40450"
"In post","2023","Crown Office and Procurator Fiscal Service","Outside London","2450","2310","39960","33120"
"In post","2023","Crown Prosecution Service","London","1870","1775","45320","40540"
"In post","2023","Crown Prosecution Service","Outside London","5645","5265","40760","35300"
"In post","2023","Crown Prosecution Service","Overseas","[c]","[c]","[c]","[c]"
"In post","2023","Defence Electronics and Components Agency","Outside London","445","430","29980","28710"
"In post","2023","Defence Equipment and Support","London","180","175","30130","26880"
"In post","2023","Defence Equipment and Support","Outside London","10495","10105","39430","38790"
"In post","2023","Defence Equipment and Support","Overseas","45","45","57610","58060"
"In post","2023","Defence Science and Technology Laboratory","London","[c]","[c]","[c]","[c]"
"In post","2023","Defence Science and Technology Laboratory","Outside London","4955","4775","42550","39890"
"In post","2023","Department for Business, Energy and Industrial Strategy (excl. agencies)","London","4970","4865","52150","55120"
"In post","2023","Department for Business, Energy and Industrial Strategy (excl. agencies)","Outside London","1315","1290","43460","37750"
"In post","2023","Department for Digital, Culture, Media and Sport (excl. agencies)","London","1500","1470","50310","53030"
"In post","2023","Department for Digital, Culture, Media and Sport (excl. agencies)","Outside London","210","205","42260","35880"
"In post","2023","Department for Education (excl. agencies)","London","2130","2045","52300","55020"
"In post","2023","Department for Education (excl. agencies)","Outside London","5030","4855","43100","38070"
"In post","2023","Department for Environment, Food and Rural Affairs (excl. agencies)","London","2555","2485","46450","40620"
"In post","2023","Department for Environment, Food and Rural Affairs (excl. agencies)","Outside London","3780","3630","41840","37710"
"In post","2023","Department for Environment, Food and Rural Affairs (excl. agencies)","Unknown","5","5","[c]","[c]"
"In post","2023","Department for International Trade","London","2690","2660","49260","43290"
"In post","2023","Department for International Trade","Outside London","670","650","43170","41550"
"In post","2023","Department for International Trade","Overseas","175","175","57480","55370"
"In post","2023","Department for Levelling Up, Housing and Communities (excl. agencies)","London","2110","2065","51130","54630"
"In post","2023","Department for Levelling Up, Housing and Communities (excl. agencies)","Outside London","1140","1105","42380","37540"
"In post","2023","Department for Transport (excl. agencies)","London","3020","2940","52170","55190"
"In post","2023","Department for Transport (excl. agencies)","Outside London","770","745","45630","39820"
"In post","2023","Department for Transport (excl. agencies)","Overseas","5","5","[c]","[c]"
"In post","2023","Department for Work and Pensions (excl. agencies)","London","9050","8375","36160","32520"
"In post","2023","Department for Work and Pensions (excl. agencies)","Outside London","75555","67235","28630","28120"
"In post","2023","Department for Work and Pensions (excl. agencies)","Unknown","340","325","34000","28120"
"In post","2023","Department of Health and Social Care (excl. agencies)","London","2385","2310","50910","54660"
"In post","2023","Department of Health and Social Care (excl. agencies)","Outside London","1285","1230","46940","43240"
"In post","2023","Department of Health and Social Care (excl. agencies)","Unknown","[c]","[c]","[c]","[c]"
"In post","2023","Disclosure Scotland","Outside London","365","345","31330","24890"
"In post","2023","Driver and Vehicle Licensing Agency","London","[c]","[c]","[c]","[c]"
"In post","2023","Driver and Vehicle Licensing Agency","Outside London","6225","5535","27370","22500"
"In post","2023","Driver and Vehicle Standards Agency","London","350","335","32970","31450"
"In post","2023","Driver and Vehicle Standards Agency","Outside London","4550","4275","30060","27450"
"In post","2023","Education Scotland","Outside London","360","350","59670","65280"
"In post","2023","Education and Skills Funding Agency","London","120","120","48990","42170"
"In post","2023","Education and Skills Funding Agency","Outside London","650","630","41470","37880"
"In post","2023","Estyn","Outside London","125","115","60010","78500"
"In post","2023","FCDO Services","London","175","170","49110","45400"
"In post","2023","FCDO Services","Outside London","810","780","40650","35370"
"In post","2023","FCDO Services","Overseas","125","125","42020","41490"
"In post","2023","Food Standards Agency","London","225","220","45670","41160"
"In post","2023","Food Standards Agency","Outside London","1350","1310","37830","33320"
"In post","2023","Food Standards Agency","Overseas","[c]","[c]","[c]","[c]"
"In post","2023","Food Standards Scotland","Outside London","290","280","38730","34730"
"In post","2023","Foreign, Commonwealth and Development Office (excl. agencies)","London","4390","4295","51930","51960"
"In post","2023","Foreign, Commonwealth and Development Office (excl. agencies)","Outside London","1110","1065","40590","37930"
"In post","2023","Foreign, Commonwealth and Development Office (excl. agencies)","Overseas","2105","2100","53290","54000"
"In post","2023","Forestry and Land Scotland","Outside London","1105","1065","34400","32220"
"In post","2023","Government Actuary's Department","London","200","190","68340","62610"
"In post","2023","Government Actuary's Department","Outside London","15","10","70680","70000"
"In post","2023","Government Commercial Organisation","London","650","640","78800","68230"
"In post","2023","Government Commercial Organisation","Outside London","840","830","70930","66270"
"In post","2023","Government Commercial Organisation","Unknown","[c]","[c]","[c]","[c]"
"In post","2023","Government Internal Audit Agency","London","180","170","51600","51730"
"In post","2023","Government Internal Audit Agency","Outside London","285","265","48650","46290"
"In post","2023","Government Internal Audit Agency","Unknown","25","20","48950","45180"
"In post","2023","Government Legal Department","London","2430","2270","55900","53390"
"In post","2023","Government Legal Department","Outside London","245","225","54480","52590"
"In post","2023","Government Property Agency","London","115","115","53390","55790"
"In post","2023","Government Property Agency","Outside London","275","270","49040","51020"
"In post","2023","HM Courts and Tribunals Service","London","3870","3630","32560","29660"
"In post","2023","HM Courts and Tribunals Service","Outside London","11935","10660","26260","21780"
"In post","2023","HM Courts and Tribunals Service","Unknown","25","25","24350","21780"
"In post","2023","HM Crown Prosecution Service Inspectorate","London","15","15","64600","62460"
"In post","2023","HM Crown Prosecution Service Inspectorate","Outside London","10","10","62610","59120"
"In post","2023","HM Land Registry","London","395","375","42790","38410"
"In post","2023","HM Land Registry","Outside London","6320","5720","31900","28080"
"In post","2023","HM Prison and Probation Service","London","7535","7240","37350","34820"
"In post","2023","HM Prison and Probation Service","Outside London","58135","54655","31570","30410"
"In post","2023","HM Prison and Probation Service","Unknown","75","70","27800","28880"
"In post","2023","HM Revenue and Customs (excl. agencies)","London","9615","9165","46730","39790"
"In post","2023","HM Revenue and Customs (excl. agencies)","Outside London","58780","54575","33440","28130"
"In post","2023","HM Treasury (excl. agencies)","London","1740","1710","49050","53550"
"In post","2023","HM Treasury (excl. agencies)","Outside London","265","260","38790","30510"
"In post","2023","Health and Safety Executive","London","145","140","49920","47320"
"In post","2023","Health and Safety Executive","Outside London","2685","2540","43170","40790"
"In post","2023","Home Office","London","14590","13915","40970","36180"
"In post","2023","Home Office","Outside London","28180","26335","29120","25880"
"In post","2023","Home Office","Overseas","150","150","46000","29820"
"In post","2023","Home Office","Unknown","205","185","29260","26750"
"In post","2023","Institute for Apprenticeships and Technical Education","London","115","115","55140","55290"
"In post","2023","Institute for Apprenticeships and Technical Education","Outside London","220","215","45240","51460"
"In post","2023","Intellectual Property Office","London","60","55","52350","45040"
"In post","2023","Intellectual Property Office","Outside London","1640","1545","40520","39960"
"In post","2023","Legal Aid Agency","London","145","140","45820","43650"
"In post","2023","Legal Aid Agency","Outside London","1035","960","28620","25830"
"In post","2023","Legal Aid Agency","Unknown","[c]","[c]","[c]","[c]"
"In post","2023","Maritime and Coastguard Agency","London","10","10","[c]","[c]"
"In post","2023","Maritime and Coastguard Agency","Outside London","1190","1155","35530","31660"
"In post","2023","Medicines and Healthcare Products Regulatory Agency","London","850","825","50200","42130"
"In post","2023","Medicines and Healthcare Products Regulatory Agency","Outside London","325","320","48880","45180"
"In post","2023","Met Office","London","35","30","38920","37420"
"In post","2023","Met Office","Outside London","2230","2125","39470","39650"
"In post","2023","Met Office","Overseas","30","30","34770","37420"
"In post","2023","Ministry of Defence (excl. agencies)","London","4070","3990","45600","44250"
"In post","2023","Ministry of Defence (excl. agencies)","Outside London","32555","31385","33220","29270"
"In post","2023","Ministry of Defence (excl. agencies)","Overseas","670","670","55610","52950"
"In post","2023","Ministry of Defence (excl. agencies)","Unknown","35","35","40540","33990"
"In post","2023","Ministry of Justice (excl. agencies)","London","4090","3990","47320","43650"
"In post","2023","Ministry of Justice (excl. agencies)","Outside London","3025","2940","39340","37680"
"In post","2023","Ministry of Justice (excl. agencies)","Unknown","15","15","35810","37680"
"In post","2023","National Crime Agency","London","1565","1535","47150","43310"
"In post","2023","National Crime Agency","Outside London","3765","3655","40500","38640"
"In post","2023","National Crime Agency","Overseas","125","125","48040","47380"
"In post","2023","National Crime Agency","Unknown","105","100","47180","47380"
"In post","2023","National Infrastructure Commission","London","50","45","55040","53410"
"In post","2023","National Infrastructure Commission","Outside London","[c]","[c]","[c]","[c]"
"In post","2023","National Records of Scotland","Outside London","455","430","38070","34730"
"In post","2023","National Savings and Investments","London","150","145","54760","49550"
"In post","2023","National Savings and Investments","Outside London","60","60","46390","44590"
"In post","2023","Northern Ireland Office","London","90","90","55070","55720"
"In post","2023","Northern Ireland Office","Outside London","75","75","38230","37680"
"In post","2023","Office for Budget Responsibility","London","45","45","52070","54810"
"In post","2023","Office for Standards in Education, Children's Services and Skills","London","315","310","55080","52750"
"In post","2023","Office for Standards in Education, Children's Services and Skills","Outside London","1720","1660","51750","52750"
"In post","2023","Office of Gas and Electricity Markets","London","865","855","50280","46250"
"In post","2023","Office of Gas and Electricity Markets","Outside London","690","680","39850","35000"
"In post","2023","Office of Qualifications and Examinations Regulation","Outside London","345","335","44700","40220"
"In post","2023","Office of Rail and Road","London","210","200","57490","57700"
"In post","2023","Office of Rail and Road","Outside London","160","155","52550","53410"
"In post","2023","Office of the Public Guardian","London","10","10","[c]","[c]"
"In post","2023","Office of the Public Guardian","Outside London","1640","1520","24600","21780"
"In post","2023","Office of the Public Guardian","Unknown","[c]","[c]","[c]","[c]"
"In post","2023","Office of the Scottish Charity Regulator","Outside London","45","40","39790","33520"
"In post","2023","Office of the Secretary of State for Scotland (incl. Office of the Advocate General for Scotland)","London","45","45","50640","43650"
"In post","2023","Office of the Secretary of State for Scotland (incl. Office of the Advocate General for Scotland)","Outside London","80","80","52820","52360"
"In post","2023","Office of the Secretary of State for Wales","London","20","20","53270","50160"
"In post","2023","Office of the Secretary of State for Wales","Outside London","25","25","43780","37680"
"In post","2023","Planning Inspectorate","London","30","25","61320","60050"
"In post","2023","Planning Inspectorate","Outside London","855","780","45990","43740"
"In post","2023","Queen Elizabeth II Centre","London","40","40","42100","39000"
"In post","2023","Registers of Scotland","Outside London","1185","1140","35760","32510"
"In post","2023","Revenue Scotland","Outside London","85","85","43190","38330"
"In post","2023","Royal Fleet Auxiliary","Unknown","1695","1695","41950","40010"
"In post","2023","Rural Payments Agency","London","[c]","[c]","[c]","[c]"
"In post","2023","Rural Payments Agency","Outside London","2815","2600","26990","22150"
"In post","2023","Scottish Courts and Tribunals Service","Outside London","1960","1790","30450","25060"
"In post","2023","Scottish Fiscal Commission","Outside London","25","25","50710","49860"
"In post","2023","Scottish Forestry","Outside London","220","210","38240","38210"
"In post","2023","Scottish Government (excl. agencies)","London","15","15","53820","46390"
"In post","2023","Scottish Government (excl. agencies)","Outside London","9140","8765","47020","42860"
"In post","2023","Scottish Government (excl. agencies)","Overseas","20","20","76250","76030"
"In post","2023","Scottish Housing Regulator","Outside London","50","50","55540","51110"
"In post","2023","Scottish Prison Service","Outside London","4540","4260","35040","37060"
"In post","2023","Scottish Public Pensions Agency","Outside London","370","345","32070","27740"
"In post","2023","Serious Fraud Office","London","460","450","48650","42500"
"In post","2023","Social Security Scotland","Outside London","4025","3855","31460","29100"
"In post","2023","Standards and Testing Agency","London","40","40","49030","46600"
"In post","2023","Standards and Testing Agency","Outside London","90","85","40590","37590"
"In post","2023","Student Awards Agency for Scotland","Outside London","265","255","33190","29450"
"In post","2023","Submarine Delivery Agency","Outside London","2065","2010","43210","41200"
"In post","2023","Submarine Delivery Agency","Overseas","25","25","52350","43590"
"In post","2023","Teaching Regulation Agency","Outside London","85","80","32490","30330"
"In post","2023","The Insolvency Service","London","340","320","41850","38030"
"In post","2023","The Insolvency Service","Outside London","1310","1240","33410","31620"
"In post","2023","The National Archives","London","585","560","37430","34940"
"In post","2023","The National Archives","Outside London","5","5","[c]","[c]"
"In post","2023","Transport Scotland","Outside London","530","515","48720","49860"
"In post","2023","UK Debt Management Office","London","115","115","62440","57000"
"In post","2023","UK Export Finance","London","495","490","54840","50330"
"In post","2023","UK Export Finance","Outside London","25","25","54830","52180"
"In post","2023","UK Health Security Agency","London","2220","2115","49140","41280"
"In post","2023","UK Health Security Agency","Outside London","3195","3015","44100","38170"
"In post","2023","UK Health Security Agency","Overseas","[c]","[c]","[c]","[c]"
"In post","2023","UK Hydrographic Office","Outside London","940","895","37510","34370"
"In post","2023","UK Hydrographic Office","Overseas","[c]","[c]","[c]","[c]"
"In post","2023","UK Space Agency","London","155","155","49470","41540"
"In post","2023","UK Space Agency","Outside London","110","110","45920","50490"
"In post","2023","UK Statistics Authority","London","320","310","48460","42190"
"In post","2023","UK Statistics Authority","Outside London","5815","5200","34750","31560"
"In post","2023","UK Supreme Court","London","55","55","38100","33450"
"In post","2023","Valuation Office Agency","London","660","630","42860","37950"
"In post","2023","Valuation Office Agency","Outside London","3325","3110","34290","29570"
"In post","2023","Vehicle Certification Agency","Outside London","200","190","35110","34620"
"In post","2023","Vehicle Certification Agency","Overseas","10","10","69120","68310"
"In post","2023","Vehicle Certification Agency","Unknown","[c]","[c]","[c]","[c]"
"In post","2023","Veterinary Medicines Directorate","Outside London","165","160","43210","40260"
"In post","2023","Water Services Regulation Authority","London","80","75","65200","63460"
"In post","2023","Water Services Regulation Authority","Outside London","185","180","52840","48000"
"In post","2023","Welsh Government (excl. agencies)","London","10","10","56210","49760"
"In post","2023","Welsh Government (excl. agencies)","Outside London","5945","5615","43660","39690"
"In post","2023","Welsh Government (excl. agencies)","Overseas","15","15","59350","63900"
"In post","2023","Welsh Revenue Authority","London","[c]","[c]","[c]","[c]"
"In post","2023","Welsh Revenue Authority","Outside London","80","80","46800","43660"
"In post","2023","Wilton Park","Outside London","85","80","35870","31620"
"Leaver CS","2023","Accountant in Bankruptcy","Outside London","[c]","[c]","[c]","[c]"
"Leaver CS","2023","Advisory, Conciliation and Arbitration Service","London","20","[c]","47290","48040"
"Leaver CS","2023","Advisory, Conciliation and Arbitration Service","Outside London","65","[c]","36680","32110"
"Leaver CS","2023","Animal and Plant Health Agency","London","50","[c]","31480","25920"
"Leaver CS","2023","Animal and Plant Health Agency","Outside London","235","[c]","29890","25920"
"Leaver CS","2023","Animal and Plant Health Agency","Unknown","5","[c]","[c]","[c]"
"Leaver CS","2023","Attorney General's Office","London","5","[c]","[c]","[c]"
"Leaver CS","2023","Building Digital UK","London","35","[c]","40400","35620"
"Leaver CS","2023","Cabinet Office (excl. agencies)","London","515","[c]","51250","54700"
"Leaver CS","2023","Cabinet Office (excl. agencies)","Outside London","240","[c]","35890","33300"
"Leaver CS","2023","Cabinet Office (excl. agencies)","Unknown","10","[c]","37690","32510"
"Leaver CS","2023","Central Civil Service Fast Stream","London","80","[c]","30830","30130"
"Leaver CS","2023","Central Civil Service Fast Stream","Outside London","15","[c]","30410","30130"
"Leaver CS","2023","Central Civil Service Fast Stream","Unknown","15","[c]","29490","29250"
"Leaver CS","2023","Centre for Environment, Fisheries and Aquaculture Science","Outside London","55","[c]","33140","29750"
"Leaver CS","2023","Charity Commission","London","10","[c]","39570","38800"
"Leaver CS","2023","Charity Commission","Outside London","40","[c]","31290","29160"
"Leaver CS","2023","Companies House","Outside London","100","[c]","32520","25610"
"Leaver CS","2023","Competition and Markets Authority","London","115","[c]","55200","53530"
"Leaver CS","2023","Competition and Markets Authority","Outside London","5","[c]","[c]","[c]"
"Leaver CS","2023","Criminal Injuries Compensation Authority","Outside London","10","[c]","[c]","[c]"
"Leaver CS","2023","Crown Commercial Service","London","10","[c]","[c]","[c]"
"Leaver CS","2023","Crown Commercial Service","Outside London","70","[c]","38630","35290"
"Leaver CS","2023","Crown Office and Procurator Fiscal Service","Outside London","120","[c]","34390","24490"
"Leaver CS","2023","Crown Prosecution Service","London","120","[c]","37730","28540"
"Leaver CS","2023","Crown Prosecution Service","Outside London","350","[c]","38910","32980"
"Leaver CS","2023","Defence Electronics and Components Agency","Outside London","30","[c]","32060","30060"
"Leaver CS","2023","Defence Equipment and Support","London","15","[c]","29490","28690"
"Leaver CS","2023","Defence Equipment and Support","Outside London","910","[c]","38000","33990"
"Leaver CS","2023","Defence Equipment and Support","Overseas","[c]","[c]","[c]","[c]"
"Leaver CS","2023","Defence Science and Technology Laboratory","Outside London","360","[c]","37090","38070"
"Leaver CS","2023","Department for Business, Energy and Industrial Strategy (excl. agencies)","London","515","[c]","48260","41360"
"Leaver CS","2023","Department for Business, Energy and Industrial Strategy (excl. agencies)","Outside London","55","[c]","39480","31120"
"Leaver CS","2023","Department for Digital, Culture, Media and Sport (excl. agencies)","London","205","[c]","45810","42120"
"Leaver CS","2023","Department for Education (excl. agencies)","London","145","[c]","45180","41720"
"Leaver CS","2023","Department for Education (excl. agencies)","Outside London","300","[c]","41190","37590"
"Leaver CS","2023","Department for Environment, Food and Rural Affairs (excl. agencies)","London","250","[c]","[c]","[c]"
"Leaver CS","2023","Department for Environment, Food and Rural Affairs (excl. agencies)","Outside London","300","[c]","[c]","[c]"
"Leaver CS","2023","Department for Environment, Food and Rural Affairs (excl. agencies)","Unknown","[c]","[c]","[c]","[c]"
"Leaver CS","2023","Department for International Trade","London","215","[c]","42100","38160"
"Leaver CS","2023","Department for International Trade","Outside London","40","[c]","38090","36250"
"Leaver CS","2023","Department for International Trade","Overseas","5","[c]","[c]","[c]"
"Leaver CS","2023","Department for Levelling Up, Housing and Communities (excl. agencies)","London","205","[c]","45690","39600"
"Leaver CS","2023","Department for Levelling Up, Housing and Communities (excl. agencies)","Outside London","110","[c]","36250","34520"
"Leaver CS","2023","Department for Transport (excl. agencies)","London","195","[c]","50270","44570"
"Leaver CS","2023","Department for Transport (excl. agencies)","Outside London","65","[c]","42580","38650"
"Leaver CS","2023","Department for Work and Pensions (excl. agencies)","London","1065","[c]","33380","31060"
"Leaver CS","2023","Department for Work and Pensions (excl. agencies)","Outside London","7075","[c]","26920","27570"
"Leaver CS","2023","Department for Work and Pensions (excl. agencies)","Unknown","65","[c]","26810","27570"
"Leaver CS","2023","Department of Health and Social Care (excl. agencies)","London","320","[c]","[c]","[c]"
"Leaver CS","2023","Department of Health and Social Care (excl. agencies)","Outside London","135","[c]","[c]","[c]"
"Leaver CS","2023","Department of Health and Social Care (excl. agencies)","Unknown","50","[c]","[c]","[c]"
"Leaver CS","2023","Disclosure Scotland","Outside London","20","[c]","31970","29450"
"Leaver CS","2023","Driver and Vehicle Licensing Agency","Outside London","600","[c]","24670","22500"
"Leaver CS","2023","Driver and Vehicle Standards Agency","London","55","[c]","31290","30960"
"Leaver CS","2023","Driver and Vehicle Standards Agency","Outside London","525","[c]","28430","26960"
"Leaver CS","2023","Education Scotland","Outside London","20","[c]","60950","70920"
"Leaver CS","2023","Education and Skills Funding Agency","London","10","[c]","60070","55020"
"Leaver CS","2023","Education and Skills Funding Agency","Outside London","55","[c]","42690","38210"
"Leaver CS","2023","Estyn","Outside London","15","[c]","46230","30610"
"Leaver CS","2023","FCDO Services","London","15","[c]","45220","39110"
"Leaver CS","2023","FCDO Services","Outside London","60","[c]","35000","31590"
"Leaver CS","2023","FCDO Services","Overseas","[c]","[c]","[c]","[c]"
"Leaver CS","2023","Food Standards Agency","London","15","[c]","46690","42230"
"Leaver CS","2023","Food Standards Agency","Outside London","80","[c]","35330","30810"
"Leaver CS","2023","Food Standards Scotland","Outside London","25","[c]","37560","34730"
"Leaver CS","2023","Foreign, Commonwealth and Development Office (excl. agencies)","London","225","[c]","[c]","[c]"
"Leaver CS","2023","Foreign, Commonwealth and Development Office (excl. agencies)","Outside London","80","[c]","[c]","[c]"
"Leaver CS","2023","Foreign, Commonwealth and Development Office (excl. agencies)","Overseas","40","[c]","[c]","[c]"
"Leaver CS","2023","Forestry and Land Scotland","Outside London","115","[c]","33430","29560"
"Leaver CS","2023","Government Actuary's Department","London","35","[c]","56720","39860"
"Leaver CS","2023","Government Actuary's Department","Outside London","[c]","[c]","[c]","[c]"
"Leaver CS","2023","Government Commercial Organisation","London","90","[c]","77380","69430"
"Leaver CS","2023","Government Commercial Organisation","Outside London","55","[c]","71720","66990"
"Leaver CS","2023","Government Commercial Organisation","Unknown","5","[c]","[c]","[c]"
"Leaver CS","2023","Government Internal Audit Agency","London","20","[c]","50550","49800"
"Leaver CS","2023","Government Internal Audit Agency","Outside London","20","[c]","44040","43430"
"Leaver CS","2023","Government Internal Audit Agency","Unknown","[c]","[c]","[c]","[c]"
"Leaver CS","2023","Government Legal Department","London","240","[c]","53340","52760"
"Leaver CS","2023","Government Legal Department","Outside London","15","[c]","46750","42580"
"Leaver CS","2023","Government Property Agency","London","10","[c]","[c]","[c]"
"Leaver CS","2023","Government Property Agency","Outside London","20","[c]","43620","36230"
"Leaver CS","2023","HM Courts and Tribunals Service","London","515","[c]","30060","25480"
"Leaver CS","2023","HM Courts and Tribunals Service","Outside London","1490","[c]","23900","21780"
"Leaver CS","2023","HM Courts and Tribunals Service","Unknown","5","[c]","[c]","[c]"
"Leaver CS","2023","HM Land Registry","London","65","[c]","39950","36280"
"Leaver CS","2023","HM Land Registry","Outside London","430","[c]","33440","28080"
"Leaver CS","2023","HM Prison and Probation Service","London","890","[c]","[c]","[c]"
"Leaver CS","2023","HM Prison and Probation Service","Outside London","6370","[c]","35950","29460"
"Leaver CS","2023","HM Prison and Probation Service","Unknown","20","[c]","[c]","[c]"
"Leaver CS","2023","HM Revenue and Customs (excl. agencies)","London","515","[c]","[c]","[c]"
"Leaver CS","2023","HM Revenue and Customs (excl. agencies)","Outside London","3810","[c]","[c]","[c]"
"Leaver CS","2023","HM Treasury (excl. agencies)","London","265","[c]","43960","37950"
"Leaver CS","2023","HM Treasury (excl. agencies)","Outside London","20","[c]","31710","29320"
"Leaver CS","2023","Health and Safety Executive","London","20","[c]","37060","31660"
"Leaver CS","2023","Health and Safety Executive","Outside London","195","[c]","42670","40790"
"Leaver CS","2023","Home Office","London","990","[c]","40380","36000"
"Leaver CS","2023","Home Office","Outside London","1510","[c]","27640","25880"
"Leaver CS","2023","Home Office","Overseas","5","[c]","[c]","[c]"
"Leaver CS","2023","Home Office","Unknown","15","[c]","38800","29590"
"Leaver CS","2023","Institute for Apprenticeships and Technical Education","London","10","[c]","54010","54760"
"Leaver CS","2023","Institute for Apprenticeships and Technical Education","Outside London","10","[c]","42650","37710"
"Leaver CS","2023","Intellectual Property Office","London","[c]","[c]","[c]","[c]"
"Leaver CS","2023","Intellectual Property Office","Outside London","90","[c]","36830","30640"
"Leaver CS","2023","Legal Aid Agency","London","10","[c]","[c]","[c]"
"Leaver CS","2023","Legal Aid Agency","Outside London","60","[c]","26990","21780"
"Leaver CS","2023","Maritime and Coastguard Agency","London","[c]","[c]","[c]","[c]"
"Leaver CS","2023","Maritime and Coastguard Agency","Outside London","185","[c]","34060","29090"
"Leaver CS","2023","Medicines and Healthcare Products Regulatory Agency","London","165","[c]","52270","42160"
"Leaver CS","2023","Medicines and Healthcare Products Regulatory Agency","Outside London","45","[c]","42270","40450"
"Leaver CS","2023","Met Office","London","[c]","[c]","[c]","[c]"
"Leaver CS","2023","Met Office","Outside London","160","[c]","35700","34660"
"Leaver CS","2023","Met Office","Overseas","[c]","[c]","[c]","[c]"
"Leaver CS","2023","Ministry of Defence (excl. agencies)","London","320","[c]","41960","38680"
"Leaver CS","2023","Ministry of Defence (excl. agencies)","Outside London","3015","[c]","32560","27740"
"Leaver CS","2023","Ministry of Defence (excl. agencies)","Overseas","75","[c]","49450","45660"
"Leaver CS","2023","Ministry of Defence (excl. agencies)","Unknown","5","[c]","[c]","[c]"
"Leaver CS","2023","Ministry of Justice (excl. agencies)","London","360","[c]","46490","43650"
"Leaver CS","2023","Ministry of Justice (excl. agencies)","Outside London","195","[c]","39860","34110"
"Leaver CS","2023","Ministry of Justice (excl. agencies)","Unknown","[c]","[c]","[c]","[c]"
"Leaver CS","2023","National Crime Agency","London","115","[c]","48270","43330"
"Leaver CS","2023","National Crime Agency","Outside London","230","[c]","38450","38310"
"Leaver CS","2023","National Crime Agency","Overseas","15","[c]","55950","52610"
"Leaver CS","2023","National Crime Agency","Unknown","10","[c]","[c]","[c]"
"Leaver CS","2023","National Infrastructure Commission","London","10","[c]","[c]","[c]"
"Leaver CS","2023","National Records of Scotland","Outside London","45","[c]","33060","29450"
"Leaver CS","2023","National Savings and Investments","London","25","[c]","50100","44000"
"Leaver CS","2023","National Savings and Investments","Outside London","[c]","[c]","[c]","[c]"
"Leaver CS","2023","Northern Ireland Office","London","5","[c]","[c]","[c]"
"Leaver CS","2023","Northern Ireland Office","Outside London","5","[c]","[c]","[c]"
"Leaver CS","2023","Office for Budget Responsibility","London","5","[c]","[c]","[c]"
"Leaver CS","2023","Office for Standards in Education, Children's Services and Skills","London","40","[c]","43760","36330"
"Leaver CS","2023","Office for Standards in Education, Children's Services and Skills","Outside London","195","[c]","56720","52750"
"Leaver CS","2023","Office of Gas and Electricity Markets","London","160","[c]","48990","40880"
"Leaver CS","2023","Office of Gas and Electricity Markets","Outside London","95","[c]","37920","35000"
"Leaver CS","2023","Office of Qualifications and Examinations Regulation","Outside London","25","[c]","51300","39140"
"Leaver CS","2023","Office of Rail and Road","London","30","[c]","52220","54890"
"Leaver CS","2023","Office of Rail and Road","Outside London","10","[c]","[c]","[c]"
"Leaver CS","2023","Office of the Public Guardian","Outside London","100","[c]","23000","21780"
"Leaver CS","2023","Office of the Scottish Charity Regulator","Outside London","[c]","[c]","[c]","[c]"
"Leaver CS","2023","Office of the Secretary of State for Scotland (incl. Office of the Advocate General for Scotland)","London","5","[c]","[c]","[c]"
"Leaver CS","2023","Office of the Secretary of State for Scotland (incl. Office of the Advocate General for Scotland)","Outside London","5","[c]","[c]","[c]"
"Leaver CS","2023","Office of the Secretary of State for Wales","London","5","[c]","[c]","[c]"
"Leaver CS","2023","Office of the Secretary of State for Wales","Outside London","[c]","[c]","[c]","[c]"
"Leaver CS","2023","Planning Inspectorate","London","[c]","[c]","[c]","[c]"
"Leaver CS","2023","Planning Inspectorate","Outside London","65","[c]","42690","40720"
"Leaver CS","2023","Queen Elizabeth II Centre","London","10","[c]","[c]","[c]"
"Leaver CS","2023","Registers of Scotland","Outside London","45","[c]","37800","37710"
"Leaver CS","2023","Revenue Scotland","Outside London","[c]","[c]","[c]","[c]"
"Leaver CS","2023","Royal Fleet Auxiliary","Unknown","200","[c]","36910","34110"
"Leaver CS","2023","Rural Payments Agency","London","[c]","[c]","[c]","[c]"
"Leaver CS","2023","Rural Payments Agency","Outside London","210","[c]","24220","22150"
"Leaver CS","2023","Scottish Courts and Tribunals Service","Outside London","160","[c]","29000","25060"
"Leaver CS","2023","Scottish Fiscal Commission","Outside London","[c]","[c]","[c]","[c]"
"Leaver CS","2023","Scottish Forestry","Outside London","15","[c]","40930","40510"
"Leaver CS","2023","Scottish Government (excl. agencies)","London","[c]","[c]","[c]","[c]"
"Leaver CS","2023","Scottish Government (excl. agencies)","Outside London","495","[c]","43310","38330"
"Leaver CS","2023","Scottish Government (excl. agencies)","Overseas","[c]","[c]","[c]","[c]"
"Leaver CS","2023","Scottish Prison Service","Outside London","405","[c]","33340","37060"
"Leaver CS","2023","Scottish Public Pensions Agency","Outside London","10","[c]","[c]","[c]"
"Leaver CS","2023","Serious Fraud Office","London","70","[c]","46110","42010"
"Leaver CS","2023","Social Security Scotland","Outside London","160","[c]","28980","24890"
"Leaver CS","2023","Standards and Testing Agency","London","[c]","[c]","[c]","[c]"
"Leaver CS","2023","Standards and Testing Agency","Outside London","5","[c]","[c]","[c]"
"Leaver CS","2023","Student Awards Agency for Scotland","Outside London","30","[c]","24970","22180"
"Leaver CS","2023","Submarine Delivery Agency","Outside London","170","[c]","41920","38790"
"Leaver CS","2023","Teaching Regulation Agency","Outside London","[c]","[c]","[c]","[c]"
"Leaver CS","2023","The Insolvency Service","London","10","[c]","41870","43500"
"Leaver CS","2023","The Insolvency Service","Outside London","85","[c]","29050","22180"
"Leaver CS","2023","The National Archives","London","90","[c]","33050","29840"
"Leaver CS","2023","Transport Scotland","Outside London","40","[c]","44510","38330"
"Leaver CS","2023","UK Debt Management Office","London","15","[c]","54110","50000"
"Leaver CS","2023","UK Export Finance","London","75","[c]","53410","42000"
"Leaver CS","2023","UK Export Finance","Outside London","[c]","[c]","[c]","[c]"
"Leaver CS","2023","UK Health Security Agency","London","810","[c]","44520","40070"
"Leaver CS","2023","UK Health Security Agency","Outside London","1105","[c]","38070","33710"
"Leaver CS","2023","UK Health Security Agency","Overseas","[c]","[c]","[c]","[c]"
"Leaver CS","2023","UK Hydrographic Office","Outside London","85","[c]","33670","31090"
"Leaver CS","2023","UK Space Agency","London","15","[c]","47680","41540"
"Leaver CS","2023","UK Space Agency","Outside London","15","[c]","49950","50680"
"Leaver CS","2023","UK Statistics Authority","London","35","[c]","43060","39840"
"Leaver CS","2023","UK Statistics Authority","Outside London","660","[c]","29150","21200"
"Leaver CS","2023","UK Supreme Court","London","20","[c]","36820","37230"
"Leaver CS","2023","Valuation Office Agency","London","50","[c]","43310","45750"
"Leaver CS","2023","Valuation Office Agency","Outside London","210","[c]","33190","27000"
"Leaver CS","2023","Vehicle Certification Agency","Outside London","20","[c]","32640","31460"
"Leaver CS","2023","Veterinary Medicines Directorate","Outside London","15","[c]","42830","40260"
"Leaver CS","2023","Water Services Regulation Authority","Outside London","40","[c]","48110","45420"
"Leaver CS","2023","Welsh Government (excl. agencies)","Outside London","210","[c]","41790","38160"
"Leaver CS","2023","Welsh Revenue Authority","Outside London","[c]","[c]","[c]","[c]"
"Leaver CS","2023","Wilton Park","Outside London","10","[c]","34050","25860"
"Leaver Dept.","2023","Active Travel England","London","[c]","[c]","[c]","[c]"
"Leaver Dept.","2023","Active Travel England","Outside London","[c]","[c]","[c]","[c]"
"Leaver Dept.","2023","Advisory, Conciliation and Arbitration Service","London","5","[c]","[c]","[c]"
"Leaver Dept.","2023","Advisory, Conciliation and Arbitration Service","Outside London","20","[c]","26380","25160"
"Leaver Dept.","2023","Animal and Plant Health Agency","London","10","[c]","[c]","[c]"
"Leaver Dept.","2023","Animal and Plant Health Agency","Outside London","50","[c]","27890","25920"
"Leaver Dept.","2023","Attorney General's Office","London","15","[c]","50230","52560"
"Leaver Dept.","2023","Building Digital UK","London","30","[c]","44080","38280"
"Leaver Dept.","2023","Cabinet Office (excl. agencies)","London","845","[c]","48060","41870"
"Leaver Dept.","2023","Cabinet Office (excl. agencies)","Outside London","230","[c]","35870","33020"
"Leaver Dept.","2023","Cabinet Office (excl. agencies)","Unknown","30","[c]","39830","34530"
"Leaver Dept.","2023","Central Civil Service Fast Stream","London","385","[c]","31850","32000"
"Leaver Dept.","2023","Central Civil Service Fast Stream","Outside London","100","[c]","31830","32000"
"Leaver Dept.","2023","Central Civil Service Fast Stream","Unknown","35","[c]","31080","32000"
"Leaver Dept.","2023","Centre for Environment, Fisheries and Aquaculture Science","Outside London","[c]","[c]","[c]","[c]"
"Leaver Dept.","2023","Charity Commission","London","5","[c]","[c]","[c]"
"Leaver Dept.","2023","Charity Commission","Outside London","15","[c]","28770","29160"
"Leaver Dept.","2023","Companies House","Outside London","40","[c]","37350","32900"
"Leaver Dept.","2023","Competition and Markets Authority","London","30","[c]","45590","34620"
"Leaver Dept.","2023","Competition and Markets Authority","Outside London","5","[c]","[c]","[c]"
"Leaver Dept.","2023","Criminal Injuries Compensation Authority","Outside London","20","[c]","25910","25470"
"Leaver Dept.","2023","Crown Commercial Service","London","[c]","[c]","[c]","[c]"
"Leaver Dept.","2023","Crown Commercial Service","Outside London","30","[c]","37190","38980"
"Leaver Dept.","2023","Crown Office and Procurator Fiscal Service","Outside London","10","[c]","[c]","[c]"
"Leaver Dept.","2023","Crown Prosecution Service","London","45","[c]","38840","32660"
"Leaver Dept.","2023","Crown Prosecution Service","Outside London","85","[c]","36290","31180"
"Leaver Dept.","2023","Defence Electronics and Components Agency","Outside London","[c]","[c]","[c]","[c]"
"Leaver Dept.","2023","Defence Equipment and Support","Outside London","50","[c]","37970","36490"
"Leaver Dept.","2023","Defence Equipment and Support","Overseas","[c]","[c]","[c]","[c]"
"Leaver Dept.","2023","Defence Science and Technology Laboratory","Outside London","60","[c]","42360","39890"
"Leaver Dept.","2023","Department for Business, Energy and Industrial Strategy (excl. agencies)","London","435","[c]","45470","40050"
"Leaver Dept.","2023","Department for Business, Energy and Industrial Strategy (excl. agencies)","Outside London","55","[c]","36690","31120"
"Leaver Dept.","2023","Department for Digital, Culture, Media and Sport (excl. agencies)","London","220","[c]","45680","38280"
"Leaver Dept.","2023","Department for Education (excl. agencies)","London","175","[c]","48770","41720"
"Leaver Dept.","2023","Department for Education (excl. agencies)","Outside London","285","[c]","40690","37590"
"Leaver Dept.","2023","Department for Environment, Food and Rural Affairs (excl. agencies)","London","235","[c]","[c]","[c]"
"Leaver Dept.","2023","Department for Environment, Food and Rural Affairs (excl. agencies)","Outside London","220","[c]","[c]","[c]"
"Leaver Dept.","2023","Department for International Trade","London","190","[c]","43030","38160"
"Leaver Dept.","2023","Department for International Trade","Outside London","20","[c]","40610","34770"
"Leaver Dept.","2023","Department for International Trade","Overseas","10","[c]","[c]","[c]"
"Leaver Dept.","2023","Department for Levelling Up, Housing and Communities (excl. agencies)","London","305","[c]","44230","39600"
"Leaver Dept.","2023","Department for Levelling Up, Housing and Communities (excl. agencies)","Outside London","135","[c]","38080","35400"
"Leaver Dept.","2023","Department for Transport (excl. agencies)","London","190","[c]","45890","42470"
"Leaver Dept.","2023","Department for Transport (excl. agencies)","Outside London","40","[c]","38600","34440"
"Leaver Dept.","2023","Department for Work and Pensions (excl. agencies)","London","435","[c]","37660","32520"
"Leaver Dept.","2023","Department for Work and Pensions (excl. agencies)","Outside London","2220","[c]","28600","28120"
"Leaver Dept.","2023","Department for Work and Pensions (excl. agencies)","Unknown","40","[c]","31830","28120"
"Leaver Dept.","2023","Department of Health and Social Care (excl. agencies)","London","280","[c]","[c]","[c]"
"Leaver Dept.","2023","Department of Health and Social Care (excl. agencies)","Outside London","90","[c]","[c]","[c]"
"Leaver Dept.","2023","Department of Health and Social Care (excl. agencies)","Unknown","35","[c]","[c]","[c]"
"Leaver Dept.","2023","Disclosure Scotland","Outside London","[c]","[c]","[c]","[c]"
"Leaver Dept.","2023","Driver and Vehicle Licensing Agency","Outside London","210","[c]","29240","27190"
"Leaver Dept.","2023","Driver and Vehicle Standards Agency","London","[c]","[c]","[c]","[c]"
"Leaver Dept.","2023","Driver and Vehicle Standards Agency","Outside London","120","[c]","31200","26960"
"Leaver Dept.","2023","Education Scotland","Outside London","[c]","[c]","[c]","[c]"
"Leaver Dept.","2023","Education and Skills Funding Agency","London","5","[c]","[c]","[c]"
"Leaver Dept.","2023","Education and Skills Funding Agency","Outside London","50","[c]","41180","37590"
"Leaver Dept.","2023","Estyn","Outside London","[c]","[c]","[c]","[c]"
"Leaver Dept.","2023","FCDO Services","Outside London","[c]","[c]","[c]","[c]"
"Leaver Dept.","2023","FCDO Services","Overseas","[c]","[c]","[c]","[c]"
"Leaver Dept.","2023","Food Standards Agency","London","25","[c]","39520","40650"
"Leaver Dept.","2023","Food Standards Agency","Outside London","35","[c]","39010","36100"
"Leaver Dept.","2023","Food Standards Scotland","Outside London","[c]","[c]","[c]","[c]"
"Leaver Dept.","2023","Foreign, Commonwealth and Development Office (excl. agencies)","London","160","[c]","[c]","[c]"
"Leaver Dept.","2023","Foreign, Commonwealth and Development Office (excl. agencies)","Outside London","40","[c]","[c]","[c]"
"Leaver Dept.","2023","Foreign, Commonwealth and Development Office (excl. agencies)","Overseas","25","[c]","[c]","[c]"
"Leaver Dept.","2023","Forestry and Land Scotland","Outside London","20","[c]","40920","40510"
"Leaver Dept.","2023","Government Actuary's Department","London","5","[c]","[c]","[c]"
"Leaver Dept.","2023","Government Commercial Organisation","London","15","[c]","58630","56200"
"Leaver Dept.","2023","Government Commercial Organisation","Outside London","10","[c]","[c]","[c]"
"Leaver Dept.","2023","Government Commercial Organisation","Unknown","[c]","[c]","[c]","[c]"
"Leaver Dept.","2023","Government Internal Audit Agency","London","5","[c]","[c]","[c]"
"Leaver Dept.","2023","Government Internal Audit Agency","Outside London","10","[c]","42080","41150"
"Leaver Dept.","2023","Government Legal Department","London","100","[c]","50060","51250"
"Leaver Dept.","2023","Government Legal Department","Outside London","10","[c]","[c]","[c]"
"Leaver Dept.","2023","Government Property Agency","London","5","[c]","[c]","[c]"
"Leaver Dept.","2023","Government Property Agency","Outside London","20","[c]","47600","44970"
"Leaver Dept.","2023","HM Courts and Tribunals Service","London","160","[c]","34320","29660"
"Leaver Dept.","2023","HM Courts and Tribunals Service","Outside London","340","[c]","25240","21780"
"Leaver Dept.","2023","HM Courts and Tribunals Service","Unknown","[c]","[c]","[c]","[c]"
"Leaver Dept.","2023","HM Crown Prosecution Service Inspectorate","London","[c]","[c]","[c]","[c]"
"Leaver Dept.","2023","HM Crown Prosecution Service Inspectorate","Outside London","[c]","[c]","[c]","[c]"
"Leaver Dept.","2023","HM Prison and Probation Service","London","175","[c]","[c]","[c]"
"Leaver Dept.","2023","HM Prison and Probation Service","Outside London","560","[c]","[c]","[c]"
"Leaver Dept.","2023","HM Revenue and Customs (excl. agencies)","London","255","[c]","[c]","[c]"
"Leaver Dept.","2023","HM Revenue and Customs (excl. agencies)","Outside London","1075","[c]","[c]","[c]"
"Leaver Dept.","2023","HM Treasury (excl. agencies)","London","235","[c]","47900","39050"
"Leaver Dept.","2023","HM Treasury (excl. agencies)","Outside London","20","[c]","43090","35960"
"Leaver Dept.","2023","Health and Safety Executive","London","[c]","[c]","[c]","[c]"
"Leaver Dept.","2023","Health and Safety Executive","Outside London","45","[c]","37250","32800"
"Leaver Dept.","2023","Home Office","London","650","[c]","45680","42170"
"Leaver Dept.","2023","Home Office","Outside London","545","[c]","30300","26750"
"Leaver Dept.","2023","Home Office","Overseas","5","[c]","[c]","[c]"
"Leaver Dept.","2023","Home Office","Unknown","[c]","[c]","[c]","[c]"
"Leaver Dept.","2023","Institute for Apprenticeships and Technical Education","London","10","[c]","[c]","[c]"
"Leaver Dept.","2023","Institute for Apprenticeships and Technical Education","Outside London","5","[c]","[c]","[c]"
"Leaver Dept.","2023","Intellectual Property Office","London","10","[c]","[c]","[c]"
"Leaver Dept.","2023","Intellectual Property Office","Outside London","25","[c]","40800","30780"
"Leaver Dept.","2023","Legal Aid Agency","London","[c]","[c]","[c]","[c]"
"Leaver Dept.","2023","Legal Aid Agency","Outside London","20","[c]","28070","25120"
"Leaver Dept.","2023","Maritime and Coastguard Agency","Outside London","25","[c]","30820","27450"
"Leaver Dept.","2023","Medicines and Healthcare Products Regulatory Agency","London","15","[c]","55040","41890"
"Leaver Dept.","2023","Medicines and Healthcare Products Regulatory Agency","Outside London","[c]","[c]","[c]","[c]"
"Leaver Dept.","2023","Met Office","Outside London","10","[c]","[c]","[c]"
"Leaver Dept.","2023","Ministry of Defence (excl. agencies)","London","150","[c]","46550","45750"
"Leaver Dept.","2023","Ministry of Defence (excl. agencies)","Outside London","415","[c]","33320","33300"
"Leaver Dept.","2023","Ministry of Defence (excl. agencies)","Overseas","10","[c]","[c]","[c]"
"Leaver Dept.","2023","Ministry of Defence (excl. agencies)","Unknown","[c]","[c]","[c]","[c]"
"Leaver Dept.","2023","Ministry of Justice (excl. agencies)","London","290","[c]","44660","42010"
"Leaver Dept.","2023","Ministry of Justice (excl. agencies)","Outside London","185","[c]","37270","36050"
"Leaver Dept.","2023","Ministry of Justice (excl. agencies)","Unknown","[c]","[c]","[c]","[c]"
"Leaver Dept.","2023","National Crime Agency","London","45","[c]","48850","42070"
"Leaver Dept.","2023","National Crime Agency","Outside London","55","[c]","35920","36230"
"Leaver Dept.","2023","National Crime Agency","Overseas","[c]","[c]","[c]","[c]"
"Leaver Dept.","2023","National Crime Agency","Unknown","[c]","[c]","[c]","[c]"
"Leaver Dept.","2023","National Infrastructure Commission","London","[c]","[c]","[c]","[c]"
"Leaver Dept.","2023","National Records of Scotland","Outside London","[c]","[c]","[c]","[c]"
"Leaver Dept.","2023","National Savings and Investments","London","[c]","[c]","[c]","[c]"
"Leaver Dept.","2023","National Savings and Investments","Outside London","[c]","[c]","[c]","[c]"
"Leaver Dept.","2023","Northern Ireland Office","London","25","[c]","[c]","[c]"
"Leaver Dept.","2023","Northern Ireland Office","Outside London","10","[c]","[c]","[c]"
"Leaver Dept.","2023","Office for Budget Responsibility","London","[c]","[c]","[c]","[c]"
"Leaver Dept.","2023","Office for Standards in Education, Children's Services and Skills","London","15","[c]","44440","44250"
"Leaver Dept.","2023","Office for Standards in Education, Children's Services and Skills","Outside London","30","[c]","42240","33130"
"Leaver Dept.","2023","Office of Gas and Electricity Markets","London","45","[c]","41410","34900"
"Leaver Dept.","2023","Office of Gas and Electricity Markets","Outside London","35","[c]","31100","30950"
"Leaver Dept.","2023","Office of Qualifications and Examinations Regulation","Outside London","15","[c]","48070","39140"
"Leaver Dept.","2023","Office of Rail and Road","London","10","[c]","[c]","[c]"
"Leaver Dept.","2023","Office of Rail and Road","Outside London","10","[c]","[c]","[c]"
"Leaver Dept.","2023","Office of the Public Guardian","Outside London","50","[c]","26860","25120"
"Leaver Dept.","2023","Office of the Secretary of State for Scotland (incl. Office of the Advocate General for Scotland)","London","10","[c]","[c]","[c]"
"Leaver Dept.","2023","Office of the Secretary of State for Scotland (incl. Office of the Advocate General for Scotland)","Outside London","[c]","[c]","[c]","[c]"
"Leaver Dept.","2023","Office of the Secretary of State for Wales","London","[c]","[c]","[c]","[c]"
"Leaver Dept.","2023","Office of the Secretary of State for Wales","Outside London","[c]","[c]","[c]","[c]"
"Leaver Dept.","2023","Planning Inspectorate","Outside London","15","[c]","39940","40720"
"Leaver Dept.","2023","Queen Elizabeth II Centre","London","[c]","[c]","[c]","[c]"
"Leaver Dept.","2023","Registers of Scotland","Outside London","15","[c]","45630","37710"
"Leaver Dept.","2023","Revenue Scotland","Outside London","[c]","[c]","[c]","[c]"
"Leaver Dept.","2023","Royal Fleet Auxiliary","Unknown","10","[c]","[c]","[c]"
"Leaver Dept.","2023","Rural Payments Agency","London","[c]","[c]","[c]","[c]"
"Leaver Dept.","2023","Rural Payments Agency","Outside London","65","[c]","24950","22150"
"Leaver Dept.","2023","Scottish Courts and Tribunals Service","Outside London","30","[c]","30710","28540"
"Leaver Dept.","2023","Scottish Forestry","Outside London","10","[c]","37950","32220"
"Leaver Dept.","2023","Scottish Government (excl. agencies)","Outside London","45","[c]","45940","42860"
"Leaver Dept.","2023","Scottish Government (excl. agencies)","Overseas","[c]","[c]","[c]","[c]"
"Leaver Dept.","2023","Scottish Prison Service","Outside London","10","[c]","[c]","[c]"
"Leaver Dept.","2023","Scottish Public Pensions Agency","Outside London","[c]","[c]","[c]","[c]"
"Leaver Dept.","2023","Serious Fraud Office","London","25","[c]","48970","47140"
"Leaver Dept.","2023","Social Security Scotland","Outside London","20","[c]","33300","30440"
"Leaver Dept.","2023","Standards and Testing Agency","London","[c]","[c]","[c]","[c]"
"Leaver Dept.","2023","Standards and Testing Agency","Outside London","5","[c]","[c]","[c]"
"Leaver Dept.","2023","Student Awards Agency for Scotland","Outside London","[c]","[c]","[c]","[c]"
"Leaver Dept.","2023","Submarine Delivery Agency","Outside London","15","[c]","40530","38790"
"Leaver Dept.","2023","Teaching Regulation Agency","Outside London","[c]","[c]","[c]","[c]"
"Leaver Dept.","2023","The Insolvency Service","London","15","[c]","31690","26900"
"Leaver Dept.","2023","The Insolvency Service","Outside London","60","[c]","27870","22180"
"Leaver Dept.","2023","The National Archives","London","10","[c]","35020","35040"
"Leaver Dept.","2023","UK Export Finance","London","15","[c]","39230","34000"
"Leaver Dept.","2023","UK Health Security Agency","London","100","[c]","45370","40650"
"Leaver Dept.","2023","UK Health Security Agency","Outside London","110","[c]","40540","36820"
"Leaver Dept.","2023","UK Hydrographic Office","Outside London","10","[c]","[c]","[c]"
"Leaver Dept.","2023","UK Space Agency","London","25","[c]","43520","41360"
"Leaver Dept.","2023","UK Space Agency","Outside London","10","[c]","[c]","[c]"
"Leaver Dept.","2023","UK Statistics Authority","London","40","[c]","40830","34560"
"Leaver Dept.","2023","UK Statistics Authority","Outside London","205","[c]","33420","31060"
"Leaver Dept.","2023","UK Supreme Court","London","[c]","[c]","[c]","[c]"
"Leaver Dept.","2023","Valuation Office Agency","London","10","[c]","40200","38600"
"Leaver Dept.","2023","Valuation Office Agency","Outside London","80","[c]","28620","22520"
"Leaver Dept.","2023","Vehicle Certification Agency","Outside London","5","[c]","[c]","[c]"
"Leaver Dept.","2023","Veterinary Medicines Directorate","Outside London","[c]","[c]","[c]","[c]"
"Leaver Dept.","2023","Water Services Regulation Authority","Outside London","10","[c]","50220","51630"
"Leaver Dept.","2023","Welsh Government (excl. agencies)","Outside London","70","[c]","42720","38160"
"Leaver Dept.","2023","Welsh Revenue Authority","Outside London","5","[c]","[c]","[c]"
"Leaver Dept.","2023","Wilton Park","Outside London","5","[c]","[c]","[c]"
"New entrant CS","2023","Accountant in Bankruptcy","Outside London","15","[c]","24540","22180"
"New entrant CS","2023","Active Travel England","Outside London","30","[c]","52100","40560"
"New entrant CS","2023","Advisory, Conciliation and Arbitration Service","London","5","[c]","[c]","[c]"
"New entrant CS","2023","Advisory, Conciliation and Arbitration Service","Outside London","40","[c]","28900","25160"
"New entrant CS","2023","Animal and Plant Health Agency","London","10","[c]","[c]","[c]"
"New entrant CS","2023","Animal and Plant Health Agency","Outside London","535","[c]","26670","25340"
"New entrant CS","2023","Animal and Plant Health Agency","Unknown","[c]","[c]","[c]","[c]"
"New entrant CS","2023","Attorney General's Office","London","10","[c]","26120","24280"
"New entrant CS","2023","Building Digital UK","London","25","[c]","36850","35040"
"New entrant CS","2023","Building Digital UK","Outside London","25","[c]","35560","31880"
"New entrant CS","2023","Cabinet Office (excl. agencies)","London","240","[c]","41110","35240"
"New entrant CS","2023","Cabinet Office (excl. agencies)","Outside London","275","[c]","34840","32640"
"New entrant CS","2023","Cabinet Office (excl. agencies)","Unknown","40","[c]","37880","24330"
"New entrant CS","2023","Central Civil Service Fast Stream","London","345","[c]","28840","28840"
"New entrant CS","2023","Central Civil Service Fast Stream","Outside London","145","[c]","28900","28840"
"New entrant CS","2023","Central Civil Service Fast Stream","Unknown","10","[c]","[c]","[c]"
"New entrant CS","2023","Centre for Environment, Fisheries and Aquaculture Science","Outside London","65","[c]","28810","25970"
"New entrant CS","2023","Charity Commission","London","10","[c]","38760","38800"
"New entrant CS","2023","Charity Commission","Outside London","70","[c]","31000","30170"
"New entrant CS","2023","Companies House","London","[c]","[c]","[c]","[c]"
"New entrant CS","2023","Companies House","Outside London","320","[c]","31260","25610"
"New entrant CS","2023","Competition and Markets Authority","London","130","[c]","44880","34110"
"New entrant CS","2023","Competition and Markets Authority","Outside London","35","[c]","43810","34110"
"New entrant CS","2023","Criminal Injuries Compensation Authority","London","[c]","[c]","[c]","[c]"
"New entrant CS","2023","Criminal Injuries Compensation Authority","Outside London","40","[c]","23980","21780"
"New entrant CS","2023","Crown Commercial Service","London","[c]","[c]","[c]","[c]"
"New entrant CS","2023","Crown Commercial Service","Outside London","45","[c]","32170","31640"
"New entrant CS","2023","Crown Office and Procurator Fiscal Service","Outside London","205","[c]","29860","22180"
"New entrant CS","2023","Crown Prosecution Service","London","200","[c]","32300","25600"
"New entrant CS","2023","Crown Prosecution Service","Outside London","675","[c]","29020","24430"
"New entrant CS","2023","Defence Electronics and Components Agency","Outside London","[c]","[c]","[c]","[c]"
"New entrant CS","2023","Defence Equipment and Support","London","10","[c]","32900","29250"
"New entrant CS","2023","Defence Equipment and Support","Outside London","1250","[c]","32440","32500"
"New entrant CS","2023","Defence Equipment and Support","Overseas","[c]","[c]","[c]","[c]"
"New entrant CS","2023","Defence Science and Technology Laboratory","Outside London","790","[c]","32160","30650"
"New entrant CS","2023","Department for Business, Energy and Industrial Strategy (excl. agencies)","London","240","[c]","37970","34410"
"New entrant CS","2023","Department for Business, Energy and Industrial Strategy (excl. agencies)","Outside London","210","[c]","35240","31120"
"New entrant CS","2023","Department for Digital, Culture, Media and Sport (excl. agencies)","London","120","[c]","36460","35040"
"New entrant CS","2023","Department for Digital, Culture, Media and Sport (excl. agencies)","Outside London","30","[c]","31030","31880"
"New entrant CS","2023","Department for Education (excl. agencies)","London","110","[c]","34980","29530"
"New entrant CS","2023","Department for Education (excl. agencies)","Outside London","295","[c]","35560","30330"
"New entrant CS","2023","Department for Environment, Food and Rural Affairs (excl. agencies)","London","410","[c]","42080","40260"
"New entrant CS","2023","Department for Environment, Food and Rural Affairs (excl. agencies)","Outside London","530","[c]","38870","37300"
"New entrant CS","2023","Department for Environment, Food and Rural Affairs (excl. agencies)","Unknown","[c]","[c]","[c]","[c]"
"New entrant CS","2023","Department for International Trade","London","350","[c]","37530","35010"
"New entrant CS","2023","Department for International Trade","Outside London","430","[c]","40870","39880"
"New entrant CS","2023","Department for Levelling Up, Housing and Communities (excl. agencies)","London","145","[c]","37720","33880"
"New entrant CS","2023","Department for Levelling Up, Housing and Communities (excl. agencies)","Outside London","90","[c]","33930","31290"
"New entrant CS","2023","Department for Transport (excl. agencies)","London","215","[c]","37930","35400"
"New entrant CS","2023","Department for Transport (excl. agencies)","Outside London","105","[c]","36590","31350"
"New entrant CS","2023","Department for Work and Pensions (excl. agencies)","London","235","[c]","37640","39150"
"New entrant CS","2023","Department for Work and Pensions (excl. agencies)","Outside London","3110","[c]","27410","21690"
"New entrant CS","2023","Department for Work and Pensions (excl. agencies)","Unknown","25","[c]","27910","28120"
"New entrant CS","2023","Department of Health and Social Care (excl. agencies)","London","185","[c]","36670","34190"
"New entrant CS","2023","Department of Health and Social Care (excl. agencies)","Outside London","95","[c]","34830","30370"
"New entrant CS","2023","Disclosure Scotland","Outside London","30","[c]","28060","22180"
"New entrant CS","2023","Driver and Vehicle Licensing Agency","Outside London","645","[c]","22960","22500"
"New entrant CS","2023","Driver and Vehicle Standards Agency","London","40","[c]","30330","30780"
"New entrant CS","2023","Driver and Vehicle Standards Agency","Outside London","565","[c]","26780","26780"
"New entrant CS","2023","Education Scotland","Outside London","50","[c]","44460","41640"
"New entrant CS","2023","Education and Skills Funding Agency","London","[c]","[c]","[c]","[c]"
"New entrant CS","2023","Education and Skills Funding Agency","Outside London","20","[c]","36910","30330"
"New entrant CS","2023","Estyn","Outside London","20","[c]","44630","30610"
"New entrant CS","2023","Food Standards Agency","London","20","[c]","34490","33000"
"New entrant CS","2023","Food Standards Agency","Outside London","145","[c]","32360","30960"
"New entrant CS","2023","Food Standards Scotland","Outside London","20","[c]","34160","33520"
"New entrant CS","2023","Government Actuary's Department","London","25","[c]","41550","30540"
"New entrant CS","2023","Government Actuary's Department","Outside London","[c]","[c]","[c]","[c]"
"New entrant CS","2023","Government Commercial Organisation","London","20","[c]","88510","73500"
"New entrant CS","2023","Government Commercial Organisation","Outside London","70","[c]","77180","70930"
"New entrant CS","2023","Government Commercial Organisation","Unknown","[c]","[c]","[c]","[c]"
"New entrant CS","2023","Government Internal Audit Agency","London","25","[c]","43660","43160"
"New entrant CS","2023","Government Internal Audit Agency","Outside London","25","[c]","46410","39200"
"New entrant CS","2023","Government Internal Audit Agency","Unknown","[c]","[c]","[c]","[c]"
"New entrant CS","2023","Government Legal Department","London","265","[c]","39600","31640"
"New entrant CS","2023","Government Legal Department","Outside London","55","[c]","43870","50460"
"New entrant CS","2023","Government Property Agency","London","20","[c]","47810","45700"
"New entrant CS","2023","Government Property Agency","Outside London","60","[c]","47810","41460"
"New entrant CS","2023","HM Courts and Tribunals Service","London","295","[c]","27910","25480"
"New entrant CS","2023","HM Courts and Tribunals Service","Outside London","1410","[c]","22880","21780"
"New entrant CS","2023","HM Courts and Tribunals Service","Unknown","15","[c]","23700","21780"
"New entrant CS","2023","HM Land Registry","London","30","[c]","36120","31680"
"New entrant CS","2023","HM Land Registry","Outside London","330","[c]","27760","23390"
"New entrant CS","2023","HM Prison and Probation Service","London","1165","[c]","30370","29090"
"New entrant CS","2023","HM Prison and Probation Service","Outside London","10405","[c]","25890","24070"
"New entrant CS","2023","HM Prison and Probation Service","Unknown","50","[c]","26760","28880"
"New entrant CS","2023","HM Revenue and Customs (excl. agencies)","London","480","[c]","35060","31980"
"New entrant CS","2023","HM Revenue and Customs (excl. agencies)","Outside London","4315","[c]","27280","22520"
"New entrant CS","2023","HM Treasury (excl. agencies)","London","185","[c]","31050","28500"
"New entrant CS","2023","HM Treasury (excl. agencies)","Outside London","80","[c]","29570","28500"
"New entrant CS","2023","Health and Safety Executive","London","15","[c]","34700","37180"
"New entrant CS","2023","Health and Safety Executive","Outside London","310","[c]","33450","27320"
"New entrant CS","2023","Home Office","London","1805","[c]","31190","29750"
"New entrant CS","2023","Home Office","Outside London","5925","[c]","24880","22400"
"New entrant CS","2023","Home Office","Overseas","5","[c]","[c]","[c]"
"New entrant CS","2023","Home Office","Unknown","50","[c]","26300","25750"
"New entrant CS","2023","Institute for Apprenticeships and Technical Education","London","15","[c]","38050","34480"
"New entrant CS","2023","Institute for Apprenticeships and Technical Education","Outside London","40","[c]","37200","37710"
"New entrant CS","2023","Intellectual Property Office","London","5","[c]","[c]","[c]"
"New entrant CS","2023","Intellectual Property Office","Outside London","75","[c]","41190","39910"
"New entrant CS","2023","Legal Aid Agency","London","[c]","[c]","[c]","[c]"
"New entrant CS","2023","Legal Aid Agency","Outside London","85","[c]","22170","21780"
"New entrant CS","2023","Maritime and Coastguard Agency","London","[c]","[c]","[c]","[c]"
"New entrant CS","2023","Maritime and Coastguard Agency","Outside London","185","[c]","30050","26780"
"New entrant CS","2023","Medicines and Healthcare Products Regulatory Agency","London","175","[c]","40920","33500"
"New entrant CS","2023","Medicines and Healthcare Products Regulatory Agency","Outside London","45","[c]","45000","37440"
"New entrant CS","2023","Met Office","London","[c]","[c]","[c]","[c]"
"New entrant CS","2023","Met Office","Outside London","260","[c]","30020","26650"
"New entrant CS","2023","Met Office","Overseas","[c]","[c]","[c]","[c]"
"New entrant CS","2023","Ministry of Defence (excl. agencies)","London","350","[c]","39220","37850"
"New entrant CS","2023","Ministry of Defence (excl. agencies)","Outside London","3065","[c]","30120","27080"
"New entrant CS","2023","Ministry of Defence (excl. agencies)","Overseas","50","[c]","46870","45690"
"New entrant CS","2023","Ministry of Defence (excl. agencies)","Unknown","[c]","[c]","[c]","[c]"
"New entrant CS","2023","Ministry of Justice (excl. agencies)","London","410","[c]","37960","35410"
"New entrant CS","2023","Ministry of Justice (excl. agencies)","Outside London","395","[c]","34340","31270"
"New entrant CS","2023","Ministry of Justice (excl. agencies)","Unknown","[c]","[c]","[c]","[c]"
"New entrant CS","2023","National Crime Agency","London","150","[c]","42780","37070"
"New entrant CS","2023","National Crime Agency","Outside London","360","[c]","36170","36040"
"New entrant CS","2023","National Crime Agency","Overseas","[c]","[c]","[c]","[c]"
"New entrant CS","2023","National Crime Agency","Unknown","[c]","[c]","[c]","[c]"
"New entrant CS","2023","National Infrastructure Commission","London","5","[c]","[c]","[c]"
"New entrant CS","2023","National Infrastructure Commission","Outside London","[c]","[c]","[c]","[c]"
"New entrant CS","2023","National Records of Scotland","Outside London","75","[c]","33520","29100"
"New entrant CS","2023","National Savings and Investments","London","25","[c]","47750","43750"
"New entrant CS","2023","National Savings and Investments","Outside London","10","[c]","39490","42290"
"New entrant CS","2023","Northern Ireland Office","London","5","[c]","[c]","[c]"
"New entrant CS","2023","Northern Ireland Office","Outside London","5","[c]","[c]","[c]"
"New entrant CS","2023","Office for Budget Responsibility","London","5","[c]","[c]","[c]"
"New entrant CS","2023","Office for Standards in Education, Children's Services and Skills","London","80","[c]","48820","43840"
"New entrant CS","2023","Office for Standards in Education, Children's Services and Skills","Outside London","380","[c]","50330","47750"
"New entrant CS","2023","Office of Gas and Electricity Markets","London","260","[c]","43720","40000"
"New entrant CS","2023","Office of Gas and Electricity Markets","Outside London","210","[c]","34540","29380"
"New entrant CS","2023","Office of Qualifications and Examinations Regulation","Outside London","85","[c]","37170","33230"
"New entrant CS","2023","Office of Rail and Road","London","25","[c]","43760","43520"
"New entrant CS","2023","Office of Rail and Road","Outside London","20","[c]","43660","43000"
"New entrant CS","2023","Office of the Public Guardian","London","[c]","[c]","[c]","[c]"
"New entrant CS","2023","Office of the Public Guardian","Outside London","335","[c]","22480","21780"
"New entrant CS","2023","Office of the Public Guardian","Unknown","[c]","[c]","[c]","[c]"
"New entrant CS","2023","Office of the Scottish Charity Regulator","Outside London","5","[c]","[c]","[c]"
"New entrant CS","2023","Office of the Secretary of State for Scotland (incl. Office of the Advocate General for Scotland)","London","10","[c]","37500","32120"
"New entrant CS","2023","Office of the Secretary of State for Scotland (incl. Office of the Advocate General for Scotland)","Outside London","15","[c]","45170","52360"
"New entrant CS","2023","Office of the Secretary of State for Wales","London","5","[c]","[c]","[c]"
"New entrant CS","2023","Office of the Secretary of State for Wales","Outside London","[c]","[c]","[c]","[c]"
"New entrant CS","2023","Planning Inspectorate","London","5","[c]","[c]","[c]"
"New entrant CS","2023","Planning Inspectorate","Outside London","135","[c]","39460","41840"
"New entrant CS","2023","Queen Elizabeth II Centre","London","10","[c]","[c]","[c]"
"New entrant CS","2023","Registers of Scotland","Outside London","55","[c]","30270","24010"
"New entrant CS","2023","Revenue Scotland","Outside London","15","[c]","38820","29450"
"New entrant CS","2023","Royal Fleet Auxiliary","Unknown","150","[c]","22470","17530"
"New entrant CS","2023","Rural Payments Agency","London","[c]","[c]","[c]","[c]"
"New entrant CS","2023","Rural Payments Agency","Outside London","420","[c]","23190","22150"
"New entrant CS","2023","Scottish Courts and Tribunals Service","Outside London","235","[c]","26870","23190"
"New entrant CS","2023","Scottish Fiscal Commission","Outside London","5","[c]","[c]","[c]"
"New entrant CS","2023","Scottish Government (excl. agencies)","London","[c]","[c]","[c]","[c]"
"New entrant CS","2023","Scottish Government (excl. agencies)","Outside London","875","[c]","39360","33520"
"New entrant CS","2023","Scottish Government (excl. agencies)","Overseas","5","[c]","[c]","[c]"
"New entrant CS","2023","Scottish Housing Regulator","Outside London","[c]","[c]","[c]","[c]"
"New entrant CS","2023","Scottish Prison Service","Outside London","405","[c]","27290","24710"
"New entrant CS","2023","Scottish Public Pensions Agency","Outside London","70","[c]","27310","25710"
"New entrant CS","2023","Serious Fraud Office","London","65","[c]","41020","33330"
"New entrant CS","2023","Social Security Scotland","Outside London","1845","[c]","28320","29100"
"New entrant CS","2023","Standards and Testing Agency","London","[c]","[c]","[c]","[c]"
"New entrant CS","2023","Standards and Testing Agency","Outside London","5","[c]","[c]","[c]"
"New entrant CS","2023","Student Awards Agency for Scotland","Outside London","70","[c]","24670","22180"
"New entrant CS","2023","Submarine Delivery Agency","Outside London","260","[c]","33460","32500"
"New entrant CS","2023","Teaching Regulation Agency","Outside London","10","[c]","[c]","[c]"
"New entrant CS","2023","The Insolvency Service","London","[c]","[c]","[c]","[c]"
"New entrant CS","2023","The Insolvency Service","Outside London","65","[c]","29020","22180"
"New entrant CS","2023","The National Archives","London","100","[c]","31720","29840"
"New entrant CS","2023","The National Archives","Outside London","[c]","[c]","[c]","[c]"
"New entrant CS","2023","Transport Scotland","Outside London","50","[c]","36500","33520"
"New entrant CS","2023","UK Debt Management Office","London","15","[c]","61120","61000"
"New entrant CS","2023","UK Export Finance","London","95","[c]","48470","42000"
"New entrant CS","2023","UK Health Security Agency","London","385","[c]","44470","40490"
"New entrant CS","2023","UK Health Security Agency","Outside London","580","[c]","39600","33710"
"New entrant CS","2023","UK Hydrographic Office","Outside London","110","[c]","30690","27610"
"New entrant CS","2023","UK Space Agency","London","5","[c]","[c]","[c]"
"New entrant CS","2023","UK Space Agency","Outside London","10","[c]","[c]","[c]"
"New entrant CS","2023","UK Statistics Authority","London","45","[c]","47200","40690"
"New entrant CS","2023","UK Statistics Authority","Outside London","1050","[c]","28890","24840"
"New entrant CS","2023","UK Supreme Court","London","25","[c]","33270","34240"
"New entrant CS","2023","Valuation Office Agency","London","45","[c]","33010","29660"
"New entrant CS","2023","Valuation Office Agency","Outside London","330","[c]","24620","22520"
"New entrant CS","2023","Vehicle Certification Agency","Outside London","25","[c]","27120","27240"
"New entrant CS","2023","Veterinary Medicines Directorate","Outside London","10","[c]","39610","40260"
"New entrant CS","2023","Water Services Regulation Authority","London","20","[c]","49540","45000"
"New entrant CS","2023","Water Services Regulation Authority","Outside London","30","[c]","50240","48500"
"New entrant CS","2023","Welsh Government (excl. agencies)","London","[c]","[c]","[c]","[c]"
"New entrant CS","2023","Welsh Government (excl. agencies)","Outside London","310","[c]","33930","32460"
"New entrant CS","2023","Welsh Revenue Authority","London","[c]","[c]","[c]","[c]"
"New entrant CS","2023","Wilton Park","Outside London","15","[c]","29930","25030"
"Notes","Summary figures are suppressed when information relates to less than 5 civil servants for FTE or Headcount, and less than 10 civil servants for median and mean salary (shown as [c]). Zero responses and salaries for less than 30 civil servants have been suppressed for GPDR special category data. FTE figures are not shown for entrants or leavers due to data quality concerns for these groups. Figures are rounded to the nearest 5, or 10 as appropriate.","","","","","",""
"Data source","All figures are aggregated from the Cabinet Office Annual Civil Service Employment Survey collection. https://www.gov.uk/government/collections/civil-service-statistics","","","","","",""
"Version","Generated on 2023-07-26, with GIT d545f65.","","","","","",""
"Data column","Description","","","","","",""
"Status","Employment status of the civil servants.","","","","","",""
"","In post - includes staff that were in post on the reference date (31 March).","","","","","",""
"","New entrant CS - includes new entrants to the Civil Service over the year (1 April to 31 March).","","","","","",""
"","Leaver CS - includes leavers from the Civil Service over the year (1 April to 31 March). This includes employees who have an Unknown leaving cause.","","","","","",""
"","Leaver Dept. - includes leavers from the department over the year (1 April to 31 March), who did not leave the Civil Service.","","","","","",""
"","Four organisations do not report when their employees first entered the Civil Service and so entrants data for these organisations is not available . These are as follows: Foreign Commonwealth and Development Office (excl. agencies), Foreign Commonwealth and Development Office Services, Scottish Forestry and Forest and Land Scotland. A further three organisations also could not provide entrants data in 2021. These are as follows: Department for International Development, Foreign and Commonwealth Office (excl. agencies) and Royal Fleet Auxiliary.","","","","","",""
"Year","Year of data collection (as at 31 March).","","","","","",""
"Organisation","Executive Agencies, Ministerial and Non-Ministerial Departments, Crown Non-departmental Public Bodies.","","","","","",""
"Region_london","Workplace postcode data are used to derive geographical information using the International Territorial Level (ITL) classification standard.","","","","","",""
"","Region_london groups the ITL classifications into ""London"", ""Outside London"": all UK regions excluding London, ""Overseas"", and ""Unknown"".","","","","","",""
"Headcount","Total number of civil servants (rounded to nearest 5).","","","","","",""
"FTE","Total full-time equivalent (FTE) employment numbers (rounded to nearest 5).","","","","","",""
"","FTE figures are not shown for entrants or leavers due to data quality concerns for these groups.","","","","","",""
"Mean_salary","Average salary (mean, rounded to nearest 10). For part-time employees, salaries represent the full-time equivalent earnings, while for full-time employees they are the actual annual gross salaries.","","","","","",""
"","These figures should be interpreted with caution when the total number of employees in a group is small, as they will tend to show more variability than larger groups (i.e. may be much higher or lower than can be explained by the data shown).","","","","","",""
"Median_salary","Median salary (rounded to nearest 10). For part-time employees, salaries represent the full-time equivalent earnings, while for full-time employees they are the actual annual gross salaries.","","","","","",""
"","These figures should be interpreted with caution when the total number of employees in a group is small, as they will tend to show more variability than larger groups (i.e. may be much higher or lower than can be explained by the data shown).","","","","","",""
